accession,source,action,p_purify,wrap_score,wrap_amenable,levers,why,detergent_extract,detergent_polish,detergent_rescue,detergent_avoid,detergent_why
NYCOMPS-GO.3101,tt_expressed_not_purified,wrap_rescue,0.4531,0.75,1,add a fusion-able N- or C-terminus,standard purify looks unlikely; termini/TM belt look WRAP-amenable,1% w/v DDM,0.03% w/v DDM (IMAC/SEC),LMNG / DMNG / GDN,fos-choline and PEG as 'stability' detergents (Kotov); glucosides weaker on IMAC (Högbom),Lin/Kotov/Högbom first-line helical IMP extract (DDM)
MPP-GO.121688,tt_expressed_not_purified,standard,0.6296,0.05,0,drop sequons or use a prokaryotic host; reduce disulfides / skip eukaryotic folding; trim a long extramembrane loop,sequence resembles TargetTrack purified (given expression),1% w/v DDM,0.03% w/v DDM (IMAC/SEC),LMNG / DMNG / GDN,fos-choline and PEG as 'stability' detergents (Kotov); glucosides weaker on IMAC (Högbom),Lin/Kotov/Högbom first-line helical IMP extract (DDM)
NYCOMPS-GO.1569,tt_expressed_not_purified,standard,0.5856,0.35,0,trim a long extramembrane loop,sequence resembles TargetTrack purified (given expression),1% w/v DDM,0.03% w/v DDM (IMAC/SEC),LMNG / DMNG / GDN,fos-choline and PEG as 'stability' detergents (Kotov); glucosides weaker on IMAC (Högbom),Lin/Kotov/Högbom first-line helical IMP extract (DDM)
NYCOMPS-GO.6312,tt_expressed_not_purified,wrap_rescue,0.5406,0.75,1,,standard purify looks unlikely; termini/TM belt look WRAP-amenable,1% w/v DDM,0.03% w/v DDM (IMAC/SEC),LMNG / DMNG / GDN,fos-choline and PEG as 'stability' detergents (Kotov); glucosides weaker on IMAC (Högbom),Lin/Kotov/Högbom first-line helical IMP extract (DDM)
NYCOMPS-GO.8587,tt_expressed_not_purified,wrap_rescue,0.5405,0.75,1,trim a long extramembrane loop,standard purify looks unlikely; termini/TM belt look WRAP-amenable,1% w/v DDM,0.03% w/v DDM (IMAC/SEC),LMNG / DMNG / GDN,fos-choline and PEG as 'stability' detergents (Kotov); glucosides weaker on IMAC (Högbom),Lin/Kotov/Högbom first-line helical IMP extract (DDM)
NYCOMPS-GO.8726,tt_expressed_not_purified,wrap_rescue,0.5441,0.75,1,,standard purify looks unlikely; termini/TM belt look WRAP-amenable,1% w/v DDM,0.03% w/v DDM (IMAC/SEC),LMNG / DMNG / GDN,fos-choline and PEG as 'stability' detergents (Kotov); glucosides weaker on IMAC (Högbom),Lin/Kotov/Högbom first-line helical IMP extract (DDM)
MPP-GO.124191,tt_expressed_not_purified,redesign,0.4588,0.15,0,reduce disulfides / skip eukaryotic folding; trim a long extramembrane loop,reduce disulfides / skip eukaryotic folding; trim a long extramembrane loop,1% w/v DDM,0.03% w/v DDM (IMAC/SEC),LMNG / DMNG / GDN,fos-choline and PEG as 'stability' detergents (Kotov); glucosides weaker on IMAC (Högbom),Lin/Kotov/Högbom first-line helical IMP extract (DDM)
MPP-GO.120257,tt_expressed_not_purified,deprioritize,0.4771,0.0,0,,"low purify score, not WRAP-amenable, no obvious construct lever",1% w/v DDM,0.03% w/v DDM (IMAC/SEC),LMNG / DMNG / GDN,fos-choline and PEG as 'stability' detergents (Kotov); glucosides weaker on IMAC (Högbom),Lin/Kotov/Högbom first-line helical IMP extract (DDM)
NYCOMPS-GO.19431,tt_expressed_not_purified,redesign,0.5087,0.0,0,shorten or split the construct; drop sequons or use a prokaryotic host; trim a long extramembrane loop,shorten or split the construct; drop sequons or use a prokaryotic host; trim a long extramembrane loop,1% w/v DDM,0.03% w/v DDM (IMAC/SEC),LMNG / DMNG / GDN,fos-choline and PEG as 'stability' detergents (Kotov); glucosides weaker on IMAC (Högbom),Lin/Kotov/Högbom first-line helical IMP extract (DDM)
MPP-GO.111408,tt_expressed_not_purified,redesign,0.3876,0.15,0,trim a long extramembrane loop,trim a long extramembrane loop,1% w/v DDM,0.03% w/v DDM (IMAC/SEC),LMNG / DMNG / GDN,fos-choline and PEG as 'stability' detergents (Kotov); glucosides weaker on IMAC (Högbom),Lin/Kotov/Högbom first-line helical IMP extract (DDM)
NYCOMPS-GO.9745,tt_expressed_not_purified,redesign,0.4432,0.35,0,trim a long extramembrane loop,trim a long extramembrane loop,1% w/v DDM,0.03% w/v DDM (IMAC/SEC),LMNG / DMNG / GDN,fos-choline and PEG as 'stability' detergents (Kotov); glucosides weaker on IMAC (Högbom),Lin/Kotov/Högbom first-line helical IMP extract (DDM)
NYCOMPS-GO.8403,tt_expressed_not_purified,deprioritize,0.4994,0.15,0,,"low purify score, not WRAP-amenable, no obvious construct lever",1% w/v DDM,0.03% w/v DDM (IMAC/SEC),LMNG / DMNG / GDN,fos-choline and PEG as 'stability' detergents (Kotov); glucosides weaker on IMAC (Högbom),Lin/Kotov/Högbom first-line helical IMP extract (DDM)
NYCOMPS-GO.2606,tt_expressed_not_purified,redesign,0.5119,0.35,0,trim a long extramembrane loop,trim a long extramembrane loop,1% w/v DDM,0.03% w/v DDM (IMAC/SEC),LMNG / DMNG / GDN,fos-choline and PEG as 'stability' detergents (Kotov); glucosides weaker on IMAC (Högbom),Lin/Kotov/Högbom first-line helical IMP extract (DDM)
NYCOMPS-GO.3011,tt_expressed_not_purified,standard,0.5511,0.05,0,drop sequons or use a prokaryotic host; trim a long extramembrane loop,sequence resembles TargetTrack purified (given expression),1% w/v DDM,0.03% w/v DDM (IMAC/SEC),LMNG / DMNG / GDN,fos-choline and PEG as 'stability' detergents (Kotov); glucosides weaker on IMAC (Högbom),Lin/Kotov/Högbom first-line helical IMP extract (DDM)
MPP-GO.118770,tt_expressed_not_purified,deprioritize,0.5039,0.15,0,,"low purify score, not WRAP-amenable, no obvious construct lever",1% w/v DDM,0.03% w/v DDM (IMAC/SEC),LMNG / DMNG / GDN,fos-choline and PEG as 'stability' detergents (Kotov); glucosides weaker on IMAC (Högbom),Lin/Kotov/Högbom first-line helical IMP extract (DDM)
MPP-GO.128389,tt_expressed_not_purified,redesign,0.51,0.15,0,trim a long extramembrane loop,trim a long extramembrane loop,1% w/v DDM,0.03% w/v DDM (IMAC/SEC),LMNG / DMNG / GDN,fos-choline and PEG as 'stability' detergents (Kotov); glucosides weaker on IMAC (Högbom),Lin/Kotov/Högbom first-line helical IMP extract (DDM)
MPP-GO.120245,tt_expressed_not_purified,deprioritize,0.5034,0.0,0,,"low purify score, not WRAP-amenable, no obvious construct lever",1% w/v DDM,0.03% w/v DDM (IMAC/SEC),LMNG / DMNG / GDN,fos-choline and PEG as 'stability' detergents (Kotov); glucosides weaker on IMAC (Högbom),Lin/Kotov/Högbom first-line helical IMP extract (DDM)
NYCOMPS-GO.10052,tt_expressed_not_purified,deprioritize,0.2293,0.35,0,,"low purify score, not WRAP-amenable, no obvious construct lever",1% w/v DDM,0.03% w/v DDM (IMAC/SEC),LMNG / DMNG / GDN,fos-choline and PEG as 'stability' detergents (Kotov); glucosides weaker on IMAC (Högbom),Lin/Kotov/Högbom first-line helical IMP extract (DDM)
NYCOMPS-GO.2527,tt_expressed_not_purified,standard,0.5535,0.35,0,,sequence resembles TargetTrack purified (given expression),1% w/v DDM,0.03% w/v DDM (IMAC/SEC),LMNG / DMNG / GDN,fos-choline and PEG as 'stability' detergents (Kotov); glucosides weaker on IMAC (Högbom),Lin/Kotov/Högbom first-line helical IMP extract (DDM)
NYCOMPS-GO.13924,tt_expressed_not_purified,redesign,0.4859,0.35,0,trim a long extramembrane loop,trim a long extramembrane loop,1% w/v DDM,0.03% w/v DDM (IMAC/SEC),LMNG / DMNG / GDN,fos-choline and PEG as 'stability' detergents (Kotov); glucosides weaker on IMAC (Högbom),Lin/Kotov/Högbom first-line helical IMP extract (DDM)
NYCOMPS-GO.2255,tt_expressed_not_purified,deprioritize,0.4074,0.35,0,,"low purify score, not WRAP-amenable, no obvious construct lever",1% w/v DDM,0.03% w/v DDM (IMAC/SEC),LMNG / DMNG / GDN,fos-choline and PEG as 'stability' detergents (Kotov); glucosides weaker on IMAC (Högbom),Lin/Kotov/Högbom first-line helical IMP extract (DDM)
NYCOMPS-GO.4042,tt_expressed_not_purified,deprioritize,0.4756,0.35,0,,"low purify score, not WRAP-amenable, no obvious construct lever",1% w/v DDM,0.03% w/v DDM (IMAC/SEC),LMNG / DMNG / GDN,fos-choline and PEG as 'stability' detergents (Kotov); glucosides weaker on IMAC (Högbom),Lin/Kotov/Högbom first-line helical IMP extract (DDM)
NYCOMPS-GO.19412,tt_expressed_not_purified,redesign,0.4577,0.15,0,trim a long extramembrane loop,trim a long extramembrane loop,1% w/v DDM,0.03% w/v DDM (IMAC/SEC),LMNG / DMNG / GDN,fos-choline and PEG as 'stability' detergents (Kotov); glucosides weaker on IMAC (Högbom),Lin/Kotov/Högbom first-line helical IMP extract (DDM)
NYCOMPS-GO.12684,tt_expressed_not_purified,redesign,0.3994,0.15,0,trim a long extramembrane loop,trim a long extramembrane loop,1% w/v DDM,0.03% w/v DDM (IMAC/SEC),LMNG / DMNG / GDN,fos-choline and PEG as 'stability' detergents (Kotov); glucosides weaker on IMAC (Högbom),Lin/Kotov/Högbom first-line helical IMP extract (DDM)
TransportPDB-0280,tt_expressed_not_purified,redesign,0.5311,0.25,0,shorten or split the construct; drop sequons or use a prokaryotic host; reduce disulfides / skip eukaryotic folding; trim a long extramembrane loop,shorten or split the construct; drop sequons or use a prokaryotic host; reduce disulfides / skip eukaryotic folding; trim a long extramembrane loop,1% w/v DDM,0.03% w/v DDM (IMAC/SEC),LMNG / DMNG / GDN,fos-choline and PEG as 'stability' detergents (Kotov); glucosides weaker on IMAC (Högbom),Lin/Kotov/Högbom first-line helical IMP extract (DDM)
NYCOMPS-GO.7188,tt_expressed_not_purified,redesign,0.5331,0.35,0,trim a long extramembrane loop,trim a long extramembrane loop,1% w/v DDM,0.03% w/v DDM (IMAC/SEC),LMNG / DMNG / GDN,fos-choline and PEG as 'stability' detergents (Kotov); glucosides weaker on IMAC (Högbom),Lin/Kotov/Högbom first-line helical IMP extract (DDM)
NYCOMPS-GO.15426,tt_expressed_not_purified,wrap_rescue,0.5178,0.65,1,drop sequons or use a prokaryotic host; reduce disulfides / skip eukaryotic folding; trim a long extramembrane loop,standard purify looks unlikely; termini/TM belt look WRAP-amenable,1% w/v DDM,0.03% w/v DDM (IMAC/SEC),LMNG / DMNG / GDN,fos-choline and PEG as 'stability' detergents (Kotov); glucosides weaker on IMAC (Högbom),Lin/Kotov/Högbom first-line helical IMP extract (DDM)
NYCOMPS-GO.9752,tt_expressed_not_purified,redesign,0.5169,0.15,0,trim a long extramembrane loop,trim a long extramembrane loop,1% w/v DDM,0.03% w/v DDM (IMAC/SEC),LMNG / DMNG / GDN,fos-choline and PEG as 'stability' detergents (Kotov); glucosides weaker on IMAC (Högbom),Lin/Kotov/Högbom first-line helical IMP extract (DDM)
NYCOMPS-GO.8679,tt_expressed_not_purified,wrap_rescue,0.4572,0.55,1,trim a long extramembrane loop,standard purify looks unlikely; termini/TM belt look WRAP-amenable,1% w/v DDM,0.03% w/v DDM (IMAC/SEC),LMNG / DMNG / GDN,fos-choline and PEG as 'stability' detergents (Kotov); glucosides weaker on IMAC (Högbom),Lin/Kotov/Högbom first-line helical IMP extract (DDM)
NYCOMPS-GO.13780,tt_expressed_not_purified,standard,0.5616,0.75,1,trim a long extramembrane loop,sequence resembles TargetTrack purified (given expression),1% w/v DDM,0.03% w/v DDM (IMAC/SEC),LMNG / DMNG / GDN,fos-choline and PEG as 'stability' detergents (Kotov); glucosides weaker on IMAC (Högbom),Lin/Kotov/Högbom first-line helical IMP extract (DDM)
NYCOMPS-GO.19463,tt_expressed_not_purified,wrap_rescue,0.5406,0.75,1,trim a long extramembrane loop,standard purify looks unlikely; termini/TM belt look WRAP-amenable,1% w/v DDM,0.03% w/v DDM (IMAC/SEC),LMNG / DMNG / GDN,fos-choline and PEG as 'stability' detergents (Kotov); glucosides weaker on IMAC (Högbom),Lin/Kotov/Högbom first-line helical IMP extract (DDM)
NYCOMPS-GO.5165,tt_expressed_not_purified,wrap_rescue,0.5096,0.75,1,,standard purify looks unlikely; termini/TM belt look WRAP-amenable,1% w/v DDM,0.03% w/v DDM (IMAC/SEC),LMNG / DMNG / GDN,fos-choline and PEG as 'stability' detergents (Kotov); glucosides weaker on IMAC (Högbom),Lin/Kotov/Högbom first-line helical IMP extract (DDM)
NYCOMPS-GO.938,tt_expressed_not_purified,deprioritize,0.4663,0.35,0,,"low purify score, not WRAP-amenable, no obvious construct lever",1% w/v DDM,0.03% w/v DDM (IMAC/SEC),LMNG / DMNG / GDN,fos-choline and PEG as 'stability' detergents (Kotov); glucosides weaker on IMAC (Högbom),Lin/Kotov/Högbom first-line helical IMP extract (DDM)
NYCOMPS-GO.2183,tt_expressed_not_purified,standard,0.612,0.35,0,,sequence resembles TargetTrack purified (given expression),1% w/v DDM,0.03% w/v DDM (IMAC/SEC),LMNG / DMNG / GDN,fos-choline and PEG as 'stability' detergents (Kotov); glucosides weaker on IMAC (Högbom),Lin/Kotov/Högbom first-line helical IMP extract (DDM)
NYCOMPS-GO.2985,tt_expressed_not_purified,standard,0.6398,0.15,0,trim a long extramembrane loop,sequence resembles TargetTrack purified (given expression),1% w/v DDM,0.03% w/v DDM (IMAC/SEC),LMNG / DMNG / GDN,fos-choline and PEG as 'stability' detergents (Kotov); glucosides weaker on IMAC (Högbom),Lin/Kotov/Högbom first-line helical IMP extract (DDM)
NYCOMPS-GO.8733,tt_expressed_not_purified,wrap_rescue,0.4291,0.95,1,,standard purify looks unlikely; termini/TM belt look WRAP-amenable,1% w/v DDM,0.03% w/v DDM (IMAC/SEC),LMNG / DMNG / GDN,fos-choline and PEG as 'stability' detergents (Kotov); glucosides weaker on IMAC (Högbom),Lin/Kotov/Högbom first-line helical IMP extract (DDM)
NYCOMPS-GO.13485,tt_expressed_not_purified,wrap_rescue,0.5166,0.75,1,trim a long extramembrane loop,standard purify looks unlikely; termini/TM belt look WRAP-amenable,1% w/v DDM,0.03% w/v DDM (IMAC/SEC),LMNG / DMNG / GDN,fos-choline and PEG as 'stability' detergents (Kotov); glucosides weaker on IMAC (Högbom),Lin/Kotov/Högbom first-line helical IMP extract (DDM)
NYCOMPS-GO.5259,tt_expressed_not_purified,deprioritize,0.4957,0.35,0,,"low purify score, not WRAP-amenable, no obvious construct lever",1% w/v DDM,0.03% w/v DDM (IMAC/SEC),LMNG / DMNG / GDN,fos-choline and PEG as 'stability' detergents (Kotov); glucosides weaker on IMAC (Högbom),Lin/Kotov/Högbom first-line helical IMP extract (DDM)
NYCOMPS-GO.5092,tt_expressed_not_purified,redesign,0.4458,0.15,0,trim a long extramembrane loop,trim a long extramembrane loop,1% w/v DDM,0.03% w/v DDM (IMAC/SEC),LMNG / DMNG / GDN,fos-choline and PEG as 'stability' detergents (Kotov); glucosides weaker on IMAC (Högbom),Lin/Kotov/Högbom first-line helical IMP extract (DDM)
CSMP-1052C,tt_expressed_not_purified,redesign,0.5279,0.0,0,shorten or split the construct; trim a long extramembrane loop,shorten or split the construct; trim a long extramembrane loop,1% w/v DDM,0.03% w/v DDM (IMAC/SEC),LMNG / DMNG / GDN,fos-choline and PEG as 'stability' detergents (Kotov); glucosides weaker on IMAC (Högbom),Lin/Kotov/Högbom first-line helical IMP extract (DDM)
NYCOMPS-GO.19322,tt_expressed_not_purified,redesign,0.3643,0.15,0,trim a long extramembrane loop,trim a long extramembrane loop,1% w/v DDM,0.03% w/v DDM (IMAC/SEC),LMNG / DMNG / GDN,fos-choline and PEG as 'stability' detergents (Kotov); glucosides weaker on IMAC (Högbom),Lin/Kotov/Högbom first-line helical IMP extract (DDM)
NYCOMPS-GO.4950,tt_expressed_not_purified,redesign,0.4044,0.35,0,trim a long extramembrane loop,trim a long extramembrane loop,1% w/v DDM,0.03% w/v DDM (IMAC/SEC),LMNG / DMNG / GDN,fos-choline and PEG as 'stability' detergents (Kotov); glucosides weaker on IMAC (Högbom),Lin/Kotov/Högbom first-line helical IMP extract (DDM)
MPSBC-Tok1pSm,tt_expressed_not_purified,redesign,0.4999,0.05,0,drop sequons or use a prokaryotic host; reduce disulfides / skip eukaryotic folding; trim a long extramembrane loop,drop sequons or use a prokaryotic host; reduce disulfides / skip eukaryotic folding; trim a long extramembrane loop,1% w/v DDM,0.03% w/v DDM (IMAC/SEC),LMNG / DMNG / GDN,fos-choline and PEG as 'stability' detergents (Kotov); glucosides weaker on IMAC (Högbom),Lin/Kotov/Högbom first-line helical IMP extract (DDM)
NYCOMPS-GO.10392,tt_expressed_not_purified,wrap_rescue,0.3703,0.95,1,add a fusion-able N- or C-terminus,standard purify looks unlikely; termini/TM belt look WRAP-amenable,1% w/v DDM,0.03% w/v DDM (IMAC/SEC),LMNG / DMNG / GDN,fos-choline and PEG as 'stability' detergents (Kotov); glucosides weaker on IMAC (Högbom),Lin/Kotov/Högbom first-line helical IMP extract (DDM)
NYCOMPS-GO.2528,tt_expressed_not_purified,wrap_rescue,0.4407,0.75,1,trim a long extramembrane loop,standard purify looks unlikely; termini/TM belt look WRAP-amenable,1% w/v DDM,0.03% w/v DDM (IMAC/SEC),LMNG / DMNG / GDN,fos-choline and PEG as 'stability' detergents (Kotov); glucosides weaker on IMAC (Högbom),Lin/Kotov/Högbom first-line helical IMP extract (DDM)
MPP-GO.118708,tt_expressed_not_purified,redesign,0.4098,0.15,0,reduce disulfides / skip eukaryotic folding; trim a long extramembrane loop,reduce disulfides / skip eukaryotic folding; trim a long extramembrane loop,1% w/v DDM,0.03% w/v DDM (IMAC/SEC),LMNG / DMNG / GDN,fos-choline and PEG as 'stability' detergents (Kotov); glucosides weaker on IMAC (Högbom),Lin/Kotov/Högbom first-line helical IMP extract (DDM)
TransportPDB-0013,tt_expressed_not_purified,redesign,0.4205,0.15,0,reduce disulfides / skip eukaryotic folding; trim a long extramembrane loop,reduce disulfides / skip eukaryotic folding; trim a long extramembrane loop,1% w/v DDM,0.03% w/v DDM (IMAC/SEC),LMNG / DMNG / GDN,fos-choline and PEG as 'stability' detergents (Kotov); glucosides weaker on IMAC (Högbom),Lin/Kotov/Högbom first-line helical IMP extract (DDM)
CSMP-2254S,tt_expressed_not_purified,standard,0.6446,0.65,1,drop sequons or use a prokaryotic host; reduce disulfides / skip eukaryotic folding; trim a long extramembrane loop,sequence resembles TargetTrack purified (given expression),1% w/v DDM,0.03% w/v DDM (IMAC/SEC),LMNG / DMNG / GDN,fos-choline and PEG as 'stability' detergents (Kotov); glucosides weaker on IMAC (Högbom),Lin/Kotov/Högbom first-line helical IMP extract (DDM)
MPSBC-Ste24pSm,tt_expressed_not_purified,redesign,0.5005,0.35,0,trim a long extramembrane loop,trim a long extramembrane loop,1% w/v DDM,0.03% w/v DDM (IMAC/SEC),LMNG / DMNG / GDN,fos-choline and PEG as 'stability' detergents (Kotov); glucosides weaker on IMAC (Högbom),Lin/Kotov/Högbom first-line helical IMP extract (DDM)
NYCOMPS-GO.7742,tt_expressed_not_purified,wrap_rescue,0.5486,0.75,1,add a fusion-able N- or C-terminus,standard purify looks unlikely; termini/TM belt look WRAP-amenable,1% w/v DDM,0.03% w/v DDM (IMAC/SEC),LMNG / DMNG / GDN,fos-choline and PEG as 'stability' detergents (Kotov); glucosides weaker on IMAC (Högbom),Lin/Kotov/Högbom first-line helical IMP extract (DDM)
NYCOMPS-GO.11298,tt_expressed_not_purified,redesign,0.4662,0.35,0,trim a long extramembrane loop,trim a long extramembrane loop,1% w/v DDM,0.03% w/v DDM (IMAC/SEC),LMNG / DMNG / GDN,fos-choline and PEG as 'stability' detergents (Kotov); glucosides weaker on IMAC (Högbom),Lin/Kotov/Högbom first-line helical IMP extract (DDM)
NYCOMPS-GO.14876,tt_expressed_not_purified,redesign,0.5305,0.25,0,drop sequons or use a prokaryotic host; trim a long extramembrane loop,drop sequons or use a prokaryotic host; trim a long extramembrane loop,1% w/v DDM,0.03% w/v DDM (IMAC/SEC),LMNG / DMNG / GDN,fos-choline and PEG as 'stability' detergents (Kotov); glucosides weaker on IMAC (Högbom),Lin/Kotov/Högbom first-line helical IMP extract (DDM)
NYCOMPS-GO.12157,tt_expressed_not_purified,standard,0.5866,0.75,1,trim a long extramembrane loop,sequence resembles TargetTrack purified (given expression),1% w/v DDM,0.03% w/v DDM (IMAC/SEC),LMNG / DMNG / GDN,fos-choline and PEG as 'stability' detergents (Kotov); glucosides weaker on IMAC (Högbom),Lin/Kotov/Högbom first-line helical IMP extract (DDM)
NYCOMPS-GO.9597,tt_expressed_not_purified,standard,0.6365,0.35,0,,sequence resembles TargetTrack purified (given expression),1% w/v DDM,0.03% w/v DDM (IMAC/SEC),LMNG / DMNG / GDN,fos-choline and PEG as 'stability' detergents (Kotov); glucosides weaker on IMAC (Högbom),Lin/Kotov/Högbom first-line helical IMP extract (DDM)
NYCOMPS-GO.14013,tt_expressed_not_purified,wrap_rescue,0.4579,0.75,1,add a fusion-able N- or C-terminus; trim a long extramembrane loop,standard purify looks unlikely; termini/TM belt look WRAP-amenable,1% w/v DDM,0.03% w/v DDM (IMAC/SEC),LMNG / DMNG / GDN,fos-choline and PEG as 'stability' detergents (Kotov); glucosides weaker on IMAC (Högbom),Lin/Kotov/Högbom first-line helical IMP extract (DDM)
MPSBC-Ers1pSm,tt_expressed_not_purified,standard,0.6148,0.35,0,trim a long extramembrane loop,sequence resembles TargetTrack purified (given expression),1% w/v DDM,0.03% w/v DDM (IMAC/SEC),LMNG / DMNG / GDN,fos-choline and PEG as 'stability' detergents (Kotov); glucosides weaker on IMAC (Högbom),Lin/Kotov/Högbom first-line helical IMP extract (DDM)
NYCOMPS-GO.7734,tt_expressed_not_purified,wrap_rescue,0.4672,0.95,1,,standard purify looks unlikely; termini/TM belt look WRAP-amenable,1% w/v DDM,0.03% w/v DDM (IMAC/SEC),LMNG / DMNG / GDN,fos-choline and PEG as 'stability' detergents (Kotov); glucosides weaker on IMAC (Högbom),Lin/Kotov/Högbom first-line helical IMP extract (DDM)
NYCOMPS-GO.13875,tt_expressed_not_purified,standard,0.6271,0.75,1,trim a long extramembrane loop,sequence resembles TargetTrack purified (given expression),1% w/v DDM,0.03% w/v DDM (IMAC/SEC),LMNG / DMNG / GDN,fos-choline and PEG as 'stability' detergents (Kotov); glucosides weaker on IMAC (Högbom),Lin/Kotov/Högbom first-line helical IMP extract (DDM)
NYCOMPS-GO.6681,tt_expressed_not_purified,wrap_rescue,0.4464,0.75,1,trim a long extramembrane loop,standard purify looks unlikely; termini/TM belt look WRAP-amenable,1% w/v DDM,0.03% w/v DDM (IMAC/SEC),LMNG / DMNG / GDN,fos-choline and PEG as 'stability' detergents (Kotov); glucosides weaker on IMAC (Högbom),Lin/Kotov/Högbom first-line helical IMP extract (DDM)
NYCOMPS-GO.3327,tt_expressed_not_purified,redesign,0.3755,0.15,0,trim a long extramembrane loop,trim a long extramembrane loop,1% w/v DDM,0.03% w/v DDM (IMAC/SEC),LMNG / DMNG / GDN,fos-choline and PEG as 'stability' detergents (Kotov); glucosides weaker on IMAC (Högbom),Lin/Kotov/Högbom first-line helical IMP extract (DDM)
NYCOMPS-GO.7068,tt_expressed_not_purified,deprioritize,0.4487,0.35,0,,"low purify score, not WRAP-amenable, no obvious construct lever",1% w/v DDM,0.03% w/v DDM (IMAC/SEC),LMNG / DMNG / GDN,fos-choline and PEG as 'stability' detergents (Kotov); glucosides weaker on IMAC (Högbom),Lin/Kotov/Högbom first-line helical IMP extract (DDM)
ISFI-ISFI20,tt_expressed_not_purified,deprioritize,0.4684,0.15,0,,"low purify score, not WRAP-amenable, no obvious construct lever",1% w/v DDM,0.03% w/v DDM (IMAC/SEC),LMNG / DMNG / GDN,fos-choline and PEG as 'stability' detergents (Kotov); glucosides weaker on IMAC (Högbom),Lin/Kotov/Högbom first-line helical IMP extract (DDM)
NYCOMPS-GO.13385,tt_expressed_not_purified,wrap_rescue,0.4921,0.75,1,trim a long extramembrane loop,standard purify looks unlikely; termini/TM belt look WRAP-amenable,1% w/v DDM,0.03% w/v DDM (IMAC/SEC),LMNG / DMNG / GDN,fos-choline and PEG as 'stability' detergents (Kotov); glucosides weaker on IMAC (Högbom),Lin/Kotov/Högbom first-line helical IMP extract (DDM)
NYCOMPS-GO.2782,tt_expressed_not_purified,standard,0.5515,0.75,1,trim a long extramembrane loop,sequence resembles TargetTrack purified (given expression),1% w/v DDM,0.03% w/v DDM (IMAC/SEC),LMNG / DMNG / GDN,fos-choline and PEG as 'stability' detergents (Kotov); glucosides weaker on IMAC (Högbom),Lin/Kotov/Högbom first-line helical IMP extract (DDM)
NYCOMPS-GO.6445,tt_expressed_not_purified,deprioritize,0.4968,0.35,0,,"low purify score, not WRAP-amenable, no obvious construct lever",1% w/v DDM,0.03% w/v DDM (IMAC/SEC),LMNG / DMNG / GDN,fos-choline and PEG as 'stability' detergents (Kotov); glucosides weaker on IMAC (Högbom),Lin/Kotov/Högbom first-line helical IMP extract (DDM)
NYCOMPS-GO.2386,tt_expressed_not_purified,deprioritize,0.174,0.35,0,,"low purify score, not WRAP-amenable, no obvious construct lever",1% w/v DDM,0.03% w/v DDM (IMAC/SEC),LMNG / DMNG / GDN,fos-choline and PEG as 'stability' detergents (Kotov); glucosides weaker on IMAC (Högbom),Lin/Kotov/Högbom first-line helical IMP extract (DDM)
NYCOMPS-GO.10540,tt_expressed_not_purified,redesign,0.2746,0.8,0,add a fusion-able N- or C-terminus,add a fusion-able N- or C-terminus,1% w/v DDM,0.03% w/v DDM (IMAC/SEC),LMNG / DMNG / GDN,fos-choline and PEG as 'stability' detergents (Kotov); glucosides weaker on IMAC (Högbom),Lin/Kotov/Högbom first-line helical IMP extract (DDM)
NYCOMPS-GO.15185,tt_expressed_not_purified,redesign,0.2823,0.15,0,reduce disulfides / skip eukaryotic folding; trim a long extramembrane loop,reduce disulfides / skip eukaryotic folding; trim a long extramembrane loop,1% w/v DDM,0.03% w/v DDM (IMAC/SEC),LMNG / DMNG / GDN,fos-choline and PEG as 'stability' detergents (Kotov); glucosides weaker on IMAC (Högbom),Lin/Kotov/Högbom first-line helical IMP extract (DDM)
MPP-GO.119931,tt_expressed_not_purified,deprioritize,0.3761,0.15,0,,"low purify score, not WRAP-amenable, no obvious construct lever",1% w/v DDM,0.03% w/v DDM (IMAC/SEC),LMNG / DMNG / GDN,fos-choline and PEG as 'stability' detergents (Kotov); glucosides weaker on IMAC (Högbom),Lin/Kotov/Högbom first-line helical IMP extract (DDM)
MPP-GO.124190,tt_expressed_not_purified,redesign,0.4448,0.15,0,reduce disulfides / skip eukaryotic folding; trim a long extramembrane loop,reduce disulfides / skip eukaryotic folding; trim a long extramembrane loop,1% w/v DDM,0.03% w/v DDM (IMAC/SEC),LMNG / DMNG / GDN,fos-choline and PEG as 'stability' detergents (Kotov); glucosides weaker on IMAC (Högbom),Lin/Kotov/Högbom first-line helical IMP extract (DDM)
NYCOMPS-GO.4081,tt_expressed_not_purified,wrap_rescue,0.4533,0.75,1,trim a long extramembrane loop,standard purify looks unlikely; termini/TM belt look WRAP-amenable,1% w/v DDM,0.03% w/v DDM (IMAC/SEC),LMNG / DMNG / GDN,fos-choline and PEG as 'stability' detergents (Kotov); glucosides weaker on IMAC (Högbom),Lin/Kotov/Högbom first-line helical IMP extract (DDM)
MPP-GO.120013,tt_expressed_not_purified,deprioritize,0.5277,0.15,0,,"low purify score, not WRAP-amenable, no obvious construct lever",1% w/v DDM,0.03% w/v DDM (IMAC/SEC),LMNG / DMNG / GDN,fos-choline and PEG as 'stability' detergents (Kotov); glucosides weaker on IMAC (Högbom),Lin/Kotov/Högbom first-line helical IMP extract (DDM)
NYCOMPS-GO.7824,tt_expressed_not_purified,standard,0.566,0.75,1,,sequence resembles TargetTrack purified (given expression),1% w/v DDM,0.03% w/v DDM (IMAC/SEC),LMNG / DMNG / GDN,fos-choline and PEG as 'stability' detergents (Kotov); glucosides weaker on IMAC (Högbom),Lin/Kotov/Högbom first-line helical IMP extract (DDM)
NYCOMPS-GO.4887,tt_expressed_not_purified,wrap_rescue,0.498,0.75,1,,standard purify looks unlikely; termini/TM belt look WRAP-amenable,1% w/v DDM,0.03% w/v DDM (IMAC/SEC),LMNG / DMNG / GDN,fos-choline and PEG as 'stability' detergents (Kotov); glucosides weaker on IMAC (Högbom),Lin/Kotov/Högbom first-line helical IMP extract (DDM)
NYCOMPS-GO.69,tt_expressed_not_purified,redesign,0.4249,0.35,0,trim a long extramembrane loop,trim a long extramembrane loop,1% w/v DDM,0.03% w/v DDM (IMAC/SEC),LMNG / DMNG / GDN,fos-choline and PEG as 'stability' detergents (Kotov); glucosides weaker on IMAC (Högbom),Lin/Kotov/Högbom first-line helical IMP extract (DDM)
NYCOMPS-GO.19445,tt_expressed_not_purified,wrap_rescue,0.4004,0.55,1,trim a long extramembrane loop,standard purify looks unlikely; termini/TM belt look WRAP-amenable,1% w/v DDM,0.03% w/v DDM (IMAC/SEC),LMNG / DMNG / GDN,fos-choline and PEG as 'stability' detergents (Kotov); glucosides weaker on IMAC (Högbom),Lin/Kotov/Högbom first-line helical IMP extract (DDM)
NYCOMPS-GO.30,tt_expressed_not_purified,standard,0.5723,0.35,0,reduce disulfides / skip eukaryotic folding; trim a long extramembrane loop,sequence resembles TargetTrack purified (given expression),1% w/v DDM,0.03% w/v DDM (IMAC/SEC),LMNG / DMNG / GDN,fos-choline and PEG as 'stability' detergents (Kotov); glucosides weaker on IMAC (Högbom),Lin/Kotov/Högbom first-line helical IMP extract (DDM)
NYCOMPS-GO.3559,tt_expressed_not_purified,redesign,0.5404,0.35,0,trim a long extramembrane loop,trim a long extramembrane loop,1% w/v DDM,0.03% w/v DDM (IMAC/SEC),LMNG / DMNG / GDN,fos-choline and PEG as 'stability' detergents (Kotov); glucosides weaker on IMAC (Högbom),Lin/Kotov/Högbom first-line helical IMP extract (DDM)
NYCOMPS-GO.120,tt_expressed_not_purified,redesign,0.5275,0.35,0,trim a long extramembrane loop,trim a long extramembrane loop,1% w/v DDM,0.03% w/v DDM (IMAC/SEC),LMNG / DMNG / GDN,fos-choline and PEG as 'stability' detergents (Kotov); glucosides weaker on IMAC (Högbom),Lin/Kotov/Högbom first-line helical IMP extract (DDM)
NYCOMPS-GO.14866,tt_expressed_not_purified,redesign,0.4428,0.35,0,trim a long extramembrane loop,trim a long extramembrane loop,1% w/v DDM,0.03% w/v DDM (IMAC/SEC),LMNG / DMNG / GDN,fos-choline and PEG as 'stability' detergents (Kotov); glucosides weaker on IMAC (Högbom),Lin/Kotov/Högbom first-line helical IMP extract (DDM)
ISFI-ISFI48,tt_expressed_not_purified,standard,0.6713,0.15,0,,sequence resembles TargetTrack purified (given expression),1% w/v DDM,0.03% w/v DDM (IMAC/SEC),LMNG / DMNG / GDN,fos-choline and PEG as 'stability' detergents (Kotov); glucosides weaker on IMAC (Högbom),Lin/Kotov/Högbom first-line helical IMP extract (DDM)
NYCOMPS-GO.9570,tt_expressed_not_purified,deprioritize,0.4142,0.15,0,,"low purify score, not WRAP-amenable, no obvious construct lever",1% w/v DDM,0.03% w/v DDM (IMAC/SEC),LMNG / DMNG / GDN,fos-choline and PEG as 'stability' detergents (Kotov); glucosides weaker on IMAC (Högbom),Lin/Kotov/Högbom first-line helical IMP extract (DDM)
NYCOMPS-GO.12871,tt_expressed_not_purified,redesign,0.4177,0.35,0,trim a long extramembrane loop,trim a long extramembrane loop,1% w/v DDM,0.03% w/v DDM (IMAC/SEC),LMNG / DMNG / GDN,fos-choline and PEG as 'stability' detergents (Kotov); glucosides weaker on IMAC (Högbom),Lin/Kotov/Högbom first-line helical IMP extract (DDM)
NYCOMPS-GO.1724,tt_expressed_not_purified,deprioritize,0.3825,0.35,0,,"low purify score, not WRAP-amenable, no obvious construct lever",1% w/v DDM,0.03% w/v DDM (IMAC/SEC),LMNG / DMNG / GDN,fos-choline and PEG as 'stability' detergents (Kotov); glucosides weaker on IMAC (Högbom),Lin/Kotov/Högbom first-line helical IMP extract (DDM)
TMPC-GO.119211,tt_expressed_not_purified,standard,0.5563,0.25,0,drop sequons or use a prokaryotic host; reduce disulfides / skip eukaryotic folding; trim a long extramembrane loop,sequence resembles TargetTrack purified (given expression),1% w/v DDM,0.03% w/v DDM (IMAC/SEC),LMNG / DMNG / GDN,fos-choline and PEG as 'stability' detergents (Kotov); glucosides weaker on IMAC (Högbom),Lin/Kotov/Högbom first-line helical IMP extract (DDM)
NYCOMPS-GO.3407,tt_expressed_not_purified,redesign,0.0243,0.15,0,shorten or split the construct; reduce disulfides / skip eukaryotic folding; trim a long extramembrane loop,shorten or split the construct; reduce disulfides / skip eukaryotic folding; trim a long extramembrane loop,1% w/v DDM,0.03% w/v DDM (IMAC/SEC),LMNG / DMNG / GDN,fos-choline and PEG as 'stability' detergents (Kotov); glucosides weaker on IMAC (Högbom),Lin/Kotov/Högbom first-line helical IMP extract (DDM)
TMPC-GO.15879,tt_expressed_not_purified,redesign,0.4584,0.15,0,reduce disulfides / skip eukaryotic folding; trim a long extramembrane loop,reduce disulfides / skip eukaryotic folding; trim a long extramembrane loop,1% w/v DDM,0.03% w/v DDM (IMAC/SEC),LMNG / DMNG / GDN,fos-choline and PEG as 'stability' detergents (Kotov); glucosides weaker on IMAC (Högbom),Lin/Kotov/Högbom first-line helical IMP extract (DDM)
NYCOMPS-GO.2589,tt_expressed_not_purified,standard,0.6842,0.75,1,,sequence resembles TargetTrack purified (given expression),1% w/v DDM,0.03% w/v DDM (IMAC/SEC),LMNG / DMNG / GDN,fos-choline and PEG as 'stability' detergents (Kotov); glucosides weaker on IMAC (Högbom),Lin/Kotov/Högbom first-line helical IMP extract (DDM)
NYCOMPS-GO.13755,tt_expressed_not_purified,standard,0.5756,0.75,1,trim a long extramembrane loop,sequence resembles TargetTrack purified (given expression),1% w/v DDM,0.03% w/v DDM (IMAC/SEC),LMNG / DMNG / GDN,fos-choline and PEG as 'stability' detergents (Kotov); glucosides weaker on IMAC (Högbom),Lin/Kotov/Högbom first-line helical IMP extract (DDM)
NYCOMPS-GO.19464,tt_expressed_not_purified,wrap_rescue,0.4542,0.55,1,add a fusion-able N- or C-terminus,standard purify looks unlikely; termini/TM belt look WRAP-amenable,1% w/v DDM,0.03% w/v DDM (IMAC/SEC),LMNG / DMNG / GDN,fos-choline and PEG as 'stability' detergents (Kotov); glucosides weaker on IMAC (Högbom),Lin/Kotov/Högbom first-line helical IMP extract (DDM)
NYCOMPS-GO.19201,tt_expressed_not_purified,standard,0.6017,0.75,1,trim a long extramembrane loop,sequence resembles TargetTrack purified (given expression),1% w/v DDM,0.03% w/v DDM (IMAC/SEC),LMNG / DMNG / GDN,fos-choline and PEG as 'stability' detergents (Kotov); glucosides weaker on IMAC (Högbom),Lin/Kotov/Högbom first-line helical IMP extract (DDM)
TMPC-GO.118826,tt_expressed_not_purified,standard,0.5614,0.25,0,drop sequons or use a prokaryotic host; reduce disulfides / skip eukaryotic folding; trim a long extramembrane loop,sequence resembles TargetTrack purified (given expression),1% w/v DDM,0.03% w/v DDM (IMAC/SEC),LMNG / DMNG / GDN,fos-choline and PEG as 'stability' detergents (Kotov); glucosides weaker on IMAC (Högbom),Lin/Kotov/Högbom first-line helical IMP extract (DDM)
NYCOMPS-GO.14501,tt_expressed_not_purified,standard,0.612,0.35,0,,sequence resembles TargetTrack purified (given expression),1% w/v DDM,0.03% w/v DDM (IMAC/SEC),LMNG / DMNG / GDN,fos-choline and PEG as 'stability' detergents (Kotov); glucosides weaker on IMAC (Högbom),Lin/Kotov/Högbom first-line helical IMP extract (DDM)
NYCOMPS-GO.2052,tt_expressed_not_purified,standard,0.5888,0.35,0,,sequence resembles TargetTrack purified (given expression),1% w/v DDM,0.03% w/v DDM (IMAC/SEC),LMNG / DMNG / GDN,fos-choline and PEG as 'stability' detergents (Kotov); glucosides weaker on IMAC (Högbom),Lin/Kotov/Högbom first-line helical IMP extract (DDM)
NYCOMPS-GO.5081,tt_expressed_not_purified,standard,0.6518,0.75,1,,sequence resembles TargetTrack purified (given expression),1% w/v DDM,0.03% w/v DDM (IMAC/SEC),LMNG / DMNG / GDN,fos-choline and PEG as 'stability' detergents (Kotov); glucosides weaker on IMAC (Högbom),Lin/Kotov/Högbom first-line helical IMP extract (DDM)
MPSBC-Ste14pSklu,tt_expressed_not_purified,wrap_rescue,0.3427,0.75,1,,standard purify looks unlikely; termini/TM belt look WRAP-amenable,1% w/v DDM,0.03% w/v DDM (IMAC/SEC),LMNG / DMNG / GDN,fos-choline and PEG as 'stability' detergents (Kotov); glucosides weaker on IMAC (Högbom),Lin/Kotov/Högbom first-line helical IMP extract (DDM)
NYCOMPS-GO.2451,tt_expressed_not_purified,deprioritize,0.4461,0.35,0,,"low purify score, not WRAP-amenable, no obvious construct lever",1% w/v DDM,0.03% w/v DDM (IMAC/SEC),LMNG / DMNG / GDN,fos-choline and PEG as 'stability' detergents (Kotov); glucosides weaker on IMAC (Högbom),Lin/Kotov/Högbom first-line helical IMP extract (DDM)
NYCOMPS-GO.1011,tt_expressed_not_purified,standard,0.6102,0.75,1,trim a long extramembrane loop,sequence resembles TargetTrack purified (given expression),1% w/v DDM,0.03% w/v DDM (IMAC/SEC),LMNG / DMNG / GDN,fos-choline and PEG as 'stability' detergents (Kotov); glucosides weaker on IMAC (Högbom),Lin/Kotov/Högbom first-line helical IMP extract (DDM)
NYCOMPS-GO.9426,tt_expressed_not_purified,deprioritize,0.5288,0.15,0,,"low purify score, not WRAP-amenable, no obvious construct lever",1% w/v DDM,0.03% w/v DDM (IMAC/SEC),LMNG / DMNG / GDN,fos-choline and PEG as 'stability' detergents (Kotov); glucosides weaker on IMAC (Högbom),Lin/Kotov/Högbom first-line helical IMP extract (DDM)
TransportPDB-0028,tt_expressed_not_purified,wrap_rescue,0.4769,0.75,1,reduce disulfides / skip eukaryotic folding; add a fusion-able N- or C-terminus,standard purify looks unlikely; termini/TM belt look WRAP-amenable,1% w/v DDM,0.03% w/v DDM (IMAC/SEC),LMNG / DMNG / GDN,fos-choline and PEG as 'stability' detergents (Kotov); glucosides weaker on IMAC (Högbom),Lin/Kotov/Högbom first-line helical IMP extract (DDM)
MPSBC-Ste24pSm,tt_expressed_not_purified,redesign,0.4991,0.05,0,drop sequons or use a prokaryotic host; trim a long extramembrane loop,drop sequons or use a prokaryotic host; trim a long extramembrane loop,1% w/v DDM,0.03% w/v DDM (IMAC/SEC),LMNG / DMNG / GDN,fos-choline and PEG as 'stability' detergents (Kotov); glucosides weaker on IMAC (Högbom),Lin/Kotov/Högbom first-line helical IMP extract (DDM)
TMPC-GO.120400,tt_expressed_not_purified,redesign,0.4299,0.15,0,reduce disulfides / skip eukaryotic folding; trim a long extramembrane loop,reduce disulfides / skip eukaryotic folding; trim a long extramembrane loop,1% w/v DDM,0.03% w/v DDM (IMAC/SEC),LMNG / DMNG / GDN,fos-choline and PEG as 'stability' detergents (Kotov); glucosides weaker on IMAC (Högbom),Lin/Kotov/Högbom first-line helical IMP extract (DDM)
NYCOMPS-GO.8452,tt_expressed_not_purified,wrap_rescue,0.5172,0.95,1,,standard purify looks unlikely; termini/TM belt look WRAP-amenable,1% w/v DDM,0.03% w/v DDM (IMAC/SEC),LMNG / DMNG / GDN,fos-choline and PEG as 'stability' detergents (Kotov); glucosides weaker on IMAC (Högbom),Lin/Kotov/Högbom first-line helical IMP extract (DDM)
NYCOMPS-GO.3521,tt_expressed_not_purified,deprioritize,0.286,0.35,0,,"low purify score, not WRAP-amenable, no obvious construct lever",1% w/v DDM,0.03% w/v DDM (IMAC/SEC),LMNG / DMNG / GDN,fos-choline and PEG as 'stability' detergents (Kotov); glucosides weaker on IMAC (Högbom),Lin/Kotov/Högbom first-line helical IMP extract (DDM)
MPP-GO.122232,tt_expressed_not_purified,redesign,0.4516,0.15,0,reduce disulfides / skip eukaryotic folding; trim a long extramembrane loop,reduce disulfides / skip eukaryotic folding; trim a long extramembrane loop,1% w/v DDM,0.03% w/v DDM (IMAC/SEC),LMNG / DMNG / GDN,fos-choline and PEG as 'stability' detergents (Kotov); glucosides weaker on IMAC (Högbom),Lin/Kotov/Högbom first-line helical IMP extract (DDM)
NYCOMPS-GO.13382,tt_expressed_not_purified,wrap_rescue,0.4073,0.75,1,,standard purify looks unlikely; termini/TM belt look WRAP-amenable,1% w/v DDM,0.03% w/v DDM (IMAC/SEC),LMNG / DMNG / GDN,fos-choline and PEG as 'stability' detergents (Kotov); glucosides weaker on IMAC (Högbom),Lin/Kotov/Högbom first-line helical IMP extract (DDM)
NYCOMPS-GO.9126,tt_expressed_not_purified,standard,0.5885,0.35,0,trim a long extramembrane loop,sequence resembles TargetTrack purified (given expression),1% w/v DDM,0.03% w/v DDM (IMAC/SEC),LMNG / DMNG / GDN,fos-choline and PEG as 'stability' detergents (Kotov); glucosides weaker on IMAC (Högbom),Lin/Kotov/Högbom first-line helical IMP extract (DDM)
NYCOMPS-GO.1568,tt_expressed_not_purified,deprioritize,0.4832,0.35,0,,"low purify score, not WRAP-amenable, no obvious construct lever",1% w/v DDM,0.03% w/v DDM (IMAC/SEC),LMNG / DMNG / GDN,fos-choline and PEG as 'stability' detergents (Kotov); glucosides weaker on IMAC (Högbom),Lin/Kotov/Högbom first-line helical IMP extract (DDM)
NYCOMPS-GO.14066,tt_expressed_not_purified,standard,0.602,0.75,1,trim a long extramembrane loop,sequence resembles TargetTrack purified (given expression),1% w/v DDM,0.03% w/v DDM (IMAC/SEC),LMNG / DMNG / GDN,fos-choline and PEG as 'stability' detergents (Kotov); glucosides weaker on IMAC (Högbom),Lin/Kotov/Högbom first-line helical IMP extract (DDM)
NYCOMPS-GO.2249,tt_expressed_not_purified,redesign,0.4545,0.35,0,trim a long extramembrane loop,trim a long extramembrane loop,1% w/v DDM,0.03% w/v DDM (IMAC/SEC),LMNG / DMNG / GDN,fos-choline and PEG as 'stability' detergents (Kotov); glucosides weaker on IMAC (Högbom),Lin/Kotov/Högbom first-line helical IMP extract (DDM)
NYCOMPS-GO.2360,tt_expressed_not_purified,redesign,0.483,0.15,0,trim a long extramembrane loop,trim a long extramembrane loop,1% w/v DDM,0.03% w/v DDM (IMAC/SEC),LMNG / DMNG / GDN,fos-choline and PEG as 'stability' detergents (Kotov); glucosides weaker on IMAC (Högbom),Lin/Kotov/Högbom first-line helical IMP extract (DDM)
NYCOMPS-GO.2260,tt_expressed_not_purified,wrap_rescue,0.5368,0.75,1,,standard purify looks unlikely; termini/TM belt look WRAP-amenable,1% w/v DDM,0.03% w/v DDM (IMAC/SEC),LMNG / DMNG / GDN,fos-choline and PEG as 'stability' detergents (Kotov); glucosides weaker on IMAC (Högbom),Lin/Kotov/Högbom first-line helical IMP extract (DDM)
CSMP-1040C,tt_expressed_not_purified,standard,0.6762,0.0,0,shorten or split the construct; drop sequons or use a prokaryotic host; reduce disulfides / skip eukaryotic folding; trim a long extramembrane loop,sequence resembles TargetTrack purified (given expression),1% w/v DDM,0.03% w/v DDM (IMAC/SEC),LMNG / DMNG / GDN,fos-choline and PEG as 'stability' detergents (Kotov); glucosides weaker on IMAC (Högbom),Lin/Kotov/Högbom first-line helical IMP extract (DDM)
MPSBC-Tok1p,tt_expressed_not_purified,deprioritize,0.4733,0.35,0,,"low purify score, not WRAP-amenable, no obvious construct lever",1% w/v DDM,0.03% w/v DDM (IMAC/SEC),LMNG / DMNG / GDN,fos-choline and PEG as 'stability' detergents (Kotov); glucosides weaker on IMAC (Högbom),Lin/Kotov/Högbom first-line helical IMP extract (DDM)
NYCOMPS-GO.8008,tt_expressed_not_purified,deprioritize,0.4407,0.35,0,,"low purify score, not WRAP-amenable, no obvious construct lever",1% w/v DDM,0.03% w/v DDM (IMAC/SEC),LMNG / DMNG / GDN,fos-choline and PEG as 'stability' detergents (Kotov); glucosides weaker on IMAC (Högbom),Lin/Kotov/Högbom first-line helical IMP extract (DDM)
NYCOMPS-GO.4290,tt_expressed_not_purified,wrap_rescue,0.4995,0.55,1,trim a long extramembrane loop,standard purify looks unlikely; termini/TM belt look WRAP-amenable,1% w/v DDM,0.03% w/v DDM (IMAC/SEC),LMNG / DMNG / GDN,fos-choline and PEG as 'stability' detergents (Kotov); glucosides weaker on IMAC (Högbom),Lin/Kotov/Högbom first-line helical IMP extract (DDM)
NYCOMPS-GO.2059,tt_expressed_not_purified,wrap_rescue,0.5432,0.75,1,trim a long extramembrane loop,standard purify looks unlikely; termini/TM belt look WRAP-amenable,1% w/v DDM,0.03% w/v DDM (IMAC/SEC),LMNG / DMNG / GDN,fos-choline and PEG as 'stability' detergents (Kotov); glucosides weaker on IMAC (Högbom),Lin/Kotov/Högbom first-line helical IMP extract (DDM)
NYCOMPS-GO.13580,tt_expressed_not_purified,wrap_rescue,0.4818,0.95,1,add a fusion-able N- or C-terminus,standard purify looks unlikely; termini/TM belt look WRAP-amenable,1% w/v DDM,0.03% w/v DDM (IMAC/SEC),LMNG / DMNG / GDN,fos-choline and PEG as 'stability' detergents (Kotov); glucosides weaker on IMAC (Högbom),Lin/Kotov/Högbom first-line helical IMP extract (DDM)
NYCOMPS-GO.10580,tt_expressed_not_purified,wrap_rescue,0.5254,0.65,1,drop sequons or use a prokaryotic host; reduce disulfides / skip eukaryotic folding,standard purify looks unlikely; termini/TM belt look WRAP-amenable,1% w/v DDM,0.03% w/v DDM (IMAC/SEC),LMNG / DMNG / GDN,fos-choline and PEG as 'stability' detergents (Kotov); glucosides weaker on IMAC (Högbom),Lin/Kotov/Högbom first-line helical IMP extract (DDM)
NYCOMPS-GO.2384,tt_expressed_not_purified,standard,0.5671,0.95,1,add a fusion-able N- or C-terminus,sequence resembles TargetTrack purified (given expression),1% w/v DDM,0.03% w/v DDM (IMAC/SEC),LMNG / DMNG / GDN,fos-choline and PEG as 'stability' detergents (Kotov); glucosides weaker on IMAC (Högbom),Lin/Kotov/Högbom first-line helical IMP extract (DDM)
NYCOMPS-GO.8736,tt_expressed_not_purified,wrap_rescue,0.48,0.95,1,,standard purify looks unlikely; termini/TM belt look WRAP-amenable,1% w/v DDM,0.03% w/v DDM (IMAC/SEC),LMNG / DMNG / GDN,fos-choline and PEG as 'stability' detergents (Kotov); glucosides weaker on IMAC (Högbom),Lin/Kotov/Högbom first-line helical IMP extract (DDM)
MPP-GO.123309,tt_expressed_not_purified,redesign,0.3385,0.15,0,reduce disulfides / skip eukaryotic folding; trim a long extramembrane loop,reduce disulfides / skip eukaryotic folding; trim a long extramembrane loop,1% w/v DDM,0.03% w/v DDM (IMAC/SEC),LMNG / DMNG / GDN,fos-choline and PEG as 'stability' detergents (Kotov); glucosides weaker on IMAC (Högbom),Lin/Kotov/Högbom first-line helical IMP extract (DDM)
NYCOMPS-GO.3837,tt_expressed_not_purified,wrap_rescue,0.3043,0.95,1,,standard purify looks unlikely; termini/TM belt look WRAP-amenable,1% w/v DDM,0.03% w/v DDM (IMAC/SEC),LMNG / DMNG / GDN,fos-choline and PEG as 'stability' detergents (Kotov); glucosides weaker on IMAC (Högbom),Lin/Kotov/Högbom first-line helical IMP extract (DDM)
MPP-GO.111407,tt_expressed_not_purified,redesign,0.4962,0.15,0,reduce disulfides / skip eukaryotic folding; trim a long extramembrane loop,reduce disulfides / skip eukaryotic folding; trim a long extramembrane loop,1% w/v DDM,0.03% w/v DDM (IMAC/SEC),LMNG / DMNG / GDN,fos-choline and PEG as 'stability' detergents (Kotov); glucosides weaker on IMAC (Högbom),Lin/Kotov/Högbom first-line helical IMP extract (DDM)
NYCOMPS-GO.437,tt_expressed_not_purified,standard,0.5807,0.75,1,,sequence resembles TargetTrack purified (given expression),1% w/v DDM,0.03% w/v DDM (IMAC/SEC),LMNG / DMNG / GDN,fos-choline and PEG as 'stability' detergents (Kotov); glucosides weaker on IMAC (Högbom),Lin/Kotov/Högbom first-line helical IMP extract (DDM)
NYCOMPS-GO.13967,tt_expressed_not_purified,standard,0.635,0.75,1,add a fusion-able N- or C-terminus,sequence resembles TargetTrack purified (given expression),1% w/v DDM,0.03% w/v DDM (IMAC/SEC),LMNG / DMNG / GDN,fos-choline and PEG as 'stability' detergents (Kotov); glucosides weaker on IMAC (Högbom),Lin/Kotov/Högbom first-line helical IMP extract (DDM)
NYCOMPS-GO.4507,tt_expressed_not_purified,deprioritize,0.5253,0.35,0,,"low purify score, not WRAP-amenable, no obvious construct lever",1% w/v DDM,0.03% w/v DDM (IMAC/SEC),LMNG / DMNG / GDN,fos-choline and PEG as 'stability' detergents (Kotov); glucosides weaker on IMAC (Högbom),Lin/Kotov/Högbom first-line helical IMP extract (DDM)
NYCOMPS-GO.7166,tt_expressed_not_purified,deprioritize,0.3994,0.35,0,,"low purify score, not WRAP-amenable, no obvious construct lever",1% w/v DDM,0.03% w/v DDM (IMAC/SEC),LMNG / DMNG / GDN,fos-choline and PEG as 'stability' detergents (Kotov); glucosides weaker on IMAC (Högbom),Lin/Kotov/Högbom first-line helical IMP extract (DDM)
NYCOMPS-GO.8036,tt_expressed_not_purified,deprioritize,0.4699,0.35,0,,"low purify score, not WRAP-amenable, no obvious construct lever",1% w/v DDM,0.03% w/v DDM (IMAC/SEC),LMNG / DMNG / GDN,fos-choline and PEG as 'stability' detergents (Kotov); glucosides weaker on IMAC (Högbom),Lin/Kotov/Högbom first-line helical IMP extract (DDM)
NYCOMPS-GO.13729,tt_expressed_not_purified,standard,0.5539,0.55,1,trim a long extramembrane loop,sequence resembles TargetTrack purified (given expression),1% w/v DDM,0.03% w/v DDM (IMAC/SEC),LMNG / DMNG / GDN,fos-choline and PEG as 'stability' detergents (Kotov); glucosides weaker on IMAC (Högbom),Lin/Kotov/Högbom first-line helical IMP extract (DDM)
TransportPDB-0579,tt_expressed_not_purified,redesign,0.5016,0.25,0,drop sequons or use a prokaryotic host; reduce disulfides / skip eukaryotic folding; trim a long extramembrane loop,drop sequons or use a prokaryotic host; reduce disulfides / skip eukaryotic folding; trim a long extramembrane loop,1% w/v DDM,0.03% w/v DDM (IMAC/SEC),LMNG / DMNG / GDN,fos-choline and PEG as 'stability' detergents (Kotov); glucosides weaker on IMAC (Högbom),Lin/Kotov/Högbom first-line helical IMP extract (DDM)
MPP-GO.111769,tt_expressed_not_purified,standard,0.655,0.15,0,,sequence resembles TargetTrack purified (given expression),1% w/v DDM,0.03% w/v DDM (IMAC/SEC),LMNG / DMNG / GDN,fos-choline and PEG as 'stability' detergents (Kotov); glucosides weaker on IMAC (Högbom),Lin/Kotov/Högbom first-line helical IMP extract (DDM)
MPSBC-Hxt13p,tt_expressed_not_purified,redesign,0.3794,0.35,0,reduce disulfides / skip eukaryotic folding; trim a long extramembrane loop,reduce disulfides / skip eukaryotic folding; trim a long extramembrane loop,1% w/v DDM,0.03% w/v DDM (IMAC/SEC),LMNG / DMNG / GDN,fos-choline and PEG as 'stability' detergents (Kotov); glucosides weaker on IMAC (Högbom),Lin/Kotov/Högbom first-line helical IMP extract (DDM)
TransportPDB-0294,tt_expressed_not_purified,wrap_rescue,0.5494,0.65,1,drop sequons or use a prokaryotic host; reduce disulfides / skip eukaryotic folding; trim a long extramembrane loop,standard purify looks unlikely; termini/TM belt look WRAP-amenable,1% w/v DDM,0.03% w/v DDM (IMAC/SEC),LMNG / DMNG / GDN,fos-choline and PEG as 'stability' detergents (Kotov); glucosides weaker on IMAC (Högbom),Lin/Kotov/Högbom first-line helical IMP extract (DDM)
NYCOMPS-GO.8754,tt_expressed_not_purified,wrap_rescue,0.4401,0.75,1,,standard purify looks unlikely; termini/TM belt look WRAP-amenable,1% w/v DDM,0.03% w/v DDM (IMAC/SEC),LMNG / DMNG / GDN,fos-choline and PEG as 'stability' detergents (Kotov); glucosides weaker on IMAC (Högbom),Lin/Kotov/Högbom first-line helical IMP extract (DDM)
TransportPDB-0320,tt_expressed_not_purified,redesign,0.4795,0.05,0,drop sequons or use a prokaryotic host; reduce disulfides / skip eukaryotic folding; trim a long extramembrane loop,drop sequons or use a prokaryotic host; reduce disulfides / skip eukaryotic folding; trim a long extramembrane loop,1% w/v DDM,0.03% w/v DDM (IMAC/SEC),LMNG / DMNG / GDN,fos-choline and PEG as 'stability' detergents (Kotov); glucosides weaker on IMAC (Högbom),Lin/Kotov/Högbom first-line helical IMP extract (DDM)
MPP-GO.123137,tt_expressed_not_purified,redesign,0.3744,0.15,0,reduce disulfides / skip eukaryotic folding; trim a long extramembrane loop,reduce disulfides / skip eukaryotic folding; trim a long extramembrane loop,1% w/v DDM,0.03% w/v DDM (IMAC/SEC),LMNG / DMNG / GDN,fos-choline and PEG as 'stability' detergents (Kotov); glucosides weaker on IMAC (Högbom),Lin/Kotov/Högbom first-line helical IMP extract (DDM)
TMPC-GO.120808,tt_expressed_not_purified,redesign,0.3767,0.05,0,drop sequons or use a prokaryotic host; trim a long extramembrane loop,drop sequons or use a prokaryotic host; trim a long extramembrane loop,1% w/v DDM,0.03% w/v DDM (IMAC/SEC),LMNG / DMNG / GDN,fos-choline and PEG as 'stability' detergents (Kotov); glucosides weaker on IMAC (Högbom),Lin/Kotov/Högbom first-line helical IMP extract (DDM)
NYCOMPS-GO.2761,tt_expressed_not_purified,wrap_rescue,0.419,0.75,1,,standard purify looks unlikely; termini/TM belt look WRAP-amenable,1% w/v DDM,0.03% w/v DDM (IMAC/SEC),LMNG / DMNG / GDN,fos-choline and PEG as 'stability' detergents (Kotov); glucosides weaker on IMAC (Högbom),Lin/Kotov/Högbom first-line helical IMP extract (DDM)
NYCOMPS-GO.2909,tt_expressed_not_purified,standard,0.6242,0.75,1,trim a long extramembrane loop,sequence resembles TargetTrack purified (given expression),1% w/v DDM,0.03% w/v DDM (IMAC/SEC),LMNG / DMNG / GDN,fos-choline and PEG as 'stability' detergents (Kotov); glucosides weaker on IMAC (Högbom),Lin/Kotov/Högbom first-line helical IMP extract (DDM)
NYCOMPS-GO.11110,tt_expressed_not_purified,wrap_rescue,0.2844,0.95,1,,standard purify looks unlikely; termini/TM belt look WRAP-amenable,1% w/v DDM,0.03% w/v DDM (IMAC/SEC),LMNG / DMNG / GDN,fos-choline and PEG as 'stability' detergents (Kotov); glucosides weaker on IMAC (Högbom),Lin/Kotov/Högbom first-line helical IMP extract (DDM)
NYCOMPS-GO.13614,tt_expressed_not_purified,wrap_rescue,0.4866,0.75,1,add a fusion-able N- or C-terminus; trim a long extramembrane loop,standard purify looks unlikely; termini/TM belt look WRAP-amenable,1% w/v DDM,0.03% w/v DDM (IMAC/SEC),LMNG / DMNG / GDN,fos-choline and PEG as 'stability' detergents (Kotov); glucosides weaker on IMAC (Högbom),Lin/Kotov/Högbom first-line helical IMP extract (DDM)
NYCOMPS-GO.2507,tt_expressed_not_purified,wrap_rescue,0.3693,0.75,1,,standard purify looks unlikely; termini/TM belt look WRAP-amenable,1% w/v DDM,0.03% w/v DDM (IMAC/SEC),LMNG / DMNG / GDN,fos-choline and PEG as 'stability' detergents (Kotov); glucosides weaker on IMAC (Högbom),Lin/Kotov/Högbom first-line helical IMP extract (DDM)
NYCOMPS-GO.656,tt_expressed_not_purified,wrap_rescue,0.536,0.75,1,trim a long extramembrane loop,standard purify looks unlikely; termini/TM belt look WRAP-amenable,1% w/v DDM,0.03% w/v DDM (IMAC/SEC),LMNG / DMNG / GDN,fos-choline and PEG as 'stability' detergents (Kotov); glucosides weaker on IMAC (Högbom),Lin/Kotov/Högbom first-line helical IMP extract (DDM)
NYCOMPS-GO.672,tt_expressed_not_purified,wrap_rescue,0.4968,0.75,1,add a fusion-able N- or C-terminus,standard purify looks unlikely; termini/TM belt look WRAP-amenable,1% w/v DDM,0.03% w/v DDM (IMAC/SEC),LMNG / DMNG / GDN,fos-choline and PEG as 'stability' detergents (Kotov); glucosides weaker on IMAC (Högbom),Lin/Kotov/Högbom first-line helical IMP extract (DDM)
NYCOMPS-GO.2293,tt_expressed_not_purified,wrap_rescue,0.5003,0.75,1,trim a long extramembrane loop,standard purify looks unlikely; termini/TM belt look WRAP-amenable,1% w/v DDM,0.03% w/v DDM (IMAC/SEC),LMNG / DMNG / GDN,fos-choline and PEG as 'stability' detergents (Kotov); glucosides weaker on IMAC (Högbom),Lin/Kotov/Högbom first-line helical IMP extract (DDM)
NYCOMPS-GO.8202,tt_expressed_not_purified,wrap_rescue,0.4279,0.75,1,add a fusion-able N- or C-terminus,standard purify looks unlikely; termini/TM belt look WRAP-amenable,1% w/v DDM,0.03% w/v DDM (IMAC/SEC),LMNG / DMNG / GDN,fos-choline and PEG as 'stability' detergents (Kotov); glucosides weaker on IMAC (Högbom),Lin/Kotov/Högbom first-line helical IMP extract (DDM)
NYCOMPS-GO.10073,tt_expressed_not_purified,wrap_rescue,0.3717,0.95,1,,standard purify looks unlikely; termini/TM belt look WRAP-amenable,1% w/v DDM,0.03% w/v DDM (IMAC/SEC),LMNG / DMNG / GDN,fos-choline and PEG as 'stability' detergents (Kotov); glucosides weaker on IMAC (Högbom),Lin/Kotov/Högbom first-line helical IMP extract (DDM)
MPSBC-Ste24pSm,tt_expressed_not_purified,redesign,0.5037,0.35,0,trim a long extramembrane loop,trim a long extramembrane loop,1% w/v DDM,0.03% w/v DDM (IMAC/SEC),LMNG / DMNG / GDN,fos-choline and PEG as 'stability' detergents (Kotov); glucosides weaker on IMAC (Högbom),Lin/Kotov/Högbom first-line helical IMP extract (DDM)
NYCOMPS-GO.823,tt_expressed_not_purified,wrap_rescue,0.4362,0.95,1,,standard purify looks unlikely; termini/TM belt look WRAP-amenable,1% w/v DDM,0.03% w/v DDM (IMAC/SEC),LMNG / DMNG / GDN,fos-choline and PEG as 'stability' detergents (Kotov); glucosides weaker on IMAC (Högbom),Lin/Kotov/Högbom first-line helical IMP extract (DDM)
NYCOMPS-GO.14218,tt_expressed_not_purified,wrap_rescue,0.4679,0.75,1,trim a long extramembrane loop,standard purify looks unlikely; termini/TM belt look WRAP-amenable,1% w/v DDM,0.03% w/v DDM (IMAC/SEC),LMNG / DMNG / GDN,fos-choline and PEG as 'stability' detergents (Kotov); glucosides weaker on IMAC (Högbom),Lin/Kotov/Högbom first-line helical IMP extract (DDM)
NYCOMPS-GO.605,tt_expressed_not_purified,wrap_rescue,0.4287,0.95,1,,standard purify looks unlikely; termini/TM belt look WRAP-amenable,1% w/v DDM,0.03% w/v DDM (IMAC/SEC),LMNG / DMNG / GDN,fos-choline and PEG as 'stability' detergents (Kotov); glucosides weaker on IMAC (Högbom),Lin/Kotov/Högbom first-line helical IMP extract (DDM)
NYCOMPS-GO.7700,tt_expressed_not_purified,deprioritize,0.5102,0.35,0,,"low purify score, not WRAP-amenable, no obvious construct lever",1% w/v DDM,0.03% w/v DDM (IMAC/SEC),LMNG / DMNG / GDN,fos-choline and PEG as 'stability' detergents (Kotov); glucosides weaker on IMAC (Högbom),Lin/Kotov/Högbom first-line helical IMP extract (DDM)
MPP-GO.122014,tt_expressed_not_purified,standard,0.5799,0.15,0,trim a long extramembrane loop,sequence resembles TargetTrack purified (given expression),1% w/v DDM,0.03% w/v DDM (IMAC/SEC),LMNG / DMNG / GDN,fos-choline and PEG as 'stability' detergents (Kotov); glucosides weaker on IMAC (Högbom),Lin/Kotov/Högbom first-line helical IMP extract (DDM)
NYCOMPS-GO.11554,tt_expressed_not_purified,standard,0.5641,0.35,0,,sequence resembles TargetTrack purified (given expression),1% w/v DDM,0.03% w/v DDM (IMAC/SEC),LMNG / DMNG / GDN,fos-choline and PEG as 'stability' detergents (Kotov); glucosides weaker on IMAC (Högbom),Lin/Kotov/Högbom first-line helical IMP extract (DDM)
NYCOMPS-GO.125,tt_expressed_not_purified,redesign,0.385,0.15,0,trim a long extramembrane loop,trim a long extramembrane loop,1% w/v DDM,0.03% w/v DDM (IMAC/SEC),LMNG / DMNG / GDN,fos-choline and PEG as 'stability' detergents (Kotov); glucosides weaker on IMAC (Högbom),Lin/Kotov/Högbom first-line helical IMP extract (DDM)
NYCOMPS-GO.14488,tt_expressed_not_purified,standard,0.5762,0.75,1,trim a long extramembrane loop,sequence resembles TargetTrack purified (given expression),1% w/v DDM,0.03% w/v DDM (IMAC/SEC),LMNG / DMNG / GDN,fos-choline and PEG as 'stability' detergents (Kotov); glucosides weaker on IMAC (Högbom),Lin/Kotov/Högbom first-line helical IMP extract (DDM)
MPP-GO.121159,tt_expressed_not_purified,redesign,0.4227,0.15,0,trim a long extramembrane loop,trim a long extramembrane loop,1% w/v DDM,0.03% w/v DDM (IMAC/SEC),LMNG / DMNG / GDN,fos-choline and PEG as 'stability' detergents (Kotov); glucosides weaker on IMAC (Högbom),Lin/Kotov/Högbom first-line helical IMP extract (DDM)
NYCOMPS-GO.2661,tt_expressed_not_purified,redesign,0.5036,0.35,0,reduce disulfides / skip eukaryotic folding; trim a long extramembrane loop,reduce disulfides / skip eukaryotic folding; trim a long extramembrane loop,1% w/v DDM,0.03% w/v DDM (IMAC/SEC),LMNG / DMNG / GDN,fos-choline and PEG as 'stability' detergents (Kotov); glucosides weaker on IMAC (Högbom),Lin/Kotov/Högbom first-line helical IMP extract (DDM)
NYCOMPS-GO.509,tt_expressed_not_purified,deprioritize,0.3813,0.35,0,,"low purify score, not WRAP-amenable, no obvious construct lever",1% w/v DDM,0.03% w/v DDM (IMAC/SEC),LMNG / DMNG / GDN,fos-choline and PEG as 'stability' detergents (Kotov); glucosides weaker on IMAC (Högbom),Lin/Kotov/Högbom first-line helical IMP extract (DDM)
CSMP-3435C,tt_expressed_not_purified,standard,0.6352,0.05,0,drop sequons or use a prokaryotic host; reduce disulfides / skip eukaryotic folding; trim a long extramembrane loop,sequence resembles TargetTrack purified (given expression),1% w/v DDM,0.03% w/v DDM (IMAC/SEC),LMNG / DMNG / GDN,fos-choline and PEG as 'stability' detergents (Kotov); glucosides weaker on IMAC (Högbom),Lin/Kotov/Högbom first-line helical IMP extract (DDM)
NYCOMPS-GO.3022,tt_expressed_not_purified,wrap_rescue,0.5038,0.75,1,add a fusion-able N- or C-terminus,standard purify looks unlikely; termini/TM belt look WRAP-amenable,1% w/v DDM,0.03% w/v DDM (IMAC/SEC),LMNG / DMNG / GDN,fos-choline and PEG as 'stability' detergents (Kotov); glucosides weaker on IMAC (Högbom),Lin/Kotov/Högbom first-line helical IMP extract (DDM)
NYCOMPS-GO.7891,tt_expressed_not_purified,deprioritize,0.4824,0.35,0,,"low purify score, not WRAP-amenable, no obvious construct lever",1% w/v DDM,0.03% w/v DDM (IMAC/SEC),LMNG / DMNG / GDN,fos-choline and PEG as 'stability' detergents (Kotov); glucosides weaker on IMAC (Högbom),Lin/Kotov/Högbom first-line helical IMP extract (DDM)
NYCOMPS-GO.14284,tt_expressed_not_purified,redesign,0.5008,0.35,0,trim a long extramembrane loop,trim a long extramembrane loop,1% w/v DDM,0.03% w/v DDM (IMAC/SEC),LMNG / DMNG / GDN,fos-choline and PEG as 'stability' detergents (Kotov); glucosides weaker on IMAC (Högbom),Lin/Kotov/Högbom first-line helical IMP extract (DDM)
NYCOMPS-GO.14216,tt_expressed_not_purified,standard,0.5554,0.35,0,,sequence resembles TargetTrack purified (given expression),1% w/v DDM,0.03% w/v DDM (IMAC/SEC),LMNG / DMNG / GDN,fos-choline and PEG as 'stability' detergents (Kotov); glucosides weaker on IMAC (Högbom),Lin/Kotov/Högbom first-line helical IMP extract (DDM)
MPP-GO.124286,tt_expressed_not_purified,redesign,0.4525,0.15,0,trim a long extramembrane loop,trim a long extramembrane loop,1% w/v DDM,0.03% w/v DDM (IMAC/SEC),LMNG / DMNG / GDN,fos-choline and PEG as 'stability' detergents (Kotov); glucosides weaker on IMAC (Högbom),Lin/Kotov/Högbom first-line helical IMP extract (DDM)
TMPC-GO.122330,tt_expressed_not_purified,standard,0.594,0.05,0,drop sequons or use a prokaryotic host; trim a long extramembrane loop,sequence resembles TargetTrack purified (given expression),1% w/v DDM,0.03% w/v DDM (IMAC/SEC),LMNG / DMNG / GDN,fos-choline and PEG as 'stability' detergents (Kotov); glucosides weaker on IMAC (Högbom),Lin/Kotov/Högbom first-line helical IMP extract (DDM)
MPP-GO.120248,tt_expressed_not_purified,deprioritize,0.3643,0.0,0,,"low purify score, not WRAP-amenable, no obvious construct lever",1% w/v DDM,0.03% w/v DDM (IMAC/SEC),LMNG / DMNG / GDN,fos-choline and PEG as 'stability' detergents (Kotov); glucosides weaker on IMAC (Högbom),Lin/Kotov/Högbom first-line helical IMP extract (DDM)
NYCOMPS-GO.8708,tt_expressed_not_purified,redesign,0.4218,0.35,0,trim a long extramembrane loop,trim a long extramembrane loop,1% w/v DDM,0.03% w/v DDM (IMAC/SEC),LMNG / DMNG / GDN,fos-choline and PEG as 'stability' detergents (Kotov); glucosides weaker on IMAC (Högbom),Lin/Kotov/Högbom first-line helical IMP extract (DDM)
NYCOMPS-GO.2610,tt_expressed_not_purified,standard,0.6365,0.95,1,,sequence resembles TargetTrack purified (given expression),1% w/v DDM,0.03% w/v DDM (IMAC/SEC),LMNG / DMNG / GDN,fos-choline and PEG as 'stability' detergents (Kotov); glucosides weaker on IMAC (Högbom),Lin/Kotov/Högbom first-line helical IMP extract (DDM)
NYCOMPS-GO.3513,tt_expressed_not_purified,wrap_rescue,0.4724,0.75,1,,standard purify looks unlikely; termini/TM belt look WRAP-amenable,1% w/v DDM,0.03% w/v DDM (IMAC/SEC),LMNG / DMNG / GDN,fos-choline and PEG as 'stability' detergents (Kotov); glucosides weaker on IMAC (Högbom),Lin/Kotov/Högbom first-line helical IMP extract (DDM)
CSMP-2269S,tt_expressed_not_purified,redesign,0.4597,0.35,0,reduce disulfides / skip eukaryotic folding; trim a long extramembrane loop,reduce disulfides / skip eukaryotic folding; trim a long extramembrane loop,1% w/v DDM,0.03% w/v DDM (IMAC/SEC),LMNG / DMNG / GDN,fos-choline and PEG as 'stability' detergents (Kotov); glucosides weaker on IMAC (Högbom),Lin/Kotov/Högbom first-line helical IMP extract (DDM)
TransportPDB-0099,tt_expressed_not_purified,wrap_rescue,0.5308,0.65,1,drop sequons or use a prokaryotic host; reduce disulfides / skip eukaryotic folding; add a fusion-able N- or C-terminus,standard purify looks unlikely; termini/TM belt look WRAP-amenable,1% w/v DDM,0.03% w/v DDM (IMAC/SEC),LMNG / DMNG / GDN,fos-choline and PEG as 'stability' detergents (Kotov); glucosides weaker on IMAC (Högbom),Lin/Kotov/Högbom first-line helical IMP extract (DDM)
NYCOMPS-GO.8328,tt_expressed_not_purified,standard,0.5639,0.75,1,add a fusion-able N- or C-terminus,sequence resembles TargetTrack purified (given expression),1% w/v DDM,0.03% w/v DDM (IMAC/SEC),LMNG / DMNG / GDN,fos-choline and PEG as 'stability' detergents (Kotov); glucosides weaker on IMAC (Högbom),Lin/Kotov/Högbom first-line helical IMP extract (DDM)
NYCOMPS-GO.10943,tt_expressed_not_purified,deprioritize,0.3594,0.35,0,,"low purify score, not WRAP-amenable, no obvious construct lever",1% w/v DDM,0.03% w/v DDM (IMAC/SEC),LMNG / DMNG / GDN,fos-choline and PEG as 'stability' detergents (Kotov); glucosides weaker on IMAC (Högbom),Lin/Kotov/Högbom first-line helical IMP extract (DDM)
MPSBC-Ste24pSm,tt_expressed_not_purified,redesign,0.5044,0.05,0,drop sequons or use a prokaryotic host; trim a long extramembrane loop,drop sequons or use a prokaryotic host; trim a long extramembrane loop,1% w/v DDM,0.03% w/v DDM (IMAC/SEC),LMNG / DMNG / GDN,fos-choline and PEG as 'stability' detergents (Kotov); glucosides weaker on IMAC (Högbom),Lin/Kotov/Högbom first-line helical IMP extract (DDM)
MPP-GO.118938,tt_expressed_not_purified,deprioritize,0.5024,0.15,0,,"low purify score, not WRAP-amenable, no obvious construct lever",1% w/v DDM,0.03% w/v DDM (IMAC/SEC),LMNG / DMNG / GDN,fos-choline and PEG as 'stability' detergents (Kotov); glucosides weaker on IMAC (Högbom),Lin/Kotov/Högbom first-line helical IMP extract (DDM)
NYCOMPS-GO.3081,tt_expressed_not_purified,standard,0.679,0.45,0,drop sequons or use a prokaryotic host; trim a long extramembrane loop,sequence resembles TargetTrack purified (given expression),1% w/v DDM,0.03% w/v DDM (IMAC/SEC),LMNG / DMNG / GDN,fos-choline and PEG as 'stability' detergents (Kotov); glucosides weaker on IMAC (Högbom),Lin/Kotov/Högbom first-line helical IMP extract (DDM)
MPP-GO.120292,tt_expressed_not_purified,redesign,0.4401,0.15,0,trim a long extramembrane loop,trim a long extramembrane loop,1% w/v DDM,0.03% w/v DDM (IMAC/SEC),LMNG / DMNG / GDN,fos-choline and PEG as 'stability' detergents (Kotov); glucosides weaker on IMAC (Högbom),Lin/Kotov/Högbom first-line helical IMP extract (DDM)
TMPC-GO.118905,tt_expressed_not_purified,wrap_rescue,0.4932,0.75,1,add a fusion-able N- or C-terminus,standard purify looks unlikely; termini/TM belt look WRAP-amenable,1% w/v DDM,0.03% w/v DDM (IMAC/SEC),LMNG / DMNG / GDN,fos-choline and PEG as 'stability' detergents (Kotov); glucosides weaker on IMAC (Högbom),Lin/Kotov/Högbom first-line helical IMP extract (DDM)
NYCOMPS-GO.13965,tt_expressed_not_purified,redesign,0.5172,0.35,0,trim a long extramembrane loop,trim a long extramembrane loop,1% w/v DDM,0.03% w/v DDM (IMAC/SEC),LMNG / DMNG / GDN,fos-choline and PEG as 'stability' detergents (Kotov); glucosides weaker on IMAC (Högbom),Lin/Kotov/Högbom first-line helical IMP extract (DDM)
NYCOMPS-GO.8780,tt_expressed_not_purified,wrap_rescue,0.4895,0.95,1,,standard purify looks unlikely; termini/TM belt look WRAP-amenable,1% w/v DDM,0.03% w/v DDM (IMAC/SEC),LMNG / DMNG / GDN,fos-choline and PEG as 'stability' detergents (Kotov); glucosides weaker on IMAC (Högbom),Lin/Kotov/Högbom first-line helical IMP extract (DDM)
NYCOMPS-GO.11628,tt_expressed_not_purified,deprioritize,0.4258,0.35,0,,"low purify score, not WRAP-amenable, no obvious construct lever",1% w/v DDM,0.03% w/v DDM (IMAC/SEC),LMNG / DMNG / GDN,fos-choline and PEG as 'stability' detergents (Kotov); glucosides weaker on IMAC (Högbom),Lin/Kotov/Högbom first-line helical IMP extract (DDM)
NYCOMPS-GO.14327,tt_expressed_not_purified,standard,0.6463,0.75,1,trim a long extramembrane loop,sequence resembles TargetTrack purified (given expression),1% w/v DDM,0.03% w/v DDM (IMAC/SEC),LMNG / DMNG / GDN,fos-choline and PEG as 'stability' detergents (Kotov); glucosides weaker on IMAC (Högbom),Lin/Kotov/Högbom first-line helical IMP extract (DDM)
NYCOMPS-GO.947,tt_expressed_not_purified,redesign,0.4117,0.35,0,trim a long extramembrane loop,trim a long extramembrane loop,1% w/v DDM,0.03% w/v DDM (IMAC/SEC),LMNG / DMNG / GDN,fos-choline and PEG as 'stability' detergents (Kotov); glucosides weaker on IMAC (Högbom),Lin/Kotov/Högbom first-line helical IMP extract (DDM)
NYCOMPS-GO.13665,tt_expressed_not_purified,wrap_rescue,0.4921,0.75,1,trim a long extramembrane loop,standard purify looks unlikely; termini/TM belt look WRAP-amenable,1% w/v DDM,0.03% w/v DDM (IMAC/SEC),LMNG / DMNG / GDN,fos-choline and PEG as 'stability' detergents (Kotov); glucosides weaker on IMAC (Högbom),Lin/Kotov/Högbom first-line helical IMP extract (DDM)
NYCOMPS-GO.2894,tt_expressed_not_purified,standard,0.5847,0.75,1,trim a long extramembrane loop,sequence resembles TargetTrack purified (given expression),1% w/v DDM,0.03% w/v DDM (IMAC/SEC),LMNG / DMNG / GDN,fos-choline and PEG as 'stability' detergents (Kotov); glucosides weaker on IMAC (Högbom),Lin/Kotov/Högbom first-line helical IMP extract (DDM)
NYCOMPS-GO.14274,tt_expressed_not_purified,deprioritize,0.4727,0.35,0,,"low purify score, not WRAP-amenable, no obvious construct lever",1% w/v DDM,0.03% w/v DDM (IMAC/SEC),LMNG / DMNG / GDN,fos-choline and PEG as 'stability' detergents (Kotov); glucosides weaker on IMAC (Högbom),Lin/Kotov/Högbom first-line helical IMP extract (DDM)
NYCOMPS-GO.7959,tt_expressed_not_purified,standard,0.5861,0.35,0,trim a long extramembrane loop,sequence resembles TargetTrack purified (given expression),1% w/v DDM,0.03% w/v DDM (IMAC/SEC),LMNG / DMNG / GDN,fos-choline and PEG as 'stability' detergents (Kotov); glucosides weaker on IMAC (Högbom),Lin/Kotov/Högbom first-line helical IMP extract (DDM)
NYCOMPS-GO.7647,tt_expressed_not_purified,wrap_rescue,0.4294,0.95,1,,standard purify looks unlikely; termini/TM belt look WRAP-amenable,1% w/v DDM,0.03% w/v DDM (IMAC/SEC),LMNG / DMNG / GDN,fos-choline and PEG as 'stability' detergents (Kotov); glucosides weaker on IMAC (Högbom),Lin/Kotov/Högbom first-line helical IMP extract (DDM)
NYCOMPS-GO.19281,tt_expressed_not_purified,wrap_rescue,0.5145,0.75,1,trim a long extramembrane loop,standard purify looks unlikely; termini/TM belt look WRAP-amenable,1% w/v DDM,0.03% w/v DDM (IMAC/SEC),LMNG / DMNG / GDN,fos-choline and PEG as 'stability' detergents (Kotov); glucosides weaker on IMAC (Högbom),Lin/Kotov/Högbom first-line helical IMP extract (DDM)
NYCOMPS-GO.6351,tt_expressed_not_purified,wrap_rescue,0.4152,0.95,1,,standard purify looks unlikely; termini/TM belt look WRAP-amenable,1% w/v DDM,0.03% w/v DDM (IMAC/SEC),LMNG / DMNG / GDN,fos-choline and PEG as 'stability' detergents (Kotov); glucosides weaker on IMAC (Högbom),Lin/Kotov/Högbom first-line helical IMP extract (DDM)
NYCOMPS-GO.7214,tt_expressed_not_purified,wrap_rescue,0.4465,0.75,1,,standard purify looks unlikely; termini/TM belt look WRAP-amenable,1% w/v DDM,0.03% w/v DDM (IMAC/SEC),LMNG / DMNG / GDN,fos-choline and PEG as 'stability' detergents (Kotov); glucosides weaker on IMAC (Högbom),Lin/Kotov/Högbom first-line helical IMP extract (DDM)
NYCOMPS-GO.9821,tt_expressed_not_purified,deprioritize,0.4493,0.35,0,,"low purify score, not WRAP-amenable, no obvious construct lever",1% w/v DDM,0.03% w/v DDM (IMAC/SEC),LMNG / DMNG / GDN,fos-choline and PEG as 'stability' detergents (Kotov); glucosides weaker on IMAC (Högbom),Lin/Kotov/Högbom first-line helical IMP extract (DDM)
NYCOMPS-GO.13464,tt_expressed_not_purified,redesign,0.5284,0.15,0,trim a long extramembrane loop,trim a long extramembrane loop,1% w/v DDM,0.03% w/v DDM (IMAC/SEC),LMNG / DMNG / GDN,fos-choline and PEG as 'stability' detergents (Kotov); glucosides weaker on IMAC (Högbom),Lin/Kotov/Högbom first-line helical IMP extract (DDM)
MPP-GO.118934,tt_expressed_not_purified,redesign,0.2207,0.15,0,trim a long extramembrane loop,trim a long extramembrane loop,1% w/v DDM,0.03% w/v DDM (IMAC/SEC),LMNG / DMNG / GDN,fos-choline and PEG as 'stability' detergents (Kotov); glucosides weaker on IMAC (Högbom),Lin/Kotov/Högbom first-line helical IMP extract (DDM)
NYCOMPS-GO.3118,tt_expressed_not_purified,redesign,0.446,0.15,0,trim a long extramembrane loop,trim a long extramembrane loop,1% w/v DDM,0.03% w/v DDM (IMAC/SEC),LMNG / DMNG / GDN,fos-choline and PEG as 'stability' detergents (Kotov); glucosides weaker on IMAC (Högbom),Lin/Kotov/Högbom first-line helical IMP extract (DDM)
CSMP-1081C,tt_expressed_not_purified,redesign,0.4065,0.15,0,trim a long extramembrane loop,trim a long extramembrane loop,1% w/v DDM,0.03% w/v DDM (IMAC/SEC),LMNG / DMNG / GDN,fos-choline and PEG as 'stability' detergents (Kotov); glucosides weaker on IMAC (Högbom),Lin/Kotov/Högbom first-line helical IMP extract (DDM)
NYCOMPS-GO.4714,tt_expressed_not_purified,redesign,0.5189,0.35,0,trim a long extramembrane loop,trim a long extramembrane loop,1% w/v DDM,0.03% w/v DDM (IMAC/SEC),LMNG / DMNG / GDN,fos-choline and PEG as 'stability' detergents (Kotov); glucosides weaker on IMAC (Högbom),Lin/Kotov/Högbom first-line helical IMP extract (DDM)
NYCOMPS-GO.9601,tt_expressed_not_purified,deprioritize,0.485,0.35,0,,"low purify score, not WRAP-amenable, no obvious construct lever",1% w/v DDM,0.03% w/v DDM (IMAC/SEC),LMNG / DMNG / GDN,fos-choline and PEG as 'stability' detergents (Kotov); glucosides weaker on IMAC (Högbom),Lin/Kotov/Högbom first-line helical IMP extract (DDM)
MPSBC-Rgt2p,tt_expressed_not_purified,standard,0.722,0.45,0,drop sequons or use a prokaryotic host; reduce disulfides / skip eukaryotic folding; trim a long extramembrane loop,sequence resembles TargetTrack purified (given expression),1% w/v DDM,0.03% w/v DDM (IMAC/SEC),LMNG / DMNG / GDN,fos-choline and PEG as 'stability' detergents (Kotov); glucosides weaker on IMAC (Högbom),Lin/Kotov/Högbom first-line helical IMP extract (DDM)
NYCOMPS-GO.13723,tt_expressed_not_purified,standard,0.5594,0.35,0,trim a long extramembrane loop,sequence resembles TargetTrack purified (given expression),1% w/v DDM,0.03% w/v DDM (IMAC/SEC),LMNG / DMNG / GDN,fos-choline and PEG as 'stability' detergents (Kotov); glucosides weaker on IMAC (Högbom),Lin/Kotov/Högbom first-line helical IMP extract (DDM)
NYCOMPS-GO.44,tt_expressed_not_purified,redesign,0.504,0.35,0,trim a long extramembrane loop,trim a long extramembrane loop,1% w/v DDM,0.03% w/v DDM (IMAC/SEC),LMNG / DMNG / GDN,fos-choline and PEG as 'stability' detergents (Kotov); glucosides weaker on IMAC (Högbom),Lin/Kotov/Högbom first-line helical IMP extract (DDM)
NYCOMPS-GO.13807,tt_expressed_not_purified,standard,0.5569,0.75,1,add a fusion-able N- or C-terminus,sequence resembles TargetTrack purified (given expression),1% w/v DDM,0.03% w/v DDM (IMAC/SEC),LMNG / DMNG / GDN,fos-choline and PEG as 'stability' detergents (Kotov); glucosides weaker on IMAC (Högbom),Lin/Kotov/Högbom first-line helical IMP extract (DDM)
NYCOMPS-GO.201,tt_expressed_not_purified,wrap_rescue,0.5056,0.75,1,add a fusion-able N- or C-terminus; trim a long extramembrane loop,standard purify looks unlikely; termini/TM belt look WRAP-amenable,1% w/v DDM,0.03% w/v DDM (IMAC/SEC),LMNG / DMNG / GDN,fos-choline and PEG as 'stability' detergents (Kotov); glucosides weaker on IMAC (Högbom),Lin/Kotov/Högbom first-line helical IMP extract (DDM)
MPP-GO.111646,tt_expressed_not_purified,redesign,0.3582,0.15,0,reduce disulfides / skip eukaryotic folding; trim a long extramembrane loop,reduce disulfides / skip eukaryotic folding; trim a long extramembrane loop,1% w/v DDM,0.03% w/v DDM (IMAC/SEC),LMNG / DMNG / GDN,fos-choline and PEG as 'stability' detergents (Kotov); glucosides weaker on IMAC (Högbom),Lin/Kotov/Högbom first-line helical IMP extract (DDM)
NYCOMPS-GO.4445,tt_expressed_not_purified,redesign,0.4965,0.35,0,trim a long extramembrane loop,trim a long extramembrane loop,1% w/v DDM,0.03% w/v DDM (IMAC/SEC),LMNG / DMNG / GDN,fos-choline and PEG as 'stability' detergents (Kotov); glucosides weaker on IMAC (Högbom),Lin/Kotov/Högbom first-line helical IMP extract (DDM)
NYCOMPS-GO.1800,tt_expressed_not_purified,standard,0.552,0.35,0,,sequence resembles TargetTrack purified (given expression),1% w/v DDM,0.03% w/v DDM (IMAC/SEC),LMNG / DMNG / GDN,fos-choline and PEG as 'stability' detergents (Kotov); glucosides weaker on IMAC (Högbom),Lin/Kotov/Högbom first-line helical IMP extract (DDM)
NYCOMPS-GO.14264,tt_expressed_not_purified,standard,0.7095,0.75,1,,sequence resembles TargetTrack purified (given expression),1% w/v DDM,0.03% w/v DDM (IMAC/SEC),LMNG / DMNG / GDN,fos-choline and PEG as 'stability' detergents (Kotov); glucosides weaker on IMAC (Högbom),Lin/Kotov/Högbom first-line helical IMP extract (DDM)
NYCOMPS-GO.342,tt_expressed_not_purified,standard,0.6075,0.75,1,trim a long extramembrane loop,sequence resembles TargetTrack purified (given expression),1% w/v DDM,0.03% w/v DDM (IMAC/SEC),LMNG / DMNG / GDN,fos-choline and PEG as 'stability' detergents (Kotov); glucosides weaker on IMAC (Högbom),Lin/Kotov/Högbom first-line helical IMP extract (DDM)
TransportPDB-0574,tt_expressed_not_purified,redesign,0.5415,0.25,0,drop sequons or use a prokaryotic host; reduce disulfides / skip eukaryotic folding; trim a long extramembrane loop,drop sequons or use a prokaryotic host; reduce disulfides / skip eukaryotic folding; trim a long extramembrane loop,1% w/v DDM,0.03% w/v DDM (IMAC/SEC),LMNG / DMNG / GDN,fos-choline and PEG as 'stability' detergents (Kotov); glucosides weaker on IMAC (Högbom),Lin/Kotov/Högbom first-line helical IMP extract (DDM)
NYCOMPS-GO.3148,tt_expressed_not_purified,redesign,0.4339,0.35,0,trim a long extramembrane loop,trim a long extramembrane loop,1% w/v DDM,0.03% w/v DDM (IMAC/SEC),LMNG / DMNG / GDN,fos-choline and PEG as 'stability' detergents (Kotov); glucosides weaker on IMAC (Högbom),Lin/Kotov/Högbom first-line helical IMP extract (DDM)
MPP-GO.121191,tt_expressed_not_purified,redesign,0.4665,0.15,0,reduce disulfides / skip eukaryotic folding; trim a long extramembrane loop,reduce disulfides / skip eukaryotic folding; trim a long extramembrane loop,1% w/v DDM,0.03% w/v DDM (IMAC/SEC),LMNG / DMNG / GDN,fos-choline and PEG as 'stability' detergents (Kotov); glucosides weaker on IMAC (Högbom),Lin/Kotov/Högbom first-line helical IMP extract (DDM)
NYCOMPS-GO.14108,tt_expressed_not_purified,wrap_rescue,0.5059,0.75,1,trim a long extramembrane loop,standard purify looks unlikely; termini/TM belt look WRAP-amenable,1% w/v DDM,0.03% w/v DDM (IMAC/SEC),LMNG / DMNG / GDN,fos-choline and PEG as 'stability' detergents (Kotov); glucosides weaker on IMAC (Högbom),Lin/Kotov/Högbom first-line helical IMP extract (DDM)
NYCOMPS-GO.13878,tt_expressed_not_purified,wrap_rescue,0.4924,0.75,1,,standard purify looks unlikely; termini/TM belt look WRAP-amenable,1% w/v DDM,0.03% w/v DDM (IMAC/SEC),LMNG / DMNG / GDN,fos-choline and PEG as 'stability' detergents (Kotov); glucosides weaker on IMAC (Högbom),Lin/Kotov/Högbom first-line helical IMP extract (DDM)
NYCOMPS-GO.14278,tt_expressed_not_purified,standard,0.6323,0.35,0,,sequence resembles TargetTrack purified (given expression),1% w/v DDM,0.03% w/v DDM (IMAC/SEC),LMNG / DMNG / GDN,fos-choline and PEG as 'stability' detergents (Kotov); glucosides weaker on IMAC (Högbom),Lin/Kotov/Högbom first-line helical IMP extract (DDM)
NYCOMPS-GO.2547,tt_expressed_not_purified,standard,0.6236,0.95,1,,sequence resembles TargetTrack purified (given expression),1% w/v DDM,0.03% w/v DDM (IMAC/SEC),LMNG / DMNG / GDN,fos-choline and PEG as 'stability' detergents (Kotov); glucosides weaker on IMAC (Högbom),Lin/Kotov/Högbom first-line helical IMP extract (DDM)
NYCOMPS-GO.7829,tt_expressed_not_purified,redesign,0.4358,0.15,0,trim a long extramembrane loop,trim a long extramembrane loop,1% w/v DDM,0.03% w/v DDM (IMAC/SEC),LMNG / DMNG / GDN,fos-choline and PEG as 'stability' detergents (Kotov); glucosides weaker on IMAC (Högbom),Lin/Kotov/Högbom first-line helical IMP extract (DDM)
NYCOMPS-GO.8712,tt_expressed_not_purified,wrap_rescue,0.4767,0.95,1,,standard purify looks unlikely; termini/TM belt look WRAP-amenable,1% w/v DDM,0.03% w/v DDM (IMAC/SEC),LMNG / DMNG / GDN,fos-choline and PEG as 'stability' detergents (Kotov); glucosides weaker on IMAC (Högbom),Lin/Kotov/Högbom first-line helical IMP extract (DDM)
MPP-GO.119930,tt_expressed_not_purified,standard,0.6071,0.15,0,,sequence resembles TargetTrack purified (given expression),1% w/v DDM,0.03% w/v DDM (IMAC/SEC),LMNG / DMNG / GDN,fos-choline and PEG as 'stability' detergents (Kotov); glucosides weaker on IMAC (Högbom),Lin/Kotov/Högbom first-line helical IMP extract (DDM)
NYCOMPS-GO.14227,tt_expressed_not_purified,wrap_rescue,0.4829,0.75,1,,standard purify looks unlikely; termini/TM belt look WRAP-amenable,1% w/v DDM,0.03% w/v DDM (IMAC/SEC),LMNG / DMNG / GDN,fos-choline and PEG as 'stability' detergents (Kotov); glucosides weaker on IMAC (Högbom),Lin/Kotov/Högbom first-line helical IMP extract (DDM)
NYCOMPS-GO.6545,tt_expressed_not_purified,wrap_rescue,0.5468,0.75,1,trim a long extramembrane loop,standard purify looks unlikely; termini/TM belt look WRAP-amenable,1% w/v DDM,0.03% w/v DDM (IMAC/SEC),LMNG / DMNG / GDN,fos-choline and PEG as 'stability' detergents (Kotov); glucosides weaker on IMAC (Högbom),Lin/Kotov/Högbom first-line helical IMP extract (DDM)
MPP-GO.118603,tt_expressed_not_purified,redesign,0.3695,0.15,0,trim a long extramembrane loop,trim a long extramembrane loop,1% w/v DDM,0.03% w/v DDM (IMAC/SEC),LMNG / DMNG / GDN,fos-choline and PEG as 'stability' detergents (Kotov); glucosides weaker on IMAC (Högbom),Lin/Kotov/Högbom first-line helical IMP extract (DDM)
NYCOMPS-GO.4731,tt_expressed_not_purified,redesign,0.3936,0.35,0,trim a long extramembrane loop,trim a long extramembrane loop,1% w/v DDM,0.03% w/v DDM (IMAC/SEC),LMNG / DMNG / GDN,fos-choline and PEG as 'stability' detergents (Kotov); glucosides weaker on IMAC (Högbom),Lin/Kotov/Högbom first-line helical IMP extract (DDM)
TMPC-GO.120728,tt_expressed_not_purified,redesign,0.4908,0.15,0,reduce disulfides / skip eukaryotic folding; trim a long extramembrane loop,reduce disulfides / skip eukaryotic folding; trim a long extramembrane loop,1% w/v DDM,0.03% w/v DDM (IMAC/SEC),LMNG / DMNG / GDN,fos-choline and PEG as 'stability' detergents (Kotov); glucosides weaker on IMAC (Högbom),Lin/Kotov/Högbom first-line helical IMP extract (DDM)
NYCOMPS-GO.4390,tt_expressed_not_purified,standard,0.5937,0.35,0,,sequence resembles TargetTrack purified (given expression),1% w/v DDM,0.03% w/v DDM (IMAC/SEC),LMNG / DMNG / GDN,fos-choline and PEG as 'stability' detergents (Kotov); glucosides weaker on IMAC (Högbom),Lin/Kotov/Högbom first-line helical IMP extract (DDM)
NYCOMPS-GO.14208,tt_expressed_not_purified,deprioritize,0.5218,0.35,0,,"low purify score, not WRAP-amenable, no obvious construct lever",1% w/v DDM,0.03% w/v DDM (IMAC/SEC),LMNG / DMNG / GDN,fos-choline and PEG as 'stability' detergents (Kotov); glucosides weaker on IMAC (Högbom),Lin/Kotov/Högbom first-line helical IMP extract (DDM)
NYCOMPS-GO.2799,tt_expressed_not_purified,wrap_rescue,0.5039,0.75,1,trim a long extramembrane loop,standard purify looks unlikely; termini/TM belt look WRAP-amenable,1% w/v DDM,0.03% w/v DDM (IMAC/SEC),LMNG / DMNG / GDN,fos-choline and PEG as 'stability' detergents (Kotov); glucosides weaker on IMAC (Högbom),Lin/Kotov/Högbom first-line helical IMP extract (DDM)
TransportPDB-0329,tt_expressed_not_purified,standard,0.5787,0.55,1,reduce disulfides / skip eukaryotic folding; trim a long extramembrane loop,sequence resembles TargetTrack purified (given expression),1% w/v DDM,0.03% w/v DDM (IMAC/SEC),LMNG / DMNG / GDN,fos-choline and PEG as 'stability' detergents (Kotov); glucosides weaker on IMAC (Högbom),Lin/Kotov/Högbom first-line helical IMP extract (DDM)
MPP-GO.123250,tt_expressed_not_purified,redesign,0.4632,0.15,0,trim a long extramembrane loop,trim a long extramembrane loop,1% w/v DDM,0.03% w/v DDM (IMAC/SEC),LMNG / DMNG / GDN,fos-choline and PEG as 'stability' detergents (Kotov); glucosides weaker on IMAC (Högbom),Lin/Kotov/Högbom first-line helical IMP extract (DDM)
NYCOMPS-GO.99,tt_expressed_not_purified,redesign,0.5394,0.35,0,trim a long extramembrane loop,trim a long extramembrane loop,1% w/v DDM,0.03% w/v DDM (IMAC/SEC),LMNG / DMNG / GDN,fos-choline and PEG as 'stability' detergents (Kotov); glucosides weaker on IMAC (Högbom),Lin/Kotov/Högbom first-line helical IMP extract (DDM)
NYCOMPS-GO.6892,tt_expressed_not_purified,deprioritize,0.478,0.35,0,,"low purify score, not WRAP-amenable, no obvious construct lever",1% w/v DDM,0.03% w/v DDM (IMAC/SEC),LMNG / DMNG / GDN,fos-choline and PEG as 'stability' detergents (Kotov); glucosides weaker on IMAC (Högbom),Lin/Kotov/Högbom first-line helical IMP extract (DDM)
NYCOMPS-GO.19250,tt_expressed_not_purified,standard,0.5989,0.75,1,trim a long extramembrane loop,sequence resembles TargetTrack purified (given expression),1% w/v DDM,0.03% w/v DDM (IMAC/SEC),LMNG / DMNG / GDN,fos-choline and PEG as 'stability' detergents (Kotov); glucosides weaker on IMAC (Högbom),Lin/Kotov/Högbom first-line helical IMP extract (DDM)
MPSBC-Rce1pSku,tt_expressed_not_purified,redesign,0.4532,0.35,0,trim a long extramembrane loop,trim a long extramembrane loop,1% w/v DDM,0.03% w/v DDM (IMAC/SEC),LMNG / DMNG / GDN,fos-choline and PEG as 'stability' detergents (Kotov); glucosides weaker on IMAC (Högbom),Lin/Kotov/Högbom first-line helical IMP extract (DDM)
NYCOMPS-GO.14317,tt_expressed_not_purified,redesign,0.5423,0.35,0,trim a long extramembrane loop,trim a long extramembrane loop,1% w/v DDM,0.03% w/v DDM (IMAC/SEC),LMNG / DMNG / GDN,fos-choline and PEG as 'stability' detergents (Kotov); glucosides weaker on IMAC (Högbom),Lin/Kotov/Högbom first-line helical IMP extract (DDM)
NYCOMPS-GO.2123,tt_expressed_not_purified,wrap_rescue,0.4376,0.75,1,,standard purify looks unlikely; termini/TM belt look WRAP-amenable,1% w/v DDM,0.03% w/v DDM (IMAC/SEC),LMNG / DMNG / GDN,fos-choline and PEG as 'stability' detergents (Kotov); glucosides weaker on IMAC (Högbom),Lin/Kotov/Högbom first-line helical IMP extract (DDM)
MPP-GO.120256,tt_expressed_not_purified,deprioritize,0.5022,0.0,0,,"low purify score, not WRAP-amenable, no obvious construct lever",1% w/v DDM,0.03% w/v DDM (IMAC/SEC),LMNG / DMNG / GDN,fos-choline and PEG as 'stability' detergents (Kotov); glucosides weaker on IMAC (Högbom),Lin/Kotov/Högbom first-line helical IMP extract (DDM)
MPSBC-Tok1pCg,tt_expressed_not_purified,wrap_rescue,0.5369,0.75,1,reduce disulfides / skip eukaryotic folding,standard purify looks unlikely; termini/TM belt look WRAP-amenable,1% w/v DDM,0.03% w/v DDM (IMAC/SEC),LMNG / DMNG / GDN,fos-choline and PEG as 'stability' detergents (Kotov); glucosides weaker on IMAC (Högbom),Lin/Kotov/Högbom first-line helical IMP extract (DDM)
NYCOMPS-GO.7761,tt_expressed_not_purified,wrap_rescue,0.5147,0.95,1,add a fusion-able N- or C-terminus,standard purify looks unlikely; termini/TM belt look WRAP-amenable,1% w/v DDM,0.03% w/v DDM (IMAC/SEC),LMNG / DMNG / GDN,fos-choline and PEG as 'stability' detergents (Kotov); glucosides weaker on IMAC (Högbom),Lin/Kotov/Högbom first-line helical IMP extract (DDM)
TransportPDB-0014,tt_expressed_not_purified,redesign,0.4758,0.05,0,drop sequons or use a prokaryotic host; reduce disulfides / skip eukaryotic folding; trim a long extramembrane loop,drop sequons or use a prokaryotic host; reduce disulfides / skip eukaryotic folding; trim a long extramembrane loop,1% w/v DDM,0.03% w/v DDM (IMAC/SEC),LMNG / DMNG / GDN,fos-choline and PEG as 'stability' detergents (Kotov); glucosides weaker on IMAC (Högbom),Lin/Kotov/Högbom first-line helical IMP extract (DDM)
NYCOMPS-GO.2810,tt_expressed_not_purified,wrap_rescue,0.5494,0.75,1,,standard purify looks unlikely; termini/TM belt look WRAP-amenable,1% w/v DDM,0.03% w/v DDM (IMAC/SEC),LMNG / DMNG / GDN,fos-choline and PEG as 'stability' detergents (Kotov); glucosides weaker on IMAC (Högbom),Lin/Kotov/Högbom first-line helical IMP extract (DDM)
TMPC-GO.118647,tt_expressed_not_purified,redesign,0.4869,0.05,0,drop sequons or use a prokaryotic host; trim a long extramembrane loop,drop sequons or use a prokaryotic host; trim a long extramembrane loop,1% w/v DDM,0.03% w/v DDM (IMAC/SEC),LMNG / DMNG / GDN,fos-choline and PEG as 'stability' detergents (Kotov); glucosides weaker on IMAC (Högbom),Lin/Kotov/Högbom first-line helical IMP extract (DDM)
NYCOMPS-GO.1383,tt_expressed_not_purified,standard,0.6679,0.65,1,drop sequons or use a prokaryotic host; trim a long extramembrane loop,sequence resembles TargetTrack purified (given expression),1% w/v DDM,0.03% w/v DDM (IMAC/SEC),LMNG / DMNG / GDN,fos-choline and PEG as 'stability' detergents (Kotov); glucosides weaker on IMAC (Högbom),Lin/Kotov/Högbom first-line helical IMP extract (DDM)
MPP-GO.121987,tt_expressed_not_purified,deprioritize,0.514,0.15,0,,"low purify score, not WRAP-amenable, no obvious construct lever",1% w/v DDM,0.03% w/v DDM (IMAC/SEC),LMNG / DMNG / GDN,fos-choline and PEG as 'stability' detergents (Kotov); glucosides weaker on IMAC (Högbom),Lin/Kotov/Högbom first-line helical IMP extract (DDM)
NYCOMPS-GO.2885,tt_expressed_not_purified,wrap_rescue,0.4739,0.95,1,add a fusion-able N- or C-terminus,standard purify looks unlikely; termini/TM belt look WRAP-amenable,1% w/v DDM,0.03% w/v DDM (IMAC/SEC),LMNG / DMNG / GDN,fos-choline and PEG as 'stability' detergents (Kotov); glucosides weaker on IMAC (Högbom),Lin/Kotov/Högbom first-line helical IMP extract (DDM)
NYCOMPS-GO.10030,tt_expressed_not_purified,standard,0.61,0.2,0,,sequence resembles TargetTrack purified (given expression),1% w/v DDM,0.03% w/v DDM (IMAC/SEC),LMNG / DMNG / GDN,fos-choline and PEG as 'stability' detergents (Kotov); glucosides weaker on IMAC (Högbom),Lin/Kotov/Högbom first-line helical IMP extract (DDM)
NYCOMPS-GO.360,tt_expressed_not_purified,standard,0.6327,0.75,1,trim a long extramembrane loop,sequence resembles TargetTrack purified (given expression),1% w/v DDM,0.03% w/v DDM (IMAC/SEC),LMNG / DMNG / GDN,fos-choline and PEG as 'stability' detergents (Kotov); glucosides weaker on IMAC (Högbom),Lin/Kotov/Högbom first-line helical IMP extract (DDM)
NYCOMPS-GO.2918,tt_expressed_not_purified,deprioritize,0.3584,0.35,0,,"low purify score, not WRAP-amenable, no obvious construct lever",1% w/v DDM,0.03% w/v DDM (IMAC/SEC),LMNG / DMNG / GDN,fos-choline and PEG as 'stability' detergents (Kotov); glucosides weaker on IMAC (Högbom),Lin/Kotov/Högbom first-line helical IMP extract (DDM)
NYCOMPS-GO.2769,tt_expressed_not_purified,wrap_rescue,0.4557,0.95,1,,standard purify looks unlikely; termini/TM belt look WRAP-amenable,1% w/v DDM,0.03% w/v DDM (IMAC/SEC),LMNG / DMNG / GDN,fos-choline and PEG as 'stability' detergents (Kotov); glucosides weaker on IMAC (Högbom),Lin/Kotov/Högbom first-line helical IMP extract (DDM)
NYCOMPS-GO.14075,tt_expressed_not_purified,redesign,0.5068,0.35,0,trim a long extramembrane loop,trim a long extramembrane loop,1% w/v DDM,0.03% w/v DDM (IMAC/SEC),LMNG / DMNG / GDN,fos-choline and PEG as 'stability' detergents (Kotov); glucosides weaker on IMAC (Högbom),Lin/Kotov/Högbom first-line helical IMP extract (DDM)
NYCOMPS-GO.9891,tt_expressed_not_purified,redesign,0.4327,0.15,0,trim a long extramembrane loop,trim a long extramembrane loop,1% w/v DDM,0.03% w/v DDM (IMAC/SEC),LMNG / DMNG / GDN,fos-choline and PEG as 'stability' detergents (Kotov); glucosides weaker on IMAC (Högbom),Lin/Kotov/Högbom first-line helical IMP extract (DDM)
NYCOMPS-GO.3406,tt_expressed_not_purified,standard,0.6162,0.05,0,drop sequons or use a prokaryotic host; reduce disulfides / skip eukaryotic folding; trim a long extramembrane loop,sequence resembles TargetTrack purified (given expression),1% w/v DDM,0.03% w/v DDM (IMAC/SEC),LMNG / DMNG / GDN,fos-choline and PEG as 'stability' detergents (Kotov); glucosides weaker on IMAC (Högbom),Lin/Kotov/Högbom first-line helical IMP extract (DDM)
NYCOMPS-GO.2633,tt_expressed_not_purified,deprioritize,0.42,0.35,0,,"low purify score, not WRAP-amenable, no obvious construct lever",1% w/v DDM,0.03% w/v DDM (IMAC/SEC),LMNG / DMNG / GDN,fos-choline and PEG as 'stability' detergents (Kotov); glucosides weaker on IMAC (Högbom),Lin/Kotov/Högbom first-line helical IMP extract (DDM)
TransportPDB-0228,tt_expressed_not_purified,standard,0.5723,0.75,1,reduce disulfides / skip eukaryotic folding; trim a long extramembrane loop,sequence resembles TargetTrack purified (given expression),1% w/v DDM,0.03% w/v DDM (IMAC/SEC),LMNG / DMNG / GDN,fos-choline and PEG as 'stability' detergents (Kotov); glucosides weaker on IMAC (Högbom),Lin/Kotov/Högbom first-line helical IMP extract (DDM)
NYCOMPS-GO.1344,tt_expressed_not_purified,standard,0.5783,0.35,0,trim a long extramembrane loop,sequence resembles TargetTrack purified (given expression),1% w/v DDM,0.03% w/v DDM (IMAC/SEC),LMNG / DMNG / GDN,fos-choline and PEG as 'stability' detergents (Kotov); glucosides weaker on IMAC (Högbom),Lin/Kotov/Högbom first-line helical IMP extract (DDM)
NYCOMPS-GO.3085,tt_expressed_not_purified,redesign,0.5294,0.25,0,drop sequons or use a prokaryotic host; trim a long extramembrane loop,drop sequons or use a prokaryotic host; trim a long extramembrane loop,1% w/v DDM,0.03% w/v DDM (IMAC/SEC),LMNG / DMNG / GDN,fos-choline and PEG as 'stability' detergents (Kotov); glucosides weaker on IMAC (Högbom),Lin/Kotov/Högbom first-line helical IMP extract (DDM)
NYCOMPS-GO.7558,tt_expressed_not_purified,wrap_rescue,0.4936,0.75,1,trim a long extramembrane loop,standard purify looks unlikely; termini/TM belt look WRAP-amenable,1% w/v DDM,0.03% w/v DDM (IMAC/SEC),LMNG / DMNG / GDN,fos-choline and PEG as 'stability' detergents (Kotov); glucosides weaker on IMAC (Högbom),Lin/Kotov/Högbom first-line helical IMP extract (DDM)
MPP-GO.118610,tt_expressed_not_purified,standard,0.5719,0.05,0,drop sequons or use a prokaryotic host; reduce disulfides / skip eukaryotic folding; trim a long extramembrane loop,sequence resembles TargetTrack purified (given expression),1% w/v DDM,0.03% w/v DDM (IMAC/SEC),LMNG / DMNG / GDN,fos-choline and PEG as 'stability' detergents (Kotov); glucosides weaker on IMAC (Högbom),Lin/Kotov/Högbom first-line helical IMP extract (DDM)
NYCOMPS-GO.4311,tt_expressed_not_purified,deprioritize,0.4608,0.35,0,,"low purify score, not WRAP-amenable, no obvious construct lever",1% w/v DDM,0.03% w/v DDM (IMAC/SEC),LMNG / DMNG / GDN,fos-choline and PEG as 'stability' detergents (Kotov); glucosides weaker on IMAC (Högbom),Lin/Kotov/Högbom first-line helical IMP extract (DDM)
NYCOMPS-GO.222,tt_expressed_not_purified,wrap_rescue,0.5173,0.55,1,trim a long extramembrane loop,standard purify looks unlikely; termini/TM belt look WRAP-amenable,1% w/v DDM,0.03% w/v DDM (IMAC/SEC),LMNG / DMNG / GDN,fos-choline and PEG as 'stability' detergents (Kotov); glucosides weaker on IMAC (Högbom),Lin/Kotov/Högbom first-line helical IMP extract (DDM)
NYCOMPS-GO.4408,tt_expressed_not_purified,deprioritize,0.4369,0.35,0,,"low purify score, not WRAP-amenable, no obvious construct lever",1% w/v DDM,0.03% w/v DDM (IMAC/SEC),LMNG / DMNG / GDN,fos-choline and PEG as 'stability' detergents (Kotov); glucosides weaker on IMAC (Högbom),Lin/Kotov/Högbom first-line helical IMP extract (DDM)
NYCOMPS-GO.8543,tt_expressed_not_purified,deprioritize,0.4811,0.35,0,,"low purify score, not WRAP-amenable, no obvious construct lever",1% w/v DDM,0.03% w/v DDM (IMAC/SEC),LMNG / DMNG / GDN,fos-choline and PEG as 'stability' detergents (Kotov); glucosides weaker on IMAC (Högbom),Lin/Kotov/Högbom first-line helical IMP extract (DDM)
NYCOMPS-GO.1374,tt_expressed_not_purified,deprioritize,0.5415,0.35,0,,"low purify score, not WRAP-amenable, no obvious construct lever",1% w/v DDM,0.03% w/v DDM (IMAC/SEC),LMNG / DMNG / GDN,fos-choline and PEG as 'stability' detergents (Kotov); glucosides weaker on IMAC (Högbom),Lin/Kotov/Högbom first-line helical IMP extract (DDM)
NYCOMPS-GO.7251,tt_expressed_not_purified,wrap_rescue,0.5474,0.75,1,trim a long extramembrane loop,standard purify looks unlikely; termini/TM belt look WRAP-amenable,1% w/v DDM,0.03% w/v DDM (IMAC/SEC),LMNG / DMNG / GDN,fos-choline and PEG as 'stability' detergents (Kotov); glucosides weaker on IMAC (Högbom),Lin/Kotov/Högbom first-line helical IMP extract (DDM)
NYCOMPS-GO.19255,tt_expressed_not_purified,redesign,0.5386,0.35,0,shorten or split the construct; trim a long extramembrane loop,shorten or split the construct; trim a long extramembrane loop,1% w/v DDM,0.03% w/v DDM (IMAC/SEC),LMNG / DMNG / GDN,fos-choline and PEG as 'stability' detergents (Kotov); glucosides weaker on IMAC (Högbom),Lin/Kotov/Högbom first-line helical IMP extract (DDM)
MPP-GO.122222,tt_expressed_not_purified,redesign,0.4578,0.15,0,reduce disulfides / skip eukaryotic folding; trim a long extramembrane loop,reduce disulfides / skip eukaryotic folding; trim a long extramembrane loop,1% w/v DDM,0.03% w/v DDM (IMAC/SEC),LMNG / DMNG / GDN,fos-choline and PEG as 'stability' detergents (Kotov); glucosides weaker on IMAC (Högbom),Lin/Kotov/Högbom first-line helical IMP extract (DDM)
NYCOMPS-GO.9646,tt_expressed_not_purified,standard,0.6221,0.75,1,trim a long extramembrane loop,sequence resembles TargetTrack purified (given expression),1% w/v DDM,0.03% w/v DDM (IMAC/SEC),LMNG / DMNG / GDN,fos-choline and PEG as 'stability' detergents (Kotov); glucosides weaker on IMAC (Högbom),Lin/Kotov/Högbom first-line helical IMP extract (DDM)
TransportPDB-0201,tt_expressed_not_purified,standard,0.5829,0.25,0,drop sequons or use a prokaryotic host; reduce disulfides / skip eukaryotic folding; trim a long extramembrane loop,sequence resembles TargetTrack purified (given expression),1% w/v DDM,0.03% w/v DDM (IMAC/SEC),LMNG / DMNG / GDN,fos-choline and PEG as 'stability' detergents (Kotov); glucosides weaker on IMAC (Högbom),Lin/Kotov/Högbom first-line helical IMP extract (DDM)
MPP-GO.119271,tt_expressed_not_purified,redesign,0.4015,0.15,0,trim a long extramembrane loop,trim a long extramembrane loop,1% w/v DDM,0.03% w/v DDM (IMAC/SEC),LMNG / DMNG / GDN,fos-choline and PEG as 'stability' detergents (Kotov); glucosides weaker on IMAC (Högbom),Lin/Kotov/Högbom first-line helical IMP extract (DDM)
CSMP-90,tt_expressed_not_purified,redesign,0.5172,0.35,0,reduce disulfides / skip eukaryotic folding,reduce disulfides / skip eukaryotic folding,1% w/v DDM,0.03% w/v DDM (IMAC/SEC),LMNG / DMNG / GDN,fos-choline and PEG as 'stability' detergents (Kotov); glucosides weaker on IMAC (Högbom),Lin/Kotov/Högbom first-line helical IMP extract (DDM)
NYCOMPS-GO.7611,tt_expressed_not_purified,wrap_rescue,0.4462,0.75,1,add a fusion-able N- or C-terminus; trim a long extramembrane loop,standard purify looks unlikely; termini/TM belt look WRAP-amenable,1% w/v DDM,0.03% w/v DDM (IMAC/SEC),LMNG / DMNG / GDN,fos-choline and PEG as 'stability' detergents (Kotov); glucosides weaker on IMAC (Högbom),Lin/Kotov/Högbom first-line helical IMP extract (DDM)
CSMP-1045C,tt_expressed_not_purified,redesign,0.4923,0.15,0,trim a long extramembrane loop,trim a long extramembrane loop,1% w/v DDM,0.03% w/v DDM (IMAC/SEC),LMNG / DMNG / GDN,fos-choline and PEG as 'stability' detergents (Kotov); glucosides weaker on IMAC (Högbom),Lin/Kotov/Högbom first-line helical IMP extract (DDM)
NYCOMPS-GO.10423,tt_expressed_not_purified,redesign,0.3666,0.8,0,add a fusion-able N- or C-terminus,add a fusion-able N- or C-terminus,1% w/v DDM,0.03% w/v DDM (IMAC/SEC),LMNG / DMNG / GDN,fos-choline and PEG as 'stability' detergents (Kotov); glucosides weaker on IMAC (Högbom),Lin/Kotov/Högbom first-line helical IMP extract (DDM)
MPP-GO.118598,tt_expressed_not_purified,redesign,0.3657,0.15,0,trim a long extramembrane loop,trim a long extramembrane loop,1% w/v DDM,0.03% w/v DDM (IMAC/SEC),LMNG / DMNG / GDN,fos-choline and PEG as 'stability' detergents (Kotov); glucosides weaker on IMAC (Högbom),Lin/Kotov/Högbom first-line helical IMP extract (DDM)
NYCOMPS-GO.2574,tt_expressed_not_purified,wrap_rescue,0.5416,0.75,1,,standard purify looks unlikely; termini/TM belt look WRAP-amenable,1% w/v DDM,0.03% w/v DDM (IMAC/SEC),LMNG / DMNG / GDN,fos-choline and PEG as 'stability' detergents (Kotov); glucosides weaker on IMAC (Högbom),Lin/Kotov/Högbom first-line helical IMP extract (DDM)
NYCOMPS-GO.19309,tt_expressed_not_purified,redesign,0.3709,0.0,0,shorten or split the construct; trim a long extramembrane loop,shorten or split the construct; trim a long extramembrane loop,1% w/v DDM,0.03% w/v DDM (IMAC/SEC),LMNG / DMNG / GDN,fos-choline and PEG as 'stability' detergents (Kotov); glucosides weaker on IMAC (Högbom),Lin/Kotov/Högbom first-line helical IMP extract (DDM)
NYCOMPS-GO.1476,tt_expressed_not_purified,wrap_rescue,0.4079,0.95,1,,standard purify looks unlikely; termini/TM belt look WRAP-amenable,1% w/v DDM,0.03% w/v DDM (IMAC/SEC),LMNG / DMNG / GDN,fos-choline and PEG as 'stability' detergents (Kotov); glucosides weaker on IMAC (Högbom),Lin/Kotov/Högbom first-line helical IMP extract (DDM)
NYCOMPS-GO.7988,tt_expressed_not_purified,standard,0.5508,0.35,0,trim a long extramembrane loop,sequence resembles TargetTrack purified (given expression),1% w/v DDM,0.03% w/v DDM (IMAC/SEC),LMNG / DMNG / GDN,fos-choline and PEG as 'stability' detergents (Kotov); glucosides weaker on IMAC (Högbom),Lin/Kotov/Högbom first-line helical IMP extract (DDM)
NYCOMPS-GO.7252,tt_expressed_not_purified,standard,0.5532,0.35,0,,sequence resembles TargetTrack purified (given expression),1% w/v DDM,0.03% w/v DDM (IMAC/SEC),LMNG / DMNG / GDN,fos-choline and PEG as 'stability' detergents (Kotov); glucosides weaker on IMAC (Högbom),Lin/Kotov/Högbom first-line helical IMP extract (DDM)
NYCOMPS-GO.187,tt_expressed_not_purified,wrap_rescue,0.4865,0.75,1,,standard purify looks unlikely; termini/TM belt look WRAP-amenable,1% w/v DDM,0.03% w/v DDM (IMAC/SEC),LMNG / DMNG / GDN,fos-choline and PEG as 'stability' detergents (Kotov); glucosides weaker on IMAC (Högbom),Lin/Kotov/Högbom first-line helical IMP extract (DDM)
NYCOMPS-GO.14222,tt_expressed_not_purified,standard,0.571,0.35,0,,sequence resembles TargetTrack purified (given expression),1% w/v DDM,0.03% w/v DDM (IMAC/SEC),LMNG / DMNG / GDN,fos-choline and PEG as 'stability' detergents (Kotov); glucosides weaker on IMAC (Högbom),Lin/Kotov/Högbom first-line helical IMP extract (DDM)
NYCOMPS-GO.14024,tt_expressed_not_purified,deprioritize,0.4677,0.35,0,,"low purify score, not WRAP-amenable, no obvious construct lever",1% w/v DDM,0.03% w/v DDM (IMAC/SEC),LMNG / DMNG / GDN,fos-choline and PEG as 'stability' detergents (Kotov); glucosides weaker on IMAC (Högbom),Lin/Kotov/Högbom first-line helical IMP extract (DDM)
NYCOMPS-GO.1085,tt_expressed_not_purified,redesign,0.4394,0.35,0,trim a long extramembrane loop,trim a long extramembrane loop,1% w/v DDM,0.03% w/v DDM (IMAC/SEC),LMNG / DMNG / GDN,fos-choline and PEG as 'stability' detergents (Kotov); glucosides weaker on IMAC (Högbom),Lin/Kotov/Högbom first-line helical IMP extract (DDM)
MPP-GO.120306,tt_expressed_not_purified,redesign,0.5487,0.35,0,trim a long extramembrane loop,trim a long extramembrane loop,1% w/v DDM,0.03% w/v DDM (IMAC/SEC),LMNG / DMNG / GDN,fos-choline and PEG as 'stability' detergents (Kotov); glucosides weaker on IMAC (Högbom),Lin/Kotov/Högbom first-line helical IMP extract (DDM)
NYCOMPS-GO.5216,tt_expressed_not_purified,standard,0.5726,0.35,0,,sequence resembles TargetTrack purified (given expression),1% w/v DDM,0.03% w/v DDM (IMAC/SEC),LMNG / DMNG / GDN,fos-choline and PEG as 'stability' detergents (Kotov); glucosides weaker on IMAC (Högbom),Lin/Kotov/Högbom first-line helical IMP extract (DDM)
NYCOMPS-GO.73,tt_expressed_not_purified,redesign,0.4645,0.15,0,trim a long extramembrane loop,trim a long extramembrane loop,1% w/v DDM,0.03% w/v DDM (IMAC/SEC),LMNG / DMNG / GDN,fos-choline and PEG as 'stability' detergents (Kotov); glucosides weaker on IMAC (Högbom),Lin/Kotov/Högbom first-line helical IMP extract (DDM)
MPSBC-Tok1pKl,tt_expressed_not_purified,standard,0.5546,0.75,1,reduce disulfides / skip eukaryotic folding,sequence resembles TargetTrack purified (given expression),1% w/v DDM,0.03% w/v DDM (IMAC/SEC),LMNG / DMNG / GDN,fos-choline and PEG as 'stability' detergents (Kotov); glucosides weaker on IMAC (Högbom),Lin/Kotov/Högbom first-line helical IMP extract (DDM)
NYCOMPS-GO.11835,tt_expressed_not_purified,redesign,0.4241,0.35,0,trim a long extramembrane loop,trim a long extramembrane loop,1% w/v DDM,0.03% w/v DDM (IMAC/SEC),LMNG / DMNG / GDN,fos-choline and PEG as 'stability' detergents (Kotov); glucosides weaker on IMAC (Högbom),Lin/Kotov/Högbom first-line helical IMP extract (DDM)
NYCOMPS-GO.3786,tt_expressed_not_purified,wrap_rescue,0.505,0.75,1,add a fusion-able N- or C-terminus,standard purify looks unlikely; termini/TM belt look WRAP-amenable,1% w/v DDM,0.03% w/v DDM (IMAC/SEC),LMNG / DMNG / GDN,fos-choline and PEG as 'stability' detergents (Kotov); glucosides weaker on IMAC (Högbom),Lin/Kotov/Högbom first-line helical IMP extract (DDM)
NYCOMPS-GO.12405,tt_expressed_not_purified,wrap_rescue,0.4546,0.75,1,trim a long extramembrane loop,standard purify looks unlikely; termini/TM belt look WRAP-amenable,1% w/v DDM,0.03% w/v DDM (IMAC/SEC),LMNG / DMNG / GDN,fos-choline and PEG as 'stability' detergents (Kotov); glucosides weaker on IMAC (Högbom),Lin/Kotov/Högbom first-line helical IMP extract (DDM)
NYCOMPS-GO.3943,tt_expressed_not_purified,redesign,0.4243,0.35,0,trim a long extramembrane loop,trim a long extramembrane loop,1% w/v DDM,0.03% w/v DDM (IMAC/SEC),LMNG / DMNG / GDN,fos-choline and PEG as 'stability' detergents (Kotov); glucosides weaker on IMAC (Högbom),Lin/Kotov/Högbom first-line helical IMP extract (DDM)
NYCOMPS-GO.1893,tt_expressed_not_purified,redesign,0.1705,0.8,0,add a fusion-able N- or C-terminus,add a fusion-able N- or C-terminus,1% w/v DDM,0.03% w/v DDM (IMAC/SEC),LMNG / DMNG / GDN,fos-choline and PEG as 'stability' detergents (Kotov); glucosides weaker on IMAC (Högbom),Lin/Kotov/Högbom first-line helical IMP extract (DDM)
NYCOMPS-GO.2830,tt_expressed_not_purified,deprioritize,0.5147,0.35,0,,"low purify score, not WRAP-amenable, no obvious construct lever",1% w/v DDM,0.03% w/v DDM (IMAC/SEC),LMNG / DMNG / GDN,fos-choline and PEG as 'stability' detergents (Kotov); glucosides weaker on IMAC (Högbom),Lin/Kotov/Högbom first-line helical IMP extract (DDM)
MPP-GO.128369,tt_expressed_not_purified,redesign,0.4062,0.15,0,reduce disulfides / skip eukaryotic folding; trim a long extramembrane loop,reduce disulfides / skip eukaryotic folding; trim a long extramembrane loop,1% w/v DDM,0.03% w/v DDM (IMAC/SEC),LMNG / DMNG / GDN,fos-choline and PEG as 'stability' detergents (Kotov); glucosides weaker on IMAC (Högbom),Lin/Kotov/Högbom first-line helical IMP extract (DDM)
NYCOMPS-GO.4348,tt_expressed_not_purified,redesign,0.4391,0.35,0,trim a long extramembrane loop,trim a long extramembrane loop,1% w/v DDM,0.03% w/v DDM (IMAC/SEC),LMNG / DMNG / GDN,fos-choline and PEG as 'stability' detergents (Kotov); glucosides weaker on IMAC (Högbom),Lin/Kotov/Högbom first-line helical IMP extract (DDM)
NYCOMPS-GO.8005,tt_expressed_not_purified,wrap_rescue,0.4743,0.55,1,add a fusion-able N- or C-terminus; trim a long extramembrane loop,standard purify looks unlikely; termini/TM belt look WRAP-amenable,1% w/v DDM,0.03% w/v DDM (IMAC/SEC),LMNG / DMNG / GDN,fos-choline and PEG as 'stability' detergents (Kotov); glucosides weaker on IMAC (Högbom),Lin/Kotov/Högbom first-line helical IMP extract (DDM)
NYCOMPS-GO.121,tt_expressed_not_purified,wrap_rescue,0.4807,0.95,1,add a fusion-able N- or C-terminus,standard purify looks unlikely; termini/TM belt look WRAP-amenable,1% w/v DDM,0.03% w/v DDM (IMAC/SEC),LMNG / DMNG / GDN,fos-choline and PEG as 'stability' detergents (Kotov); glucosides weaker on IMAC (Högbom),Lin/Kotov/Högbom first-line helical IMP extract (DDM)
NYCOMPS-GO.14217,tt_expressed_not_purified,wrap_rescue,0.3689,0.75,1,,standard purify looks unlikely; termini/TM belt look WRAP-amenable,1% w/v DDM,0.03% w/v DDM (IMAC/SEC),LMNG / DMNG / GDN,fos-choline and PEG as 'stability' detergents (Kotov); glucosides weaker on IMAC (Högbom),Lin/Kotov/Högbom first-line helical IMP extract (DDM)
MPP-GO.120347,tt_expressed_not_purified,redesign,0.4561,0.15,0,trim a long extramembrane loop,trim a long extramembrane loop,1% w/v DDM,0.03% w/v DDM (IMAC/SEC),LMNG / DMNG / GDN,fos-choline and PEG as 'stability' detergents (Kotov); glucosides weaker on IMAC (Högbom),Lin/Kotov/Högbom first-line helical IMP extract (DDM)
NYCOMPS-GO.2791,tt_expressed_not_purified,deprioritize,0.4875,0.35,0,,"low purify score, not WRAP-amenable, no obvious construct lever",1% w/v DDM,0.03% w/v DDM (IMAC/SEC),LMNG / DMNG / GDN,fos-choline and PEG as 'stability' detergents (Kotov); glucosides weaker on IMAC (Högbom),Lin/Kotov/Högbom first-line helical IMP extract (DDM)
NYCOMPS-GO.13029,tt_expressed_not_purified,standard,0.5586,0.75,1,trim a long extramembrane loop,sequence resembles TargetTrack purified (given expression),1% w/v DDM,0.03% w/v DDM (IMAC/SEC),LMNG / DMNG / GDN,fos-choline and PEG as 'stability' detergents (Kotov); glucosides weaker on IMAC (Högbom),Lin/Kotov/Högbom first-line helical IMP extract (DDM)
MPSBC-Tok1pSb,tt_expressed_not_purified,standard,0.6091,0.75,1,reduce disulfides / skip eukaryotic folding,sequence resembles TargetTrack purified (given expression),1% w/v DDM,0.03% w/v DDM (IMAC/SEC),LMNG / DMNG / GDN,fos-choline and PEG as 'stability' detergents (Kotov); glucosides weaker on IMAC (Högbom),Lin/Kotov/Högbom first-line helical IMP extract (DDM)
NYCOMPS-GO.19315,tt_expressed_not_purified,standard,0.559,0.05,0,drop sequons or use a prokaryotic host; trim a long extramembrane loop,sequence resembles TargetTrack purified (given expression),1% w/v DDM,0.03% w/v DDM (IMAC/SEC),LMNG / DMNG / GDN,fos-choline and PEG as 'stability' detergents (Kotov); glucosides weaker on IMAC (Högbom),Lin/Kotov/Högbom first-line helical IMP extract (DDM)
TransportPDB-0197,tt_expressed_not_purified,standard,0.5716,0.25,0,drop sequons or use a prokaryotic host; reduce disulfides / skip eukaryotic folding; trim a long extramembrane loop,sequence resembles TargetTrack purified (given expression),1% w/v DDM,0.03% w/v DDM (IMAC/SEC),LMNG / DMNG / GDN,fos-choline and PEG as 'stability' detergents (Kotov); glucosides weaker on IMAC (Högbom),Lin/Kotov/Högbom first-line helical IMP extract (DDM)
TMPC-GO.118867,tt_expressed_not_purified,standard,0.5858,0.15,0,trim a long extramembrane loop,sequence resembles TargetTrack purified (given expression),1% w/v DDM,0.03% w/v DDM (IMAC/SEC),LMNG / DMNG / GDN,fos-choline and PEG as 'stability' detergents (Kotov); glucosides weaker on IMAC (Högbom),Lin/Kotov/Högbom first-line helical IMP extract (DDM)
NYCOMPS-GO.1543,tt_expressed_not_purified,redesign,0.3767,0.35,0,trim a long extramembrane loop,trim a long extramembrane loop,1% w/v DDM,0.03% w/v DDM (IMAC/SEC),LMNG / DMNG / GDN,fos-choline and PEG as 'stability' detergents (Kotov); glucosides weaker on IMAC (Högbom),Lin/Kotov/Högbom first-line helical IMP extract (DDM)
MPP-GO.111457,tt_expressed_not_purified,redesign,0.4619,0.15,0,reduce disulfides / skip eukaryotic folding; trim a long extramembrane loop,reduce disulfides / skip eukaryotic folding; trim a long extramembrane loop,1% w/v DDM,0.03% w/v DDM (IMAC/SEC),LMNG / DMNG / GDN,fos-choline and PEG as 'stability' detergents (Kotov); glucosides weaker on IMAC (Högbom),Lin/Kotov/Högbom first-line helical IMP extract (DDM)
MPP-GO.120066,tt_expressed_not_purified,deprioritize,0.3616,0.0,0,,"low purify score, not WRAP-amenable, no obvious construct lever",1% w/v DDM,0.03% w/v DDM (IMAC/SEC),LMNG / DMNG / GDN,fos-choline and PEG as 'stability' detergents (Kotov); glucosides weaker on IMAC (Högbom),Lin/Kotov/Högbom first-line helical IMP extract (DDM)
NYCOMPS-GO.14298,tt_expressed_not_purified,deprioritize,0.4609,0.35,0,,"low purify score, not WRAP-amenable, no obvious construct lever",1% w/v DDM,0.03% w/v DDM (IMAC/SEC),LMNG / DMNG / GDN,fos-choline and PEG as 'stability' detergents (Kotov); glucosides weaker on IMAC (Högbom),Lin/Kotov/Högbom first-line helical IMP extract (DDM)
NYCOMPS-GO.8437,tt_expressed_not_purified,standard,0.5801,0.75,1,add a fusion-able N- or C-terminus,sequence resembles TargetTrack purified (given expression),1% w/v DDM,0.03% w/v DDM (IMAC/SEC),LMNG / DMNG / GDN,fos-choline and PEG as 'stability' detergents (Kotov); glucosides weaker on IMAC (Högbom),Lin/Kotov/Högbom first-line helical IMP extract (DDM)
NYCOMPS-GO.985,tt_expressed_not_purified,wrap_rescue,0.4675,0.95,1,,standard purify looks unlikely; termini/TM belt look WRAP-amenable,1% w/v DDM,0.03% w/v DDM (IMAC/SEC),LMNG / DMNG / GDN,fos-choline and PEG as 'stability' detergents (Kotov); glucosides weaker on IMAC (Högbom),Lin/Kotov/Högbom first-line helical IMP extract (DDM)
NYCOMPS-GO.2186,tt_expressed_not_purified,redesign,0.4413,0.35,0,trim a long extramembrane loop,trim a long extramembrane loop,1% w/v DDM,0.03% w/v DDM (IMAC/SEC),LMNG / DMNG / GDN,fos-choline and PEG as 'stability' detergents (Kotov); glucosides weaker on IMAC (Högbom),Lin/Kotov/Högbom first-line helical IMP extract (DDM)
NYCOMPS-GO.14382,tt_expressed_not_purified,redesign,0.4522,0.15,0,trim a long extramembrane loop,trim a long extramembrane loop,1% w/v DDM,0.03% w/v DDM (IMAC/SEC),LMNG / DMNG / GDN,fos-choline and PEG as 'stability' detergents (Kotov); glucosides weaker on IMAC (Högbom),Lin/Kotov/Högbom first-line helical IMP extract (DDM)
NYCOMPS-GO.4085,tt_expressed_not_purified,deprioritize,0.4709,0.35,0,,"low purify score, not WRAP-amenable, no obvious construct lever",1% w/v DDM,0.03% w/v DDM (IMAC/SEC),LMNG / DMNG / GDN,fos-choline and PEG as 'stability' detergents (Kotov); glucosides weaker on IMAC (Högbom),Lin/Kotov/Högbom first-line helical IMP extract (DDM)
NYCOMPS-GO.11151,tt_expressed_not_purified,wrap_rescue,0.3652,0.75,1,,standard purify looks unlikely; termini/TM belt look WRAP-amenable,1% w/v DDM,0.03% w/v DDM (IMAC/SEC),LMNG / DMNG / GDN,fos-choline and PEG as 'stability' detergents (Kotov); glucosides weaker on IMAC (Högbom),Lin/Kotov/Högbom first-line helical IMP extract (DDM)
NYCOMPS-GO.3159,tt_expressed_not_purified,wrap_rescue,0.4266,0.75,1,add a fusion-able N- or C-terminus; trim a long extramembrane loop,standard purify looks unlikely; termini/TM belt look WRAP-amenable,1% w/v DDM,0.03% w/v DDM (IMAC/SEC),LMNG / DMNG / GDN,fos-choline and PEG as 'stability' detergents (Kotov); glucosides weaker on IMAC (Högbom),Lin/Kotov/Högbom first-line helical IMP extract (DDM)
TransportPDB-0155,tt_expressed_not_purified,redesign,0.4899,0.35,0,reduce disulfides / skip eukaryotic folding; trim a long extramembrane loop,reduce disulfides / skip eukaryotic folding; trim a long extramembrane loop,1% w/v DDM,0.03% w/v DDM (IMAC/SEC),LMNG / DMNG / GDN,fos-choline and PEG as 'stability' detergents (Kotov); glucosides weaker on IMAC (Högbom),Lin/Kotov/Högbom first-line helical IMP extract (DDM)
NYCOMPS-GO.19325,tt_expressed_not_purified,redesign,0.2829,0.15,0,trim a long extramembrane loop,trim a long extramembrane loop,1% w/v DDM,0.03% w/v DDM (IMAC/SEC),LMNG / DMNG / GDN,fos-choline and PEG as 'stability' detergents (Kotov); glucosides weaker on IMAC (Högbom),Lin/Kotov/Högbom first-line helical IMP extract (DDM)
NYCOMPS-GO.19296,tt_expressed_not_purified,redesign,0.544,0.05,0,drop sequons or use a prokaryotic host; trim a long extramembrane loop,drop sequons or use a prokaryotic host; trim a long extramembrane loop,1% w/v DDM,0.03% w/v DDM (IMAC/SEC),LMNG / DMNG / GDN,fos-choline and PEG as 'stability' detergents (Kotov); glucosides weaker on IMAC (Högbom),Lin/Kotov/Högbom first-line helical IMP extract (DDM)
NYCOMPS-GO.6582,tt_expressed_not_purified,standard,0.557,0.35,0,,sequence resembles TargetTrack purified (given expression),1% w/v DDM,0.03% w/v DDM (IMAC/SEC),LMNG / DMNG / GDN,fos-choline and PEG as 'stability' detergents (Kotov); glucosides weaker on IMAC (Högbom),Lin/Kotov/Högbom first-line helical IMP extract (DDM)
NYCOMPS-GO.9036,tt_expressed_not_purified,wrap_rescue,0.4897,0.75,1,,standard purify looks unlikely; termini/TM belt look WRAP-amenable,1% w/v DDM,0.03% w/v DDM (IMAC/SEC),LMNG / DMNG / GDN,fos-choline and PEG as 'stability' detergents (Kotov); glucosides weaker on IMAC (Högbom),Lin/Kotov/Högbom first-line helical IMP extract (DDM)
NYCOMPS-GO.6452,tt_expressed_not_purified,wrap_rescue,0.4829,0.75,1,add a fusion-able N- or C-terminus; trim a long extramembrane loop,standard purify looks unlikely; termini/TM belt look WRAP-amenable,1% w/v DDM,0.03% w/v DDM (IMAC/SEC),LMNG / DMNG / GDN,fos-choline and PEG as 'stability' detergents (Kotov); glucosides weaker on IMAC (Högbom),Lin/Kotov/Högbom first-line helical IMP extract (DDM)
NYCOMPS-GO.8638,tt_expressed_not_purified,wrap_rescue,0.3989,0.95,1,add a fusion-able N- or C-terminus,standard purify looks unlikely; termini/TM belt look WRAP-amenable,1% w/v DDM,0.03% w/v DDM (IMAC/SEC),LMNG / DMNG / GDN,fos-choline and PEG as 'stability' detergents (Kotov); glucosides weaker on IMAC (Högbom),Lin/Kotov/Högbom first-line helical IMP extract (DDM)
NYCOMPS-GO.2725,tt_expressed_not_purified,standard,0.5535,0.75,1,,sequence resembles TargetTrack purified (given expression),1% w/v DDM,0.03% w/v DDM (IMAC/SEC),LMNG / DMNG / GDN,fos-choline and PEG as 'stability' detergents (Kotov); glucosides weaker on IMAC (Högbom),Lin/Kotov/Högbom first-line helical IMP extract (DDM)
MPP-GO.118615,tt_expressed_not_purified,redesign,0.4604,0.15,0,reduce disulfides / skip eukaryotic folding; trim a long extramembrane loop,reduce disulfides / skip eukaryotic folding; trim a long extramembrane loop,1% w/v DDM,0.03% w/v DDM (IMAC/SEC),LMNG / DMNG / GDN,fos-choline and PEG as 'stability' detergents (Kotov); glucosides weaker on IMAC (Högbom),Lin/Kotov/Högbom first-line helical IMP extract (DDM)
NYCOMPS-GO.647,tt_expressed_not_purified,redesign,0.5039,0.35,0,trim a long extramembrane loop,trim a long extramembrane loop,1% w/v DDM,0.03% w/v DDM (IMAC/SEC),LMNG / DMNG / GDN,fos-choline and PEG as 'stability' detergents (Kotov); glucosides weaker on IMAC (Högbom),Lin/Kotov/Högbom first-line helical IMP extract (DDM)
NYCOMPS-GO.3130,tt_expressed_not_purified,wrap_rescue,0.5034,0.75,1,trim a long extramembrane loop,standard purify looks unlikely; termini/TM belt look WRAP-amenable,1% w/v DDM,0.03% w/v DDM (IMAC/SEC),LMNG / DMNG / GDN,fos-choline and PEG as 'stability' detergents (Kotov); glucosides weaker on IMAC (Högbom),Lin/Kotov/Högbom first-line helical IMP extract (DDM)
CSMP-1038C,tt_expressed_not_purified,standard,0.558,0.55,1,trim a long extramembrane loop,sequence resembles TargetTrack purified (given expression),1% w/v DDM,0.03% w/v DDM (IMAC/SEC),LMNG / DMNG / GDN,fos-choline and PEG as 'stability' detergents (Kotov); glucosides weaker on IMAC (Högbom),Lin/Kotov/Högbom first-line helical IMP extract (DDM)
NYCOMPS-GO.13524,tt_expressed_not_purified,redesign,0.5131,0.15,0,trim a long extramembrane loop,trim a long extramembrane loop,1% w/v DDM,0.03% w/v DDM (IMAC/SEC),LMNG / DMNG / GDN,fos-choline and PEG as 'stability' detergents (Kotov); glucosides weaker on IMAC (Högbom),Lin/Kotov/Högbom first-line helical IMP extract (DDM)
NYCOMPS-GO.2555,tt_expressed_not_purified,deprioritize,0.5277,0.35,0,,"low purify score, not WRAP-amenable, no obvious construct lever",1% w/v DDM,0.03% w/v DDM (IMAC/SEC),LMNG / DMNG / GDN,fos-choline and PEG as 'stability' detergents (Kotov); glucosides weaker on IMAC (Högbom),Lin/Kotov/Högbom first-line helical IMP extract (DDM)
NYCOMPS-GO.4453,tt_expressed_not_purified,redesign,0.5127,0.35,0,trim a long extramembrane loop,trim a long extramembrane loop,1% w/v DDM,0.03% w/v DDM (IMAC/SEC),LMNG / DMNG / GDN,fos-choline and PEG as 'stability' detergents (Kotov); glucosides weaker on IMAC (Högbom),Lin/Kotov/Högbom first-line helical IMP extract (DDM)
NYCOMPS-GO.109,tt_expressed_not_purified,standard,0.5639,0.75,1,trim a long extramembrane loop,sequence resembles TargetTrack purified (given expression),1% w/v DDM,0.03% w/v DDM (IMAC/SEC),LMNG / DMNG / GDN,fos-choline and PEG as 'stability' detergents (Kotov); glucosides weaker on IMAC (Högbom),Lin/Kotov/Högbom first-line helical IMP extract (DDM)
NYCOMPS-GO.1717,tt_expressed_not_purified,standard,0.5526,0.75,1,add a fusion-able N- or C-terminus; trim a long extramembrane loop,sequence resembles TargetTrack purified (given expression),1% w/v DDM,0.03% w/v DDM (IMAC/SEC),LMNG / DMNG / GDN,fos-choline and PEG as 'stability' detergents (Kotov); glucosides weaker on IMAC (Högbom),Lin/Kotov/Högbom first-line helical IMP extract (DDM)
TransportPDB-0147,tt_expressed_not_purified,redesign,0.512,0.35,0,trim a long extramembrane loop,trim a long extramembrane loop,1% w/v DDM,0.03% w/v DDM (IMAC/SEC),LMNG / DMNG / GDN,fos-choline and PEG as 'stability' detergents (Kotov); glucosides weaker on IMAC (Högbom),Lin/Kotov/Högbom first-line helical IMP extract (DDM)
CSMP-89,tt_expressed_not_purified,deprioritize,0.501,0.35,0,,"low purify score, not WRAP-amenable, no obvious construct lever",1% w/v DDM,0.03% w/v DDM (IMAC/SEC),LMNG / DMNG / GDN,fos-choline and PEG as 'stability' detergents (Kotov); glucosides weaker on IMAC (Högbom),Lin/Kotov/Högbom first-line helical IMP extract (DDM)
NYCOMPS-GO.358,tt_expressed_not_purified,redesign,0.4164,0.35,0,trim a long extramembrane loop,trim a long extramembrane loop,1% w/v DDM,0.03% w/v DDM (IMAC/SEC),LMNG / DMNG / GDN,fos-choline and PEG as 'stability' detergents (Kotov); glucosides weaker on IMAC (Högbom),Lin/Kotov/Högbom first-line helical IMP extract (DDM)
NYCOMPS-GO.1099,tt_expressed_not_purified,wrap_rescue,0.4917,0.95,1,add a fusion-able N- or C-terminus,standard purify looks unlikely; termini/TM belt look WRAP-amenable,1% w/v DDM,0.03% w/v DDM (IMAC/SEC),LMNG / DMNG / GDN,fos-choline and PEG as 'stability' detergents (Kotov); glucosides weaker on IMAC (Högbom),Lin/Kotov/Högbom first-line helical IMP extract (DDM)
NYCOMPS-GO.19249,tt_expressed_not_purified,wrap_rescue,0.5325,0.75,1,trim a long extramembrane loop,standard purify looks unlikely; termini/TM belt look WRAP-amenable,1% w/v DDM,0.03% w/v DDM (IMAC/SEC),LMNG / DMNG / GDN,fos-choline and PEG as 'stability' detergents (Kotov); glucosides weaker on IMAC (Högbom),Lin/Kotov/Högbom first-line helical IMP extract (DDM)
NYCOMPS-GO.8576,tt_expressed_not_purified,wrap_rescue,0.4921,0.95,1,,standard purify looks unlikely; termini/TM belt look WRAP-amenable,1% w/v DDM,0.03% w/v DDM (IMAC/SEC),LMNG / DMNG / GDN,fos-choline and PEG as 'stability' detergents (Kotov); glucosides weaker on IMAC (Högbom),Lin/Kotov/Högbom first-line helical IMP extract (DDM)
NYCOMPS-GO.5340,tt_expressed_not_purified,redesign,0.4814,0.35,0,trim a long extramembrane loop,trim a long extramembrane loop,1% w/v DDM,0.03% w/v DDM (IMAC/SEC),LMNG / DMNG / GDN,fos-choline and PEG as 'stability' detergents (Kotov); glucosides weaker on IMAC (Högbom),Lin/Kotov/Högbom first-line helical IMP extract (DDM)
NYCOMPS-GO.8359,tt_expressed_not_purified,wrap_rescue,0.4311,0.75,1,add a fusion-able N- or C-terminus,standard purify looks unlikely; termini/TM belt look WRAP-amenable,1% w/v DDM,0.03% w/v DDM (IMAC/SEC),LMNG / DMNG / GDN,fos-choline and PEG as 'stability' detergents (Kotov); glucosides weaker on IMAC (Högbom),Lin/Kotov/Högbom first-line helical IMP extract (DDM)
NYCOMPS-GO.9878,tt_expressed_not_purified,deprioritize,0.311,0.35,0,,"low purify score, not WRAP-amenable, no obvious construct lever",1% w/v DDM,0.03% w/v DDM (IMAC/SEC),LMNG / DMNG / GDN,fos-choline and PEG as 'stability' detergents (Kotov); glucosides weaker on IMAC (Högbom),Lin/Kotov/Högbom first-line helical IMP extract (DDM)
NYCOMPS-GO.11886,tt_expressed_not_purified,redesign,0.3807,0.15,0,trim a long extramembrane loop,trim a long extramembrane loop,1% w/v DDM,0.03% w/v DDM (IMAC/SEC),LMNG / DMNG / GDN,fos-choline and PEG as 'stability' detergents (Kotov); glucosides weaker on IMAC (Högbom),Lin/Kotov/Högbom first-line helical IMP extract (DDM)
NYCOMPS-GO.9838,tt_expressed_not_purified,wrap_rescue,0.4788,0.75,1,,standard purify looks unlikely; termini/TM belt look WRAP-amenable,1% w/v DDM,0.03% w/v DDM (IMAC/SEC),LMNG / DMNG / GDN,fos-choline and PEG as 'stability' detergents (Kotov); glucosides weaker on IMAC (Högbom),Lin/Kotov/Högbom first-line helical IMP extract (DDM)
NYCOMPS-GO.1186,tt_expressed_not_purified,standard,0.5846,0.65,1,drop sequons or use a prokaryotic host; trim a long extramembrane loop,sequence resembles TargetTrack purified (given expression),1% w/v DDM,0.03% w/v DDM (IMAC/SEC),LMNG / DMNG / GDN,fos-choline and PEG as 'stability' detergents (Kotov); glucosides weaker on IMAC (Högbom),Lin/Kotov/Högbom first-line helical IMP extract (DDM)
NYCOMPS-GO.3529,tt_expressed_not_purified,redesign,0.3449,0.35,0,trim a long extramembrane loop,trim a long extramembrane loop,1% w/v DDM,0.03% w/v DDM (IMAC/SEC),LMNG / DMNG / GDN,fos-choline and PEG as 'stability' detergents (Kotov); glucosides weaker on IMAC (Högbom),Lin/Kotov/Högbom first-line helical IMP extract (DDM)
NYCOMPS-GO.2947,tt_expressed_not_purified,standard,0.5546,0.75,1,trim a long extramembrane loop,sequence resembles TargetTrack purified (given expression),1% w/v DDM,0.03% w/v DDM (IMAC/SEC),LMNG / DMNG / GDN,fos-choline and PEG as 'stability' detergents (Kotov); glucosides weaker on IMAC (Högbom),Lin/Kotov/Högbom first-line helical IMP extract (DDM)
NYCOMPS-GO.1614,tt_expressed_not_purified,standard,0.6031,0.75,1,trim a long extramembrane loop,sequence resembles TargetTrack purified (given expression),1% w/v DDM,0.03% w/v DDM (IMAC/SEC),LMNG / DMNG / GDN,fos-choline and PEG as 'stability' detergents (Kotov); glucosides weaker on IMAC (Högbom),Lin/Kotov/Högbom first-line helical IMP extract (DDM)
MPP-GO.120009,tt_expressed_not_purified,deprioritize,0.3863,0.15,0,,"low purify score, not WRAP-amenable, no obvious construct lever",1% w/v DDM,0.03% w/v DDM (IMAC/SEC),LMNG / DMNG / GDN,fos-choline and PEG as 'stability' detergents (Kotov); glucosides weaker on IMAC (Högbom),Lin/Kotov/Högbom first-line helical IMP extract (DDM)
NYCOMPS-GO.1394,tt_expressed_not_purified,deprioritize,0.4498,0.35,0,,"low purify score, not WRAP-amenable, no obvious construct lever",1% w/v DDM,0.03% w/v DDM (IMAC/SEC),LMNG / DMNG / GDN,fos-choline and PEG as 'stability' detergents (Kotov); glucosides weaker on IMAC (Högbom),Lin/Kotov/Högbom first-line helical IMP extract (DDM)
MPP-GO.128359,tt_expressed_not_purified,deprioritize,0.2093,0.15,0,,"low purify score, not WRAP-amenable, no obvious construct lever",1% w/v DDM,0.03% w/v DDM (IMAC/SEC),LMNG / DMNG / GDN,fos-choline and PEG as 'stability' detergents (Kotov); glucosides weaker on IMAC (Högbom),Lin/Kotov/Högbom first-line helical IMP extract (DDM)
MPP-GO.118710,tt_expressed_not_purified,redesign,0.3711,0.15,0,trim a long extramembrane loop,trim a long extramembrane loop,1% w/v DDM,0.03% w/v DDM (IMAC/SEC),LMNG / DMNG / GDN,fos-choline and PEG as 'stability' detergents (Kotov); glucosides weaker on IMAC (Högbom),Lin/Kotov/Högbom first-line helical IMP extract (DDM)
TransportPDB-0072,tt_expressed_not_purified,standard,0.6597,0.65,1,drop sequons or use a prokaryotic host; reduce disulfides / skip eukaryotic folding,sequence resembles TargetTrack purified (given expression),1% w/v DDM,0.03% w/v DDM (IMAC/SEC),LMNG / DMNG / GDN,fos-choline and PEG as 'stability' detergents (Kotov); glucosides weaker on IMAC (Högbom),Lin/Kotov/Högbom first-line helical IMP extract (DDM)
NYCOMPS-GO.8741,tt_expressed_not_purified,deprioritize,0.3645,0.35,0,,"low purify score, not WRAP-amenable, no obvious construct lever",1% w/v DDM,0.03% w/v DDM (IMAC/SEC),LMNG / DMNG / GDN,fos-choline and PEG as 'stability' detergents (Kotov); glucosides weaker on IMAC (Högbom),Lin/Kotov/Högbom first-line helical IMP extract (DDM)
NYCOMPS-GO.2573,tt_expressed_not_purified,standard,0.6103,0.35,0,,sequence resembles TargetTrack purified (given expression),1% w/v DDM,0.03% w/v DDM (IMAC/SEC),LMNG / DMNG / GDN,fos-choline and PEG as 'stability' detergents (Kotov); glucosides weaker on IMAC (Högbom),Lin/Kotov/Högbom first-line helical IMP extract (DDM)
NYCOMPS-GO.958,tt_expressed_not_purified,wrap_rescue,0.461,0.75,1,,standard purify looks unlikely; termini/TM belt look WRAP-amenable,1% w/v DDM,0.03% w/v DDM (IMAC/SEC),LMNG / DMNG / GDN,fos-choline and PEG as 'stability' detergents (Kotov); glucosides weaker on IMAC (Högbom),Lin/Kotov/Högbom first-line helical IMP extract (DDM)
TransportPDB-0189,tt_expressed_not_purified,redesign,0.4672,0.35,0,reduce disulfides / skip eukaryotic folding; trim a long extramembrane loop,reduce disulfides / skip eukaryotic folding; trim a long extramembrane loop,1% w/v DDM,0.03% w/v DDM (IMAC/SEC),LMNG / DMNG / GDN,fos-choline and PEG as 'stability' detergents (Kotov); glucosides weaker on IMAC (Högbom),Lin/Kotov/Högbom first-line helical IMP extract (DDM)
NYCOMPS-GO.4132,tt_expressed_not_purified,deprioritize,0.4805,0.35,0,,"low purify score, not WRAP-amenable, no obvious construct lever",1% w/v DDM,0.03% w/v DDM (IMAC/SEC),LMNG / DMNG / GDN,fos-choline and PEG as 'stability' detergents (Kotov); glucosides weaker on IMAC (Högbom),Lin/Kotov/Högbom first-line helical IMP extract (DDM)
TransportPDB-0206,tt_expressed_not_purified,standard,0.6665,0.25,0,drop sequons or use a prokaryotic host; reduce disulfides / skip eukaryotic folding; trim a long extramembrane loop,sequence resembles TargetTrack purified (given expression),1% w/v DDM,0.03% w/v DDM (IMAC/SEC),LMNG / DMNG / GDN,fos-choline and PEG as 'stability' detergents (Kotov); glucosides weaker on IMAC (Högbom),Lin/Kotov/Högbom first-line helical IMP extract (DDM)
MPP-GO.42640,tt_expressed_not_purified,redesign,0.4206,0.15,0,trim a long extramembrane loop,trim a long extramembrane loop,1% w/v DDM,0.03% w/v DDM (IMAC/SEC),LMNG / DMNG / GDN,fos-choline and PEG as 'stability' detergents (Kotov); glucosides weaker on IMAC (Högbom),Lin/Kotov/Högbom first-line helical IMP extract (DDM)
NYCOMPS-GO.13026,tt_expressed_not_purified,wrap_rescue,0.5311,0.75,1,trim a long extramembrane loop,standard purify looks unlikely; termini/TM belt look WRAP-amenable,1% w/v DDM,0.03% w/v DDM (IMAC/SEC),LMNG / DMNG / GDN,fos-choline and PEG as 'stability' detergents (Kotov); glucosides weaker on IMAC (Högbom),Lin/Kotov/Högbom first-line helical IMP extract (DDM)
NYCOMPS-GO.2488,tt_expressed_not_purified,wrap_rescue,0.527,0.75,1,,standard purify looks unlikely; termini/TM belt look WRAP-amenable,1% w/v DDM,0.03% w/v DDM (IMAC/SEC),LMNG / DMNG / GDN,fos-choline and PEG as 'stability' detergents (Kotov); glucosides weaker on IMAC (Högbom),Lin/Kotov/Högbom first-line helical IMP extract (DDM)
MPP-GO.120253,tt_expressed_not_purified,deprioritize,0.3454,0.0,0,,"low purify score, not WRAP-amenable, no obvious construct lever",1% w/v DDM,0.03% w/v DDM (IMAC/SEC),LMNG / DMNG / GDN,fos-choline and PEG as 'stability' detergents (Kotov); glucosides weaker on IMAC (Högbom),Lin/Kotov/Högbom first-line helical IMP extract (DDM)
NYCOMPS-GO.4506,tt_expressed_not_purified,standard,0.6143,0.75,1,reduce disulfides / skip eukaryotic folding,sequence resembles TargetTrack purified (given expression),1% w/v DDM,0.03% w/v DDM (IMAC/SEC),LMNG / DMNG / GDN,fos-choline and PEG as 'stability' detergents (Kotov); glucosides weaker on IMAC (Högbom),Lin/Kotov/Högbom first-line helical IMP extract (DDM)
NYCOMPS-GO.1021,tt_expressed_not_purified,redesign,0.4874,0.35,0,trim a long extramembrane loop,trim a long extramembrane loop,1% w/v DDM,0.03% w/v DDM (IMAC/SEC),LMNG / DMNG / GDN,fos-choline and PEG as 'stability' detergents (Kotov); glucosides weaker on IMAC (Högbom),Lin/Kotov/Högbom first-line helical IMP extract (DDM)
MPP-GO.111701,tt_expressed_not_purified,deprioritize,0.5316,0.15,0,,"low purify score, not WRAP-amenable, no obvious construct lever",1% w/v DDM,0.03% w/v DDM (IMAC/SEC),LMNG / DMNG / GDN,fos-choline and PEG as 'stability' detergents (Kotov); glucosides weaker on IMAC (Högbom),Lin/Kotov/Högbom first-line helical IMP extract (DDM)
TransportPDB-0293,tt_expressed_not_purified,standard,0.648,0.25,0,drop sequons or use a prokaryotic host; reduce disulfides / skip eukaryotic folding; trim a long extramembrane loop,sequence resembles TargetTrack purified (given expression),1% w/v DDM,0.03% w/v DDM (IMAC/SEC),LMNG / DMNG / GDN,fos-choline and PEG as 'stability' detergents (Kotov); glucosides weaker on IMAC (Högbom),Lin/Kotov/Högbom first-line helical IMP extract (DDM)
NYCOMPS-GO.3054,tt_expressed_not_purified,standard,0.5811,0.35,0,trim a long extramembrane loop,sequence resembles TargetTrack purified (given expression),1% w/v DDM,0.03% w/v DDM (IMAC/SEC),LMNG / DMNG / GDN,fos-choline and PEG as 'stability' detergents (Kotov); glucosides weaker on IMAC (Högbom),Lin/Kotov/Högbom first-line helical IMP extract (DDM)
NYCOMPS-GO.175,tt_expressed_not_purified,deprioritize,0.4456,0.35,0,,"low purify score, not WRAP-amenable, no obvious construct lever",1% w/v DDM,0.03% w/v DDM (IMAC/SEC),LMNG / DMNG / GDN,fos-choline and PEG as 'stability' detergents (Kotov); glucosides weaker on IMAC (Högbom),Lin/Kotov/Högbom first-line helical IMP extract (DDM)
TransportPDB-0023,tt_expressed_not_purified,redesign,0.4198,0.15,0,reduce disulfides / skip eukaryotic folding; trim a long extramembrane loop,reduce disulfides / skip eukaryotic folding; trim a long extramembrane loop,1% w/v DDM,0.03% w/v DDM (IMAC/SEC),LMNG / DMNG / GDN,fos-choline and PEG as 'stability' detergents (Kotov); glucosides weaker on IMAC (Högbom),Lin/Kotov/Högbom first-line helical IMP extract (DDM)
MPSBC-Pfa3pSm,tt_expressed_not_purified,standard,0.557,0.15,0,trim a long extramembrane loop,sequence resembles TargetTrack purified (given expression),1% w/v DDM,0.03% w/v DDM (IMAC/SEC),LMNG / DMNG / GDN,fos-choline and PEG as 'stability' detergents (Kotov); glucosides weaker on IMAC (Högbom),Lin/Kotov/Högbom first-line helical IMP extract (DDM)
NYCOMPS-GO.830,tt_expressed_not_purified,standard,0.6169,0.75,1,trim a long extramembrane loop,sequence resembles TargetTrack purified (given expression),1% w/v DDM,0.03% w/v DDM (IMAC/SEC),LMNG / DMNG / GDN,fos-choline and PEG as 'stability' detergents (Kotov); glucosides weaker on IMAC (Högbom),Lin/Kotov/Högbom first-line helical IMP extract (DDM)
MPP-GO.121166,tt_expressed_not_purified,redesign,0.3792,0.15,0,trim a long extramembrane loop,trim a long extramembrane loop,1% w/v DDM,0.03% w/v DDM (IMAC/SEC),LMNG / DMNG / GDN,fos-choline and PEG as 'stability' detergents (Kotov); glucosides weaker on IMAC (Högbom),Lin/Kotov/Högbom first-line helical IMP extract (DDM)
MPP-GO.118939,tt_expressed_not_purified,deprioritize,0.2811,0.15,0,,"low purify score, not WRAP-amenable, no obvious construct lever",1% w/v DDM,0.03% w/v DDM (IMAC/SEC),LMNG / DMNG / GDN,fos-choline and PEG as 'stability' detergents (Kotov); glucosides weaker on IMAC (Högbom),Lin/Kotov/Högbom first-line helical IMP extract (DDM)
NYCOMPS-GO.14837,tt_expressed_not_purified,wrap_rescue,0.4122,0.75,1,trim a long extramembrane loop,standard purify looks unlikely; termini/TM belt look WRAP-amenable,1% w/v DDM,0.03% w/v DDM (IMAC/SEC),LMNG / DMNG / GDN,fos-choline and PEG as 'stability' detergents (Kotov); glucosides weaker on IMAC (Högbom),Lin/Kotov/Högbom first-line helical IMP extract (DDM)
NYCOMPS-GO.4144,tt_expressed_not_purified,redesign,0.4158,0.35,0,trim a long extramembrane loop,trim a long extramembrane loop,1% w/v DDM,0.03% w/v DDM (IMAC/SEC),LMNG / DMNG / GDN,fos-choline and PEG as 'stability' detergents (Kotov); glucosides weaker on IMAC (Högbom),Lin/Kotov/Högbom first-line helical IMP extract (DDM)
TMPC-GO.121733,tt_expressed_not_purified,deprioritize,0.4552,0.15,0,,"low purify score, not WRAP-amenable, no obvious construct lever",1% w/v DDM,0.03% w/v DDM (IMAC/SEC),LMNG / DMNG / GDN,fos-choline and PEG as 'stability' detergents (Kotov); glucosides weaker on IMAC (Högbom),Lin/Kotov/Högbom first-line helical IMP extract (DDM)
MPP-GO.120240,tt_expressed_not_purified,standard,0.5666,0.0,0,,sequence resembles TargetTrack purified (given expression),1% w/v DDM,0.03% w/v DDM (IMAC/SEC),LMNG / DMNG / GDN,fos-choline and PEG as 'stability' detergents (Kotov); glucosides weaker on IMAC (Högbom),Lin/Kotov/Högbom first-line helical IMP extract (DDM)
NYCOMPS-GO.14173,tt_expressed_not_purified,deprioritize,0.5319,0.35,0,,"low purify score, not WRAP-amenable, no obvious construct lever",1% w/v DDM,0.03% w/v DDM (IMAC/SEC),LMNG / DMNG / GDN,fos-choline and PEG as 'stability' detergents (Kotov); glucosides weaker on IMAC (Högbom),Lin/Kotov/Högbom first-line helical IMP extract (DDM)
NYCOMPS-GO.2681,tt_expressed_not_purified,wrap_rescue,0.39,0.75,1,add a fusion-able N- or C-terminus; trim a long extramembrane loop,standard purify looks unlikely; termini/TM belt look WRAP-amenable,1% w/v DDM,0.03% w/v DDM (IMAC/SEC),LMNG / DMNG / GDN,fos-choline and PEG as 'stability' detergents (Kotov); glucosides weaker on IMAC (Högbom),Lin/Kotov/Högbom first-line helical IMP extract (DDM)
NYCOMPS-GO.558,tt_expressed_not_purified,wrap_rescue,0.5112,0.75,1,trim a long extramembrane loop,standard purify looks unlikely; termini/TM belt look WRAP-amenable,1% w/v DDM,0.03% w/v DDM (IMAC/SEC),LMNG / DMNG / GDN,fos-choline and PEG as 'stability' detergents (Kotov); glucosides weaker on IMAC (Högbom),Lin/Kotov/Högbom first-line helical IMP extract (DDM)
NYCOMPS-GO.4475,tt_expressed_not_purified,redesign,0.5328,0.05,0,drop sequons or use a prokaryotic host; trim a long extramembrane loop,drop sequons or use a prokaryotic host; trim a long extramembrane loop,1% w/v DDM,0.03% w/v DDM (IMAC/SEC),LMNG / DMNG / GDN,fos-choline and PEG as 'stability' detergents (Kotov); glucosides weaker on IMAC (Högbom),Lin/Kotov/Högbom first-line helical IMP extract (DDM)
NYCOMPS-GO.874,tt_expressed_not_purified,deprioritize,0.3845,0.35,0,,"low purify score, not WRAP-amenable, no obvious construct lever",1% w/v DDM,0.03% w/v DDM (IMAC/SEC),LMNG / DMNG / GDN,fos-choline and PEG as 'stability' detergents (Kotov); glucosides weaker on IMAC (Högbom),Lin/Kotov/Högbom first-line helical IMP extract (DDM)
MPP-GO.118977,tt_expressed_not_purified,redesign,0.4291,0.15,0,trim a long extramembrane loop,trim a long extramembrane loop,1% w/v DDM,0.03% w/v DDM (IMAC/SEC),LMNG / DMNG / GDN,fos-choline and PEG as 'stability' detergents (Kotov); glucosides weaker on IMAC (Högbom),Lin/Kotov/Högbom first-line helical IMP extract (DDM)
NYCOMPS-GO.10477,tt_expressed_not_purified,standard,0.579,0.75,1,,sequence resembles TargetTrack purified (given expression),1% w/v DDM,0.03% w/v DDM (IMAC/SEC),LMNG / DMNG / GDN,fos-choline and PEG as 'stability' detergents (Kotov); glucosides weaker on IMAC (Högbom),Lin/Kotov/Högbom first-line helical IMP extract (DDM)
MPP-GO.120776,tt_expressed_not_purified,redesign,0.4053,0.15,0,trim a long extramembrane loop,trim a long extramembrane loop,1% w/v DDM,0.03% w/v DDM (IMAC/SEC),LMNG / DMNG / GDN,fos-choline and PEG as 'stability' detergents (Kotov); glucosides weaker on IMAC (Högbom),Lin/Kotov/Högbom first-line helical IMP extract (DDM)
NYCOMPS-GO.2071,tt_expressed_not_purified,wrap_rescue,0.2554,0.75,1,,standard purify looks unlikely; termini/TM belt look WRAP-amenable,1% w/v DDM,0.03% w/v DDM (IMAC/SEC),LMNG / DMNG / GDN,fos-choline and PEG as 'stability' detergents (Kotov); glucosides weaker on IMAC (Högbom),Lin/Kotov/Högbom first-line helical IMP extract (DDM)
NYCOMPS-GO.13738,tt_expressed_not_purified,redesign,0.4592,0.15,0,trim a long extramembrane loop,trim a long extramembrane loop,1% w/v DDM,0.03% w/v DDM (IMAC/SEC),LMNG / DMNG / GDN,fos-choline and PEG as 'stability' detergents (Kotov); glucosides weaker on IMAC (Högbom),Lin/Kotov/Högbom first-line helical IMP extract (DDM)
NYCOMPS-GO.10655,tt_expressed_not_purified,redesign,0.3883,0.65,0,add a fusion-able N- or C-terminus,add a fusion-able N- or C-terminus,1% w/v DDM,0.03% w/v DDM (IMAC/SEC),LMNG / DMNG / GDN,fos-choline and PEG as 'stability' detergents (Kotov); glucosides weaker on IMAC (Högbom),Lin/Kotov/Högbom first-line helical IMP extract (DDM)
NYCOMPS-GO.14175,tt_expressed_not_purified,redesign,0.5088,0.35,0,trim a long extramembrane loop,trim a long extramembrane loop,1% w/v DDM,0.03% w/v DDM (IMAC/SEC),LMNG / DMNG / GDN,fos-choline and PEG as 'stability' detergents (Kotov); glucosides weaker on IMAC (Högbom),Lin/Kotov/Högbom first-line helical IMP extract (DDM)
MPSBC-Ste24pSm,tt_expressed_not_purified,redesign,0.5021,0.05,0,drop sequons or use a prokaryotic host; trim a long extramembrane loop,drop sequons or use a prokaryotic host; trim a long extramembrane loop,1% w/v DDM,0.03% w/v DDM (IMAC/SEC),LMNG / DMNG / GDN,fos-choline and PEG as 'stability' detergents (Kotov); glucosides weaker on IMAC (Högbom),Lin/Kotov/Högbom first-line helical IMP extract (DDM)
TMPC-GO.118906,tt_expressed_not_purified,redesign,0.4638,0.15,0,trim a long extramembrane loop,trim a long extramembrane loop,1% w/v DDM,0.03% w/v DDM (IMAC/SEC),LMNG / DMNG / GDN,fos-choline and PEG as 'stability' detergents (Kotov); glucosides weaker on IMAC (Högbom),Lin/Kotov/Högbom first-line helical IMP extract (DDM)
MPP-GO.124187,tt_expressed_not_purified,redesign,0.4512,0.15,0,reduce disulfides / skip eukaryotic folding; trim a long extramembrane loop,reduce disulfides / skip eukaryotic folding; trim a long extramembrane loop,1% w/v DDM,0.03% w/v DDM (IMAC/SEC),LMNG / DMNG / GDN,fos-choline and PEG as 'stability' detergents (Kotov); glucosides weaker on IMAC (Högbom),Lin/Kotov/Högbom first-line helical IMP extract (DDM)
NYCOMPS-GO.4165,tt_expressed_not_purified,deprioritize,0.5328,0.35,0,,"low purify score, not WRAP-amenable, no obvious construct lever",1% w/v DDM,0.03% w/v DDM (IMAC/SEC),LMNG / DMNG / GDN,fos-choline and PEG as 'stability' detergents (Kotov); glucosides weaker on IMAC (Högbom),Lin/Kotov/Högbom first-line helical IMP extract (DDM)
MPP-GO.111624,tt_expressed_not_purified,redesign,0.4058,0.15,0,trim a long extramembrane loop,trim a long extramembrane loop,1% w/v DDM,0.03% w/v DDM (IMAC/SEC),LMNG / DMNG / GDN,fos-choline and PEG as 'stability' detergents (Kotov); glucosides weaker on IMAC (Högbom),Lin/Kotov/Högbom first-line helical IMP extract (DDM)
MPP-GO.123255,tt_expressed_not_purified,deprioritize,0.5186,0.0,0,,"low purify score, not WRAP-amenable, no obvious construct lever",1% w/v DDM,0.03% w/v DDM (IMAC/SEC),LMNG / DMNG / GDN,fos-choline and PEG as 'stability' detergents (Kotov); glucosides weaker on IMAC (Högbom),Lin/Kotov/Högbom first-line helical IMP extract (DDM)
NYCOMPS-GO.19458,tt_expressed_not_purified,wrap_rescue,0.531,0.55,1,,standard purify looks unlikely; termini/TM belt look WRAP-amenable,1% w/v DDM,0.03% w/v DDM (IMAC/SEC),LMNG / DMNG / GDN,fos-choline and PEG as 'stability' detergents (Kotov); glucosides weaker on IMAC (Högbom),Lin/Kotov/Högbom first-line helical IMP extract (DDM)
NYCOMPS-GO.3100,tt_expressed_not_purified,redesign,0.5193,0.35,0,trim a long extramembrane loop,trim a long extramembrane loop,1% w/v DDM,0.03% w/v DDM (IMAC/SEC),LMNG / DMNG / GDN,fos-choline and PEG as 'stability' detergents (Kotov); glucosides weaker on IMAC (Högbom),Lin/Kotov/Högbom first-line helical IMP extract (DDM)
NYCOMPS-GO.1889,tt_expressed_not_purified,redesign,0.5039,0.35,0,trim a long extramembrane loop,trim a long extramembrane loop,1% w/v DDM,0.03% w/v DDM (IMAC/SEC),LMNG / DMNG / GDN,fos-choline and PEG as 'stability' detergents (Kotov); glucosides weaker on IMAC (Högbom),Lin/Kotov/Högbom first-line helical IMP extract (DDM)
NYCOMPS-GO.19236,tt_expressed_not_purified,wrap_rescue,0.5483,0.75,1,trim a long extramembrane loop,standard purify looks unlikely; termini/TM belt look WRAP-amenable,1% w/v DDM,0.03% w/v DDM (IMAC/SEC),LMNG / DMNG / GDN,fos-choline and PEG as 'stability' detergents (Kotov); glucosides weaker on IMAC (Högbom),Lin/Kotov/Högbom first-line helical IMP extract (DDM)
NYCOMPS-GO.4388,tt_expressed_not_purified,deprioritize,0.4113,0.35,0,,"low purify score, not WRAP-amenable, no obvious construct lever",1% w/v DDM,0.03% w/v DDM (IMAC/SEC),LMNG / DMNG / GDN,fos-choline and PEG as 'stability' detergents (Kotov); glucosides weaker on IMAC (Högbom),Lin/Kotov/Högbom first-line helical IMP extract (DDM)
NYCOMPS-GO.2714,tt_expressed_not_purified,wrap_rescue,0.4017,0.55,1,,standard purify looks unlikely; termini/TM belt look WRAP-amenable,1% w/v DDM,0.03% w/v DDM (IMAC/SEC),LMNG / DMNG / GDN,fos-choline and PEG as 'stability' detergents (Kotov); glucosides weaker on IMAC (Högbom),Lin/Kotov/Högbom first-line helical IMP extract (DDM)
NYCOMPS-GO.3112,tt_expressed_not_purified,wrap_rescue,0.5047,0.75,1,trim a long extramembrane loop,standard purify looks unlikely; termini/TM belt look WRAP-amenable,1% w/v DDM,0.03% w/v DDM (IMAC/SEC),LMNG / DMNG / GDN,fos-choline and PEG as 'stability' detergents (Kotov); glucosides weaker on IMAC (Högbom),Lin/Kotov/Högbom first-line helical IMP extract (DDM)
NYCOMPS-GO.1769,tt_expressed_not_purified,wrap_rescue,0.426,0.75,1,reduce disulfides / skip eukaryotic folding; add a fusion-able N- or C-terminus,standard purify looks unlikely; termini/TM belt look WRAP-amenable,1% w/v DDM,0.03% w/v DDM (IMAC/SEC),LMNG / DMNG / GDN,fos-choline and PEG as 'stability' detergents (Kotov); glucosides weaker on IMAC (Högbom),Lin/Kotov/Högbom first-line helical IMP extract (DDM)
TMPC-GO.120334,tt_expressed_not_purified,redesign,0.3603,0.15,0,reduce disulfides / skip eukaryotic folding; trim a long extramembrane loop,reduce disulfides / skip eukaryotic folding; trim a long extramembrane loop,1% w/v DDM,0.03% w/v DDM (IMAC/SEC),LMNG / DMNG / GDN,fos-choline and PEG as 'stability' detergents (Kotov); glucosides weaker on IMAC (Högbom),Lin/Kotov/Högbom first-line helical IMP extract (DDM)
MPP-GO.122209,tt_expressed_not_purified,redesign,0.4577,0.15,0,reduce disulfides / skip eukaryotic folding; trim a long extramembrane loop,reduce disulfides / skip eukaryotic folding; trim a long extramembrane loop,1% w/v DDM,0.03% w/v DDM (IMAC/SEC),LMNG / DMNG / GDN,fos-choline and PEG as 'stability' detergents (Kotov); glucosides weaker on IMAC (Högbom),Lin/Kotov/Högbom first-line helical IMP extract (DDM)
NYCOMPS-GO.14385,tt_expressed_not_purified,standard,0.5835,0.15,0,trim a long extramembrane loop,sequence resembles TargetTrack purified (given expression),1% w/v DDM,0.03% w/v DDM (IMAC/SEC),LMNG / DMNG / GDN,fos-choline and PEG as 'stability' detergents (Kotov); glucosides weaker on IMAC (Högbom),Lin/Kotov/Högbom first-line helical IMP extract (DDM)
NYCOMPS-GO.2680,tt_expressed_not_purified,redesign,0.4987,0.35,0,trim a long extramembrane loop,trim a long extramembrane loop,1% w/v DDM,0.03% w/v DDM (IMAC/SEC),LMNG / DMNG / GDN,fos-choline and PEG as 'stability' detergents (Kotov); glucosides weaker on IMAC (Högbom),Lin/Kotov/Högbom first-line helical IMP extract (DDM)
MPP-GO.119268,tt_expressed_not_purified,redesign,0.4979,0.15,0,reduce disulfides / skip eukaryotic folding; trim a long extramembrane loop,reduce disulfides / skip eukaryotic folding; trim a long extramembrane loop,1% w/v DDM,0.03% w/v DDM (IMAC/SEC),LMNG / DMNG / GDN,fos-choline and PEG as 'stability' detergents (Kotov); glucosides weaker on IMAC (Högbom),Lin/Kotov/Högbom first-line helical IMP extract (DDM)
MPP-GO.118976,tt_expressed_not_purified,redesign,0.36,0.15,0,trim a long extramembrane loop,trim a long extramembrane loop,1% w/v DDM,0.03% w/v DDM (IMAC/SEC),LMNG / DMNG / GDN,fos-choline and PEG as 'stability' detergents (Kotov); glucosides weaker on IMAC (Högbom),Lin/Kotov/Högbom first-line helical IMP extract (DDM)
MPP-GO.119188,tt_expressed_not_purified,redesign,0.5192,0.05,0,drop sequons or use a prokaryotic host; trim a long extramembrane loop,drop sequons or use a prokaryotic host; trim a long extramembrane loop,1% w/v DDM,0.03% w/v DDM (IMAC/SEC),LMNG / DMNG / GDN,fos-choline and PEG as 'stability' detergents (Kotov); glucosides weaker on IMAC (Högbom),Lin/Kotov/Högbom first-line helical IMP extract (DDM)
NYCOMPS-GO.473,tt_expressed_not_purified,redesign,0.38,0.35,0,trim a long extramembrane loop,trim a long extramembrane loop,1% w/v DDM,0.03% w/v DDM (IMAC/SEC),LMNG / DMNG / GDN,fos-choline and PEG as 'stability' detergents (Kotov); glucosides weaker on IMAC (Högbom),Lin/Kotov/Högbom first-line helical IMP extract (DDM)
NYCOMPS-GO.85,tt_expressed_not_purified,wrap_rescue,0.4957,0.75,1,,standard purify looks unlikely; termini/TM belt look WRAP-amenable,1% w/v DDM,0.03% w/v DDM (IMAC/SEC),LMNG / DMNG / GDN,fos-choline and PEG as 'stability' detergents (Kotov); glucosides weaker on IMAC (Högbom),Lin/Kotov/Högbom first-line helical IMP extract (DDM)
NYCOMPS-GO.3116,tt_expressed_not_purified,redesign,0.4285,0.35,0,trim a long extramembrane loop,trim a long extramembrane loop,1% w/v DDM,0.03% w/v DDM (IMAC/SEC),LMNG / DMNG / GDN,fos-choline and PEG as 'stability' detergents (Kotov); glucosides weaker on IMAC (Högbom),Lin/Kotov/Högbom first-line helical IMP extract (DDM)
NYCOMPS-GO.13658,tt_expressed_not_purified,deprioritize,0.4074,0.35,0,,"low purify score, not WRAP-amenable, no obvious construct lever",1% w/v DDM,0.03% w/v DDM (IMAC/SEC),LMNG / DMNG / GDN,fos-choline and PEG as 'stability' detergents (Kotov); glucosides weaker on IMAC (Högbom),Lin/Kotov/Högbom first-line helical IMP extract (DDM)
NYCOMPS-GO.14306,tt_expressed_not_purified,wrap_rescue,0.5157,0.75,1,,standard purify looks unlikely; termini/TM belt look WRAP-amenable,1% w/v DDM,0.03% w/v DDM (IMAC/SEC),LMNG / DMNG / GDN,fos-choline and PEG as 'stability' detergents (Kotov); glucosides weaker on IMAC (Högbom),Lin/Kotov/Högbom first-line helical IMP extract (DDM)
NYCOMPS-GO.4876,tt_expressed_not_purified,redesign,0.3118,0.35,0,trim a long extramembrane loop,trim a long extramembrane loop,1% w/v DDM,0.03% w/v DDM (IMAC/SEC),LMNG / DMNG / GDN,fos-choline and PEG as 'stability' detergents (Kotov); glucosides weaker on IMAC (Högbom),Lin/Kotov/Högbom first-line helical IMP extract (DDM)
NYCOMPS-GO.10895,tt_expressed_not_purified,standard,0.5562,0.75,1,trim a long extramembrane loop,sequence resembles TargetTrack purified (given expression),1% w/v DDM,0.03% w/v DDM (IMAC/SEC),LMNG / DMNG / GDN,fos-choline and PEG as 'stability' detergents (Kotov); glucosides weaker on IMAC (Högbom),Lin/Kotov/Högbom first-line helical IMP extract (DDM)
NYCOMPS-GO.155,tt_expressed_not_purified,redesign,0.4672,0.15,0,trim a long extramembrane loop,trim a long extramembrane loop,1% w/v DDM,0.03% w/v DDM (IMAC/SEC),LMNG / DMNG / GDN,fos-choline and PEG as 'stability' detergents (Kotov); glucosides weaker on IMAC (Högbom),Lin/Kotov/Högbom first-line helical IMP extract (DDM)
NYCOMPS-GO.14110,tt_expressed_not_purified,standard,0.5697,0.75,1,trim a long extramembrane loop,sequence resembles TargetTrack purified (given expression),1% w/v DDM,0.03% w/v DDM (IMAC/SEC),LMNG / DMNG / GDN,fos-choline and PEG as 'stability' detergents (Kotov); glucosides weaker on IMAC (Högbom),Lin/Kotov/Högbom first-line helical IMP extract (DDM)
TMPC-GO.122062,tt_expressed_not_purified,redesign,0.4999,0.15,0,trim a long extramembrane loop,trim a long extramembrane loop,1% w/v DDM,0.03% w/v DDM (IMAC/SEC),LMNG / DMNG / GDN,fos-choline and PEG as 'stability' detergents (Kotov); glucosides weaker on IMAC (Högbom),Lin/Kotov/Högbom first-line helical IMP extract (DDM)
NYCOMPS-GO.1723,tt_expressed_not_purified,standard,0.5962,0.75,1,,sequence resembles TargetTrack purified (given expression),1% w/v DDM,0.03% w/v DDM (IMAC/SEC),LMNG / DMNG / GDN,fos-choline and PEG as 'stability' detergents (Kotov); glucosides weaker on IMAC (Högbom),Lin/Kotov/Högbom first-line helical IMP extract (DDM)
NYCOMPS-GO.7749,tt_expressed_not_purified,redesign,0.4923,0.45,0,drop sequons or use a prokaryotic host; trim a long extramembrane loop,drop sequons or use a prokaryotic host; trim a long extramembrane loop,1% w/v DDM,0.03% w/v DDM (IMAC/SEC),LMNG / DMNG / GDN,fos-choline and PEG as 'stability' detergents (Kotov); glucosides weaker on IMAC (Högbom),Lin/Kotov/Högbom first-line helical IMP extract (DDM)
MPSBC-Tok1pSku,tt_expressed_not_purified,deprioritize,0.4442,0.35,0,,"low purify score, not WRAP-amenable, no obvious construct lever",1% w/v DDM,0.03% w/v DDM (IMAC/SEC),LMNG / DMNG / GDN,fos-choline and PEG as 'stability' detergents (Kotov); glucosides weaker on IMAC (Högbom),Lin/Kotov/Högbom first-line helical IMP extract (DDM)
NYCOMPS-GO.294,tt_expressed_not_purified,wrap_rescue,0.5223,0.75,1,trim a long extramembrane loop,standard purify looks unlikely; termini/TM belt look WRAP-amenable,1% w/v DDM,0.03% w/v DDM (IMAC/SEC),LMNG / DMNG / GDN,fos-choline and PEG as 'stability' detergents (Kotov); glucosides weaker on IMAC (Högbom),Lin/Kotov/Högbom first-line helical IMP extract (DDM)
MPSBC-Ste24pSm,tt_expressed_not_purified,redesign,0.5183,0.05,0,drop sequons or use a prokaryotic host; trim a long extramembrane loop,drop sequons or use a prokaryotic host; trim a long extramembrane loop,1% w/v DDM,0.03% w/v DDM (IMAC/SEC),LMNG / DMNG / GDN,fos-choline and PEG as 'stability' detergents (Kotov); glucosides weaker on IMAC (Högbom),Lin/Kotov/Högbom first-line helical IMP extract (DDM)
CSMP-3668C,tt_expressed_not_purified,standard,0.6013,0.45,0,drop sequons or use a prokaryotic host; reduce disulfides / skip eukaryotic folding; trim a long extramembrane loop,sequence resembles TargetTrack purified (given expression),1% w/v DDM,0.03% w/v DDM (IMAC/SEC),LMNG / DMNG / GDN,fos-choline and PEG as 'stability' detergents (Kotov); glucosides weaker on IMAC (Högbom),Lin/Kotov/Högbom first-line helical IMP extract (DDM)
NYCOMPS-GO.9715,tt_expressed_not_purified,deprioritize,0.3083,0.15,0,,"low purify score, not WRAP-amenable, no obvious construct lever",1% w/v DDM,0.03% w/v DDM (IMAC/SEC),LMNG / DMNG / GDN,fos-choline and PEG as 'stability' detergents (Kotov); glucosides weaker on IMAC (Högbom),Lin/Kotov/Högbom first-line helical IMP extract (DDM)
NYCOMPS-GO.1031,tt_expressed_not_purified,standard,0.568,0.75,1,reduce disulfides / skip eukaryotic folding; trim a long extramembrane loop,sequence resembles TargetTrack purified (given expression),1% w/v DDM,0.03% w/v DDM (IMAC/SEC),LMNG / DMNG / GDN,fos-choline and PEG as 'stability' detergents (Kotov); glucosides weaker on IMAC (Högbom),Lin/Kotov/Högbom first-line helical IMP extract (DDM)
NYCOMPS-GO.1780,tt_expressed_not_purified,wrap_rescue,0.4652,0.65,1,drop sequons or use a prokaryotic host; add a fusion-able N- or C-terminus; trim a long extramembrane loop,standard purify looks unlikely; termini/TM belt look WRAP-amenable,1% w/v DDM,0.03% w/v DDM (IMAC/SEC),LMNG / DMNG / GDN,fos-choline and PEG as 'stability' detergents (Kotov); glucosides weaker on IMAC (Högbom),Lin/Kotov/Högbom first-line helical IMP extract (DDM)
MPSBC-Ste14p,tt_expressed_not_purified,deprioritize,0.3333,0.35,0,,"low purify score, not WRAP-amenable, no obvious construct lever",1% w/v DDM,0.03% w/v DDM (IMAC/SEC),LMNG / DMNG / GDN,fos-choline and PEG as 'stability' detergents (Kotov); glucosides weaker on IMAC (Högbom),Lin/Kotov/Högbom first-line helical IMP extract (DDM)
NYCOMPS-GO.665,tt_expressed_not_purified,wrap_rescue,0.538,0.75,1,trim a long extramembrane loop,standard purify looks unlikely; termini/TM belt look WRAP-amenable,1% w/v DDM,0.03% w/v DDM (IMAC/SEC),LMNG / DMNG / GDN,fos-choline and PEG as 'stability' detergents (Kotov); glucosides weaker on IMAC (Högbom),Lin/Kotov/Högbom first-line helical IMP extract (DDM)
NYCOMPS-GO.2194,tt_expressed_not_purified,wrap_rescue,0.4717,0.75,1,,standard purify looks unlikely; termini/TM belt look WRAP-amenable,1% w/v DDM,0.03% w/v DDM (IMAC/SEC),LMNG / DMNG / GDN,fos-choline and PEG as 'stability' detergents (Kotov); glucosides weaker on IMAC (Högbom),Lin/Kotov/Högbom first-line helical IMP extract (DDM)
NYCOMPS-GO.1868,tt_expressed_not_purified,redesign,0.4097,0.35,0,trim a long extramembrane loop,trim a long extramembrane loop,1% w/v DDM,0.03% w/v DDM (IMAC/SEC),LMNG / DMNG / GDN,fos-choline and PEG as 'stability' detergents (Kotov); glucosides weaker on IMAC (Högbom),Lin/Kotov/Högbom first-line helical IMP extract (DDM)
NYCOMPS-GO.7923,tt_expressed_not_purified,wrap_rescue,0.4364,0.75,1,add a fusion-able N- or C-terminus,standard purify looks unlikely; termini/TM belt look WRAP-amenable,1% w/v DDM,0.03% w/v DDM (IMAC/SEC),LMNG / DMNG / GDN,fos-choline and PEG as 'stability' detergents (Kotov); glucosides weaker on IMAC (Högbom),Lin/Kotov/Högbom first-line helical IMP extract (DDM)
NYCOMPS-GO.9837,tt_expressed_not_purified,deprioritize,0.1652,0.2,0,,"low purify score, not WRAP-amenable, no obvious construct lever",1% w/v DDM,0.03% w/v DDM (IMAC/SEC),LMNG / DMNG / GDN,fos-choline and PEG as 'stability' detergents (Kotov); glucosides weaker on IMAC (Högbom),Lin/Kotov/Högbom first-line helical IMP extract (DDM)
NYCOMPS-GO.470,tt_expressed_not_purified,standard,0.6006,0.75,1,trim a long extramembrane loop,sequence resembles TargetTrack purified (given expression),1% w/v DDM,0.03% w/v DDM (IMAC/SEC),LMNG / DMNG / GDN,fos-choline and PEG as 'stability' detergents (Kotov); glucosides weaker on IMAC (Högbom),Lin/Kotov/Högbom first-line helical IMP extract (DDM)
MPP-GO.123229,tt_expressed_not_purified,deprioritize,0.1445,0.15,0,,"low purify score, not WRAP-amenable, no obvious construct lever",1% w/v DDM,0.03% w/v DDM (IMAC/SEC),LMNG / DMNG / GDN,fos-choline and PEG as 'stability' detergents (Kotov); glucosides weaker on IMAC (Högbom),Lin/Kotov/Högbom first-line helical IMP extract (DDM)
NYCOMPS-GO.291,tt_expressed_not_purified,standard,0.6302,0.65,1,drop sequons or use a prokaryotic host; trim a long extramembrane loop,sequence resembles TargetTrack purified (given expression),1% w/v DDM,0.03% w/v DDM (IMAC/SEC),LMNG / DMNG / GDN,fos-choline and PEG as 'stability' detergents (Kotov); glucosides weaker on IMAC (Högbom),Lin/Kotov/Högbom first-line helical IMP extract (DDM)
NYCOMPS-GO.14006,tt_expressed_not_purified,redesign,0.445,0.35,0,trim a long extramembrane loop,trim a long extramembrane loop,1% w/v DDM,0.03% w/v DDM (IMAC/SEC),LMNG / DMNG / GDN,fos-choline and PEG as 'stability' detergents (Kotov); glucosides weaker on IMAC (Högbom),Lin/Kotov/Högbom first-line helical IMP extract (DDM)
MPSBC-Tok1pSku,tt_expressed_not_purified,deprioritize,0.4471,0.35,0,,"low purify score, not WRAP-amenable, no obvious construct lever",1% w/v DDM,0.03% w/v DDM (IMAC/SEC),LMNG / DMNG / GDN,fos-choline and PEG as 'stability' detergents (Kotov); glucosides weaker on IMAC (Högbom),Lin/Kotov/Högbom first-line helical IMP extract (DDM)
NYCOMPS-GO.9506,tt_expressed_not_purified,deprioritize,0.3588,0.35,0,,"low purify score, not WRAP-amenable, no obvious construct lever",1% w/v DDM,0.03% w/v DDM (IMAC/SEC),LMNG / DMNG / GDN,fos-choline and PEG as 'stability' detergents (Kotov); glucosides weaker on IMAC (Högbom),Lin/Kotov/Högbom first-line helical IMP extract (DDM)
NYCOMPS-GO.2854,tt_expressed_not_purified,wrap_rescue,0.5175,0.75,1,add a fusion-able N- or C-terminus,standard purify looks unlikely; termini/TM belt look WRAP-amenable,1% w/v DDM,0.03% w/v DDM (IMAC/SEC),LMNG / DMNG / GDN,fos-choline and PEG as 'stability' detergents (Kotov); glucosides weaker on IMAC (Högbom),Lin/Kotov/Högbom first-line helical IMP extract (DDM)
NYCOMPS-GO.14161,tt_expressed_not_purified,deprioritize,0.4697,0.35,0,,"low purify score, not WRAP-amenable, no obvious construct lever",1% w/v DDM,0.03% w/v DDM (IMAC/SEC),LMNG / DMNG / GDN,fos-choline and PEG as 'stability' detergents (Kotov); glucosides weaker on IMAC (Högbom),Lin/Kotov/Högbom first-line helical IMP extract (DDM)
MPP-GO.121157,tt_expressed_not_purified,deprioritize,0.2593,0.15,0,,"low purify score, not WRAP-amenable, no obvious construct lever",1% w/v DDM,0.03% w/v DDM (IMAC/SEC),LMNG / DMNG / GDN,fos-choline and PEG as 'stability' detergents (Kotov); glucosides weaker on IMAC (Högbom),Lin/Kotov/Högbom first-line helical IMP extract (DDM)
NYCOMPS-GO.14497,tt_expressed_not_purified,standard,0.6179,0.75,1,trim a long extramembrane loop,sequence resembles TargetTrack purified (given expression),1% w/v DDM,0.03% w/v DDM (IMAC/SEC),LMNG / DMNG / GDN,fos-choline and PEG as 'stability' detergents (Kotov); glucosides weaker on IMAC (Högbom),Lin/Kotov/Högbom first-line helical IMP extract (DDM)
NYCOMPS-GO.7577,tt_expressed_not_purified,redesign,0.4132,0.35,0,trim a long extramembrane loop,trim a long extramembrane loop,1% w/v DDM,0.03% w/v DDM (IMAC/SEC),LMNG / DMNG / GDN,fos-choline and PEG as 'stability' detergents (Kotov); glucosides weaker on IMAC (Högbom),Lin/Kotov/Högbom first-line helical IMP extract (DDM)
NYCOMPS-GO.7561,tt_expressed_not_purified,standard,0.5513,0.35,0,reduce disulfides / skip eukaryotic folding; trim a long extramembrane loop,sequence resembles TargetTrack purified (given expression),1% w/v DDM,0.03% w/v DDM (IMAC/SEC),LMNG / DMNG / GDN,fos-choline and PEG as 'stability' detergents (Kotov); glucosides weaker on IMAC (Högbom),Lin/Kotov/Högbom first-line helical IMP extract (DDM)
TMPC-GO.111187,tt_expressed_not_purified,standard,0.5716,0.15,0,,sequence resembles TargetTrack purified (given expression),1% w/v DDM,0.03% w/v DDM (IMAC/SEC),LMNG / DMNG / GDN,fos-choline and PEG as 'stability' detergents (Kotov); glucosides weaker on IMAC (Högbom),Lin/Kotov/Högbom first-line helical IMP extract (DDM)
MPP-GO.120447,tt_expressed_not_purified,redesign,0.488,0.15,0,trim a long extramembrane loop,trim a long extramembrane loop,1% w/v DDM,0.03% w/v DDM (IMAC/SEC),LMNG / DMNG / GDN,fos-choline and PEG as 'stability' detergents (Kotov); glucosides weaker on IMAC (Högbom),Lin/Kotov/Högbom first-line helical IMP extract (DDM)
NYCOMPS-GO.14833,tt_expressed_not_purified,redesign,0.5481,0.35,0,trim a long extramembrane loop,trim a long extramembrane loop,1% w/v DDM,0.03% w/v DDM (IMAC/SEC),LMNG / DMNG / GDN,fos-choline and PEG as 'stability' detergents (Kotov); glucosides weaker on IMAC (Högbom),Lin/Kotov/Högbom first-line helical IMP extract (DDM)
NYCOMPS-GO.5064,tt_expressed_not_purified,redesign,0.548,0.35,0,trim a long extramembrane loop,trim a long extramembrane loop,1% w/v DDM,0.03% w/v DDM (IMAC/SEC),LMNG / DMNG / GDN,fos-choline and PEG as 'stability' detergents (Kotov); glucosides weaker on IMAC (Högbom),Lin/Kotov/Högbom first-line helical IMP extract (DDM)
NYCOMPS-GO.9660,tt_expressed_not_purified,wrap_rescue,0.4143,0.75,1,,standard purify looks unlikely; termini/TM belt look WRAP-amenable,1% w/v DDM,0.03% w/v DDM (IMAC/SEC),LMNG / DMNG / GDN,fos-choline and PEG as 'stability' detergents (Kotov); glucosides weaker on IMAC (Högbom),Lin/Kotov/Högbom first-line helical IMP extract (DDM)
NYCOMPS-GO.9723,tt_expressed_not_purified,deprioritize,0.4838,0.15,0,,"low purify score, not WRAP-amenable, no obvious construct lever",1% w/v DDM,0.03% w/v DDM (IMAC/SEC),LMNG / DMNG / GDN,fos-choline and PEG as 'stability' detergents (Kotov); glucosides weaker on IMAC (Högbom),Lin/Kotov/Högbom first-line helical IMP extract (DDM)
NYCOMPS-GO.14063,tt_expressed_not_purified,wrap_rescue,0.5199,0.75,1,trim a long extramembrane loop,standard purify looks unlikely; termini/TM belt look WRAP-amenable,1% w/v DDM,0.03% w/v DDM (IMAC/SEC),LMNG / DMNG / GDN,fos-choline and PEG as 'stability' detergents (Kotov); glucosides weaker on IMAC (Högbom),Lin/Kotov/Högbom first-line helical IMP extract (DDM)
NYCOMPS-GO.2512,tt_expressed_not_purified,standard,0.6259,0.75,1,,sequence resembles TargetTrack purified (given expression),1% w/v DDM,0.03% w/v DDM (IMAC/SEC),LMNG / DMNG / GDN,fos-choline and PEG as 'stability' detergents (Kotov); glucosides weaker on IMAC (Högbom),Lin/Kotov/Högbom first-line helical IMP extract (DDM)
MPP-GO.128391,tt_expressed_not_purified,deprioritize,0.5102,0.15,0,,"low purify score, not WRAP-amenable, no obvious construct lever",1% w/v DDM,0.03% w/v DDM (IMAC/SEC),LMNG / DMNG / GDN,fos-choline and PEG as 'stability' detergents (Kotov); glucosides weaker on IMAC (Högbom),Lin/Kotov/Högbom first-line helical IMP extract (DDM)
MPP-GO.123252,tt_expressed_not_purified,redesign,0.459,0.15,0,trim a long extramembrane loop,trim a long extramembrane loop,1% w/v DDM,0.03% w/v DDM (IMAC/SEC),LMNG / DMNG / GDN,fos-choline and PEG as 'stability' detergents (Kotov); glucosides weaker on IMAC (Högbom),Lin/Kotov/Högbom first-line helical IMP extract (DDM)
NYCOMPS-GO.2315,tt_expressed_not_purified,deprioritize,0.4117,0.15,0,,"low purify score, not WRAP-amenable, no obvious construct lever",1% w/v DDM,0.03% w/v DDM (IMAC/SEC),LMNG / DMNG / GDN,fos-choline and PEG as 'stability' detergents (Kotov); glucosides weaker on IMAC (Högbom),Lin/Kotov/Högbom first-line helical IMP extract (DDM)
NYCOMPS-GO.13434,tt_expressed_not_purified,redesign,0.4635,0.15,0,trim a long extramembrane loop,trim a long extramembrane loop,1% w/v DDM,0.03% w/v DDM (IMAC/SEC),LMNG / DMNG / GDN,fos-choline and PEG as 'stability' detergents (Kotov); glucosides weaker on IMAC (Högbom),Lin/Kotov/Högbom first-line helical IMP extract (DDM)
ISFI-ISFI296,tt_expressed_not_purified,standard,0.5519,0.15,0,,sequence resembles TargetTrack purified (given expression),1% w/v DDM,0.03% w/v DDM (IMAC/SEC),LMNG / DMNG / GDN,fos-choline and PEG as 'stability' detergents (Kotov); glucosides weaker on IMAC (Högbom),Lin/Kotov/Högbom first-line helical IMP extract (DDM)
NYCOMPS-GO.14018,tt_expressed_not_purified,wrap_rescue,0.5341,0.75,1,,standard purify looks unlikely; termini/TM belt look WRAP-amenable,1% w/v DDM,0.03% w/v DDM (IMAC/SEC),LMNG / DMNG / GDN,fos-choline and PEG as 'stability' detergents (Kotov); glucosides weaker on IMAC (Högbom),Lin/Kotov/Högbom first-line helical IMP extract (DDM)
NYCOMPS-GO.8608,tt_expressed_not_purified,wrap_rescue,0.3874,0.95,1,,standard purify looks unlikely; termini/TM belt look WRAP-amenable,1% w/v DDM,0.03% w/v DDM (IMAC/SEC),LMNG / DMNG / GDN,fos-choline and PEG as 'stability' detergents (Kotov); glucosides weaker on IMAC (Högbom),Lin/Kotov/Högbom first-line helical IMP extract (DDM)
NYCOMPS-GO.2448,tt_expressed_not_purified,redesign,0.4746,0.35,0,trim a long extramembrane loop,trim a long extramembrane loop,1% w/v DDM,0.03% w/v DDM (IMAC/SEC),LMNG / DMNG / GDN,fos-choline and PEG as 'stability' detergents (Kotov); glucosides weaker on IMAC (Högbom),Lin/Kotov/Högbom first-line helical IMP extract (DDM)
CSMP-2339S,tt_expressed_not_purified,standard,0.6906,0.25,0,drop sequons or use a prokaryotic host; reduce disulfides / skip eukaryotic folding; trim a long extramembrane loop,sequence resembles TargetTrack purified (given expression),1% w/v DDM,0.03% w/v DDM (IMAC/SEC),LMNG / DMNG / GDN,fos-choline and PEG as 'stability' detergents (Kotov); glucosides weaker on IMAC (Högbom),Lin/Kotov/Högbom first-line helical IMP extract (DDM)
MPP-GO.120246,tt_expressed_not_purified,deprioritize,0.3411,0.0,0,,"low purify score, not WRAP-amenable, no obvious construct lever",1% w/v DDM,0.03% w/v DDM (IMAC/SEC),LMNG / DMNG / GDN,fos-choline and PEG as 'stability' detergents (Kotov); glucosides weaker on IMAC (Högbom),Lin/Kotov/Högbom first-line helical IMP extract (DDM)
NYCOMPS-GO.2805,tt_expressed_not_purified,wrap_rescue,0.2536,0.95,1,,standard purify looks unlikely; termini/TM belt look WRAP-amenable,1% w/v DDM,0.03% w/v DDM (IMAC/SEC),LMNG / DMNG / GDN,fos-choline and PEG as 'stability' detergents (Kotov); glucosides weaker on IMAC (Högbom),Lin/Kotov/Högbom first-line helical IMP extract (DDM)
MPSBC-Ers1pSca,tt_expressed_not_purified,redesign,0.4254,0.35,0,trim a long extramembrane loop,trim a long extramembrane loop,1% w/v DDM,0.03% w/v DDM (IMAC/SEC),LMNG / DMNG / GDN,fos-choline and PEG as 'stability' detergents (Kotov); glucosides weaker on IMAC (Högbom),Lin/Kotov/Högbom first-line helical IMP extract (DDM)
MPP-GO.118755,tt_expressed_not_purified,redesign,0.5112,0.15,0,reduce disulfides / skip eukaryotic folding; trim a long extramembrane loop,reduce disulfides / skip eukaryotic folding; trim a long extramembrane loop,1% w/v DDM,0.03% w/v DDM (IMAC/SEC),LMNG / DMNG / GDN,fos-choline and PEG as 'stability' detergents (Kotov); glucosides weaker on IMAC (Högbom),Lin/Kotov/Högbom first-line helical IMP extract (DDM)
MPSBC-Pfa4pKl,tt_expressed_not_purified,redesign,0.5296,0.15,0,reduce disulfides / skip eukaryotic folding; trim a long extramembrane loop,reduce disulfides / skip eukaryotic folding; trim a long extramembrane loop,1% w/v DDM,0.03% w/v DDM (IMAC/SEC),LMNG / DMNG / GDN,fos-choline and PEG as 'stability' detergents (Kotov); glucosides weaker on IMAC (Högbom),Lin/Kotov/Högbom first-line helical IMP extract (DDM)
NYCOMPS-GO.3463,tt_expressed_not_purified,standard,0.5767,0.55,1,trim a long extramembrane loop,sequence resembles TargetTrack purified (given expression),1% w/v DDM,0.03% w/v DDM (IMAC/SEC),LMNG / DMNG / GDN,fos-choline and PEG as 'stability' detergents (Kotov); glucosides weaker on IMAC (Högbom),Lin/Kotov/Högbom first-line helical IMP extract (DDM)
MPP-GO.122236,tt_expressed_not_purified,redesign,0.4282,0.15,0,reduce disulfides / skip eukaryotic folding; trim a long extramembrane loop,reduce disulfides / skip eukaryotic folding; trim a long extramembrane loop,1% w/v DDM,0.03% w/v DDM (IMAC/SEC),LMNG / DMNG / GDN,fos-choline and PEG as 'stability' detergents (Kotov); glucosides weaker on IMAC (Högbom),Lin/Kotov/Högbom first-line helical IMP extract (DDM)
MPP-GO.123241,tt_expressed_not_purified,redesign,0.4436,0.15,0,trim a long extramembrane loop,trim a long extramembrane loop,1% w/v DDM,0.03% w/v DDM (IMAC/SEC),LMNG / DMNG / GDN,fos-choline and PEG as 'stability' detergents (Kotov); glucosides weaker on IMAC (Högbom),Lin/Kotov/Högbom first-line helical IMP extract (DDM)
NYCOMPS-GO.19303,tt_expressed_not_purified,redesign,0.3496,0.15,0,trim a long extramembrane loop,trim a long extramembrane loop,1% w/v DDM,0.03% w/v DDM (IMAC/SEC),LMNG / DMNG / GDN,fos-choline and PEG as 'stability' detergents (Kotov); glucosides weaker on IMAC (Högbom),Lin/Kotov/Högbom first-line helical IMP extract (DDM)
NYCOMPS-GO.8465,tt_expressed_not_purified,deprioritize,0.5293,0.35,0,,"low purify score, not WRAP-amenable, no obvious construct lever",1% w/v DDM,0.03% w/v DDM (IMAC/SEC),LMNG / DMNG / GDN,fos-choline and PEG as 'stability' detergents (Kotov); glucosides weaker on IMAC (Högbom),Lin/Kotov/Högbom first-line helical IMP extract (DDM)
NYCOMPS-GO.4932,tt_expressed_not_purified,wrap_rescue,0.529,0.75,1,trim a long extramembrane loop,standard purify looks unlikely; termini/TM belt look WRAP-amenable,1% w/v DDM,0.03% w/v DDM (IMAC/SEC),LMNG / DMNG / GDN,fos-choline and PEG as 'stability' detergents (Kotov); glucosides weaker on IMAC (Högbom),Lin/Kotov/Högbom first-line helical IMP extract (DDM)
NYCOMPS-GO.13629,tt_expressed_not_purified,deprioritize,0.4004,0.35,0,,"low purify score, not WRAP-amenable, no obvious construct lever",1% w/v DDM,0.03% w/v DDM (IMAC/SEC),LMNG / DMNG / GDN,fos-choline and PEG as 'stability' detergents (Kotov); glucosides weaker on IMAC (Högbom),Lin/Kotov/Högbom first-line helical IMP extract (DDM)
NYCOMPS-GO.1772,tt_expressed_not_purified,standard,0.595,0.75,1,trim a long extramembrane loop,sequence resembles TargetTrack purified (given expression),1% w/v DDM,0.03% w/v DDM (IMAC/SEC),LMNG / DMNG / GDN,fos-choline and PEG as 'stability' detergents (Kotov); glucosides weaker on IMAC (Högbom),Lin/Kotov/Högbom first-line helical IMP extract (DDM)
NYCOMPS-GO.9939,tt_expressed_not_purified,redesign,0.4104,0.35,0,trim a long extramembrane loop,trim a long extramembrane loop,1% w/v DDM,0.03% w/v DDM (IMAC/SEC),LMNG / DMNG / GDN,fos-choline and PEG as 'stability' detergents (Kotov); glucosides weaker on IMAC (Högbom),Lin/Kotov/Högbom first-line helical IMP extract (DDM)
NYCOMPS-GO.4235,tt_expressed_not_purified,wrap_rescue,0.497,0.75,1,add a fusion-able N- or C-terminus,standard purify looks unlikely; termini/TM belt look WRAP-amenable,1% w/v DDM,0.03% w/v DDM (IMAC/SEC),LMNG / DMNG / GDN,fos-choline and PEG as 'stability' detergents (Kotov); glucosides weaker on IMAC (Högbom),Lin/Kotov/Högbom first-line helical IMP extract (DDM)
NYCOMPS-GO.451,tt_expressed_not_purified,wrap_rescue,0.3929,0.75,1,add a fusion-able N- or C-terminus,standard purify looks unlikely; termini/TM belt look WRAP-amenable,1% w/v DDM,0.03% w/v DDM (IMAC/SEC),LMNG / DMNG / GDN,fos-choline and PEG as 'stability' detergents (Kotov); glucosides weaker on IMAC (Högbom),Lin/Kotov/Högbom first-line helical IMP extract (DDM)
NYCOMPS-GO.14196,tt_expressed_not_purified,redesign,0.4488,0.35,0,trim a long extramembrane loop,trim a long extramembrane loop,1% w/v DDM,0.03% w/v DDM (IMAC/SEC),LMNG / DMNG / GDN,fos-choline and PEG as 'stability' detergents (Kotov); glucosides weaker on IMAC (Högbom),Lin/Kotov/Högbom first-line helical IMP extract (DDM)
NYCOMPS-GO.1169,tt_expressed_not_purified,deprioritize,0.4695,0.35,0,,"low purify score, not WRAP-amenable, no obvious construct lever",1% w/v DDM,0.03% w/v DDM (IMAC/SEC),LMNG / DMNG / GDN,fos-choline and PEG as 'stability' detergents (Kotov); glucosides weaker on IMAC (Högbom),Lin/Kotov/Högbom first-line helical IMP extract (DDM)
NYCOMPS-GO.19189,tt_expressed_not_purified,redesign,0.526,0.45,0,drop sequons or use a prokaryotic host; trim a long extramembrane loop,drop sequons or use a prokaryotic host; trim a long extramembrane loop,1% w/v DDM,0.03% w/v DDM (IMAC/SEC),LMNG / DMNG / GDN,fos-choline and PEG as 'stability' detergents (Kotov); glucosides weaker on IMAC (Högbom),Lin/Kotov/Högbom first-line helical IMP extract (DDM)
NYCOMPS-GO.10913,tt_expressed_not_purified,wrap_rescue,0.4676,0.75,1,trim a long extramembrane loop,standard purify looks unlikely; termini/TM belt look WRAP-amenable,1% w/v DDM,0.03% w/v DDM (IMAC/SEC),LMNG / DMNG / GDN,fos-choline and PEG as 'stability' detergents (Kotov); glucosides weaker on IMAC (Högbom),Lin/Kotov/Högbom first-line helical IMP extract (DDM)
NYCOMPS-GO.82,tt_expressed_not_purified,redesign,0.4411,0.15,0,trim a long extramembrane loop,trim a long extramembrane loop,1% w/v DDM,0.03% w/v DDM (IMAC/SEC),LMNG / DMNG / GDN,fos-choline and PEG as 'stability' detergents (Kotov); glucosides weaker on IMAC (Högbom),Lin/Kotov/Högbom first-line helical IMP extract (DDM)
NYCOMPS-GO.2298,tt_expressed_not_purified,standard,0.6247,0.35,0,,sequence resembles TargetTrack purified (given expression),1% w/v DDM,0.03% w/v DDM (IMAC/SEC),LMNG / DMNG / GDN,fos-choline and PEG as 'stability' detergents (Kotov); glucosides weaker on IMAC (Högbom),Lin/Kotov/Högbom first-line helical IMP extract (DDM)
NYCOMPS-GO.2592,tt_expressed_not_purified,standard,0.5669,0.75,1,trim a long extramembrane loop,sequence resembles TargetTrack purified (given expression),1% w/v DDM,0.03% w/v DDM (IMAC/SEC),LMNG / DMNG / GDN,fos-choline and PEG as 'stability' detergents (Kotov); glucosides weaker on IMAC (Högbom),Lin/Kotov/Högbom first-line helical IMP extract (DDM)
MPP-GO.121193,tt_expressed_not_purified,redesign,0.4682,0.15,0,reduce disulfides / skip eukaryotic folding; trim a long extramembrane loop,reduce disulfides / skip eukaryotic folding; trim a long extramembrane loop,1% w/v DDM,0.03% w/v DDM (IMAC/SEC),LMNG / DMNG / GDN,fos-choline and PEG as 'stability' detergents (Kotov); glucosides weaker on IMAC (Högbom),Lin/Kotov/Högbom first-line helical IMP extract (DDM)
NYCOMPS-GO.168,tt_expressed_not_purified,redesign,0.4802,0.45,0,drop sequons or use a prokaryotic host; trim a long extramembrane loop,drop sequons or use a prokaryotic host; trim a long extramembrane loop,1% w/v DDM,0.03% w/v DDM (IMAC/SEC),LMNG / DMNG / GDN,fos-choline and PEG as 'stability' detergents (Kotov); glucosides weaker on IMAC (Högbom),Lin/Kotov/Högbom first-line helical IMP extract (DDM)
NYCOMPS-GO.13979,tt_expressed_not_purified,standard,0.6643,0.25,0,drop sequons or use a prokaryotic host; trim a long extramembrane loop,sequence resembles TargetTrack purified (given expression),1% w/v DDM,0.03% w/v DDM (IMAC/SEC),LMNG / DMNG / GDN,fos-choline and PEG as 'stability' detergents (Kotov); glucosides weaker on IMAC (Högbom),Lin/Kotov/Högbom first-line helical IMP extract (DDM)
NYCOMPS-GO.14376,tt_expressed_not_purified,wrap_rescue,0.5338,0.75,1,,standard purify looks unlikely; termini/TM belt look WRAP-amenable,1% w/v DDM,0.03% w/v DDM (IMAC/SEC),LMNG / DMNG / GDN,fos-choline and PEG as 'stability' detergents (Kotov); glucosides weaker on IMAC (Högbom),Lin/Kotov/Högbom first-line helical IMP extract (DDM)
NYCOMPS-GO.5145,tt_expressed_not_purified,standard,0.5972,0.45,0,drop sequons or use a prokaryotic host; trim a long extramembrane loop,sequence resembles TargetTrack purified (given expression),1% w/v DDM,0.03% w/v DDM (IMAC/SEC),LMNG / DMNG / GDN,fos-choline and PEG as 'stability' detergents (Kotov); glucosides weaker on IMAC (Högbom),Lin/Kotov/Högbom first-line helical IMP extract (DDM)
MPP-GO.122025,tt_expressed_not_purified,redesign,0.4763,0.15,0,trim a long extramembrane loop,trim a long extramembrane loop,1% w/v DDM,0.03% w/v DDM (IMAC/SEC),LMNG / DMNG / GDN,fos-choline and PEG as 'stability' detergents (Kotov); glucosides weaker on IMAC (Högbom),Lin/Kotov/Högbom first-line helical IMP extract (DDM)
MPP-GO.118576,tt_expressed_not_purified,redesign,0.5014,0.15,0,trim a long extramembrane loop,trim a long extramembrane loop,1% w/v DDM,0.03% w/v DDM (IMAC/SEC),LMNG / DMNG / GDN,fos-choline and PEG as 'stability' detergents (Kotov); glucosides weaker on IMAC (Högbom),Lin/Kotov/Högbom first-line helical IMP extract (DDM)
GPCR-36,tt_expressed_not_purified,standard,0.6217,0.35,0,reduce disulfides / skip eukaryotic folding; trim a long extramembrane loop,sequence resembles TargetTrack purified (given expression),1% w/v DDM,0.03% w/v DDM (IMAC/SEC),LMNG / DMNG / GDN,fos-choline and PEG as 'stability' detergents (Kotov); glucosides weaker on IMAC (Högbom),Lin/Kotov/Högbom first-line helical IMP extract (DDM)
NYCOMPS-GO.9982,tt_expressed_not_purified,standard,0.5986,0.35,0,trim a long extramembrane loop,sequence resembles TargetTrack purified (given expression),1% w/v DDM,0.03% w/v DDM (IMAC/SEC),LMNG / DMNG / GDN,fos-choline and PEG as 'stability' detergents (Kotov); glucosides weaker on IMAC (Högbom),Lin/Kotov/Högbom first-line helical IMP extract (DDM)
NYCOMPS-GO.7868,tt_expressed_not_purified,wrap_rescue,0.5131,0.55,1,trim a long extramembrane loop,standard purify looks unlikely; termini/TM belt look WRAP-amenable,1% w/v DDM,0.03% w/v DDM (IMAC/SEC),LMNG / DMNG / GDN,fos-choline and PEG as 'stability' detergents (Kotov); glucosides weaker on IMAC (Högbom),Lin/Kotov/Högbom first-line helical IMP extract (DDM)
TransportPDB-0124,tt_expressed_not_purified,standard,0.5643,0.05,0,drop sequons or use a prokaryotic host; reduce disulfides / skip eukaryotic folding; trim a long extramembrane loop,sequence resembles TargetTrack purified (given expression),1% w/v DDM,0.03% w/v DDM (IMAC/SEC),LMNG / DMNG / GDN,fos-choline and PEG as 'stability' detergents (Kotov); glucosides weaker on IMAC (Högbom),Lin/Kotov/Högbom first-line helical IMP extract (DDM)
NYCOMPS-GO.8918,tt_expressed_not_purified,wrap_rescue,0.4842,0.75,1,trim a long extramembrane loop,standard purify looks unlikely; termini/TM belt look WRAP-amenable,1% w/v DDM,0.03% w/v DDM (IMAC/SEC),LMNG / DMNG / GDN,fos-choline and PEG as 'stability' detergents (Kotov); glucosides weaker on IMAC (Högbom),Lin/Kotov/Högbom first-line helical IMP extract (DDM)
MPP-GO.120239,tt_expressed_not_purified,deprioritize,0.4782,0.0,0,,"low purify score, not WRAP-amenable, no obvious construct lever",1% w/v DDM,0.03% w/v DDM (IMAC/SEC),LMNG / DMNG / GDN,fos-choline and PEG as 'stability' detergents (Kotov); glucosides weaker on IMAC (Högbom),Lin/Kotov/Högbom first-line helical IMP extract (DDM)
NYCOMPS-GO.5100,tt_expressed_not_purified,deprioritize,0.488,0.35,0,,"low purify score, not WRAP-amenable, no obvious construct lever",1% w/v DDM,0.03% w/v DDM (IMAC/SEC),LMNG / DMNG / GDN,fos-choline and PEG as 'stability' detergents (Kotov); glucosides weaker on IMAC (Högbom),Lin/Kotov/Högbom first-line helical IMP extract (DDM)
NYCOMPS-GO.10959,tt_expressed_not_purified,wrap_rescue,0.5017,0.75,1,add a fusion-able N- or C-terminus; trim a long extramembrane loop,standard purify looks unlikely; termini/TM belt look WRAP-amenable,1% w/v DDM,0.03% w/v DDM (IMAC/SEC),LMNG / DMNG / GDN,fos-choline and PEG as 'stability' detergents (Kotov); glucosides weaker on IMAC (Högbom),Lin/Kotov/Högbom first-line helical IMP extract (DDM)
NYCOMPS-GO.1943,tt_expressed_not_purified,standard,0.5557,0.35,0,trim a long extramembrane loop,sequence resembles TargetTrack purified (given expression),1% w/v DDM,0.03% w/v DDM (IMAC/SEC),LMNG / DMNG / GDN,fos-choline and PEG as 'stability' detergents (Kotov); glucosides weaker on IMAC (Högbom),Lin/Kotov/Högbom first-line helical IMP extract (DDM)
NYCOMPS-GO.3125,tt_expressed_not_purified,wrap_rescue,0.4103,0.75,1,reduce disulfides / skip eukaryotic folding; trim a long extramembrane loop,standard purify looks unlikely; termini/TM belt look WRAP-amenable,1% w/v DDM,0.03% w/v DDM (IMAC/SEC),LMNG / DMNG / GDN,fos-choline and PEG as 'stability' detergents (Kotov); glucosides weaker on IMAC (Högbom),Lin/Kotov/Högbom first-line helical IMP extract (DDM)
NYCOMPS-GO.8445,tt_expressed_not_purified,deprioritize,0.4962,0.35,0,,"low purify score, not WRAP-amenable, no obvious construct lever",1% w/v DDM,0.03% w/v DDM (IMAC/SEC),LMNG / DMNG / GDN,fos-choline and PEG as 'stability' detergents (Kotov); glucosides weaker on IMAC (Högbom),Lin/Kotov/Högbom first-line helical IMP extract (DDM)
NYCOMPS-GO.19221,tt_expressed_not_purified,wrap_rescue,0.499,0.75,1,reduce disulfides / skip eukaryotic folding; trim a long extramembrane loop,standard purify looks unlikely; termini/TM belt look WRAP-amenable,1% w/v DDM,0.03% w/v DDM (IMAC/SEC),LMNG / DMNG / GDN,fos-choline and PEG as 'stability' detergents (Kotov); glucosides weaker on IMAC (Högbom),Lin/Kotov/Högbom first-line helical IMP extract (DDM)
NYCOMPS-GO.8579,tt_expressed_not_purified,deprioritize,0.4671,0.35,0,,"low purify score, not WRAP-amenable, no obvious construct lever",1% w/v DDM,0.03% w/v DDM (IMAC/SEC),LMNG / DMNG / GDN,fos-choline and PEG as 'stability' detergents (Kotov); glucosides weaker on IMAC (Högbom),Lin/Kotov/Högbom first-line helical IMP extract (DDM)
NYCOMPS-GO.1771,tt_expressed_not_purified,redesign,0.5116,0.35,0,trim a long extramembrane loop,trim a long extramembrane loop,1% w/v DDM,0.03% w/v DDM (IMAC/SEC),LMNG / DMNG / GDN,fos-choline and PEG as 'stability' detergents (Kotov); glucosides weaker on IMAC (Högbom),Lin/Kotov/Högbom first-line helical IMP extract (DDM)
NYCOMPS-GO.5029,tt_expressed_not_purified,wrap_rescue,0.4707,0.75,1,add a fusion-able N- or C-terminus,standard purify looks unlikely; termini/TM belt look WRAP-amenable,1% w/v DDM,0.03% w/v DDM (IMAC/SEC),LMNG / DMNG / GDN,fos-choline and PEG as 'stability' detergents (Kotov); glucosides weaker on IMAC (Högbom),Lin/Kotov/Högbom first-line helical IMP extract (DDM)
NYCOMPS-GO.19452,tt_expressed_not_purified,wrap_rescue,0.4475,0.55,1,trim a long extramembrane loop,standard purify looks unlikely; termini/TM belt look WRAP-amenable,1% w/v DDM,0.03% w/v DDM (IMAC/SEC),LMNG / DMNG / GDN,fos-choline and PEG as 'stability' detergents (Kotov); glucosides weaker on IMAC (Högbom),Lin/Kotov/Högbom first-line helical IMP extract (DDM)
NYCOMPS-GO.3948,tt_expressed_not_purified,redesign,0.4663,0.35,0,trim a long extramembrane loop,trim a long extramembrane loop,1% w/v DDM,0.03% w/v DDM (IMAC/SEC),LMNG / DMNG / GDN,fos-choline and PEG as 'stability' detergents (Kotov); glucosides weaker on IMAC (Högbom),Lin/Kotov/Högbom first-line helical IMP extract (DDM)
NYCOMPS-GO.4645,tt_expressed_not_purified,redesign,0.5024,0.35,0,trim a long extramembrane loop,trim a long extramembrane loop,1% w/v DDM,0.03% w/v DDM (IMAC/SEC),LMNG / DMNG / GDN,fos-choline and PEG as 'stability' detergents (Kotov); glucosides weaker on IMAC (Högbom),Lin/Kotov/Högbom first-line helical IMP extract (DDM)
TransportPDB-0082,tt_expressed_not_purified,redesign,0.2297,0.35,0,shorten or split the construct; reduce disulfides / skip eukaryotic folding; add a fusion-able N- or C-terminus; trim a long extramembrane loop,shorten or split the construct; reduce disulfides / skip eukaryotic folding; add a fusion-able N- or C-terminus; trim a long extramembrane loop,1% w/v DDM,0.03% w/v DDM (IMAC/SEC),LMNG / DMNG / GDN,fos-choline and PEG as 'stability' detergents (Kotov); glucosides weaker on IMAC (Högbom),Lin/Kotov/Högbom first-line helical IMP extract (DDM)
NYCOMPS-GO.8,tt_expressed_not_purified,wrap_rescue,0.4523,0.75,1,add a fusion-able N- or C-terminus; trim a long extramembrane loop,standard purify looks unlikely; termini/TM belt look WRAP-amenable,1% w/v DDM,0.03% w/v DDM (IMAC/SEC),LMNG / DMNG / GDN,fos-choline and PEG as 'stability' detergents (Kotov); glucosides weaker on IMAC (Högbom),Lin/Kotov/Högbom first-line helical IMP extract (DDM)
NYCOMPS-GO.13893,tt_expressed_not_purified,wrap_rescue,0.5477,0.75,1,trim a long extramembrane loop,standard purify looks unlikely; termini/TM belt look WRAP-amenable,1% w/v DDM,0.03% w/v DDM (IMAC/SEC),LMNG / DMNG / GDN,fos-choline and PEG as 'stability' detergents (Kotov); glucosides weaker on IMAC (Högbom),Lin/Kotov/Högbom first-line helical IMP extract (DDM)
NYCOMPS-GO.7614,tt_expressed_not_purified,wrap_rescue,0.368,0.95,1,add a fusion-able N- or C-terminus,standard purify looks unlikely; termini/TM belt look WRAP-amenable,1% w/v DDM,0.03% w/v DDM (IMAC/SEC),LMNG / DMNG / GDN,fos-choline and PEG as 'stability' detergents (Kotov); glucosides weaker on IMAC (Högbom),Lin/Kotov/Högbom first-line helical IMP extract (DDM)
NYCOMPS-GO.14906,tt_expressed_not_purified,wrap_rescue,0.5434,0.75,1,reduce disulfides / skip eukaryotic folding; trim a long extramembrane loop,standard purify looks unlikely; termini/TM belt look WRAP-amenable,1% w/v DDM,0.03% w/v DDM (IMAC/SEC),LMNG / DMNG / GDN,fos-choline and PEG as 'stability' detergents (Kotov); glucosides weaker on IMAC (Högbom),Lin/Kotov/Högbom first-line helical IMP extract (DDM)
NYCOMPS-GO.7570,tt_expressed_not_purified,standard,0.6127,0.75,1,,sequence resembles TargetTrack purified (given expression),1% w/v DDM,0.03% w/v DDM (IMAC/SEC),LMNG / DMNG / GDN,fos-choline and PEG as 'stability' detergents (Kotov); glucosides weaker on IMAC (Högbom),Lin/Kotov/Högbom first-line helical IMP extract (DDM)
TransportPDB-0145,tt_expressed_not_purified,redesign,0.5086,0.35,0,reduce disulfides / skip eukaryotic folding; trim a long extramembrane loop,reduce disulfides / skip eukaryotic folding; trim a long extramembrane loop,1% w/v DDM,0.03% w/v DDM (IMAC/SEC),LMNG / DMNG / GDN,fos-choline and PEG as 'stability' detergents (Kotov); glucosides weaker on IMAC (Högbom),Lin/Kotov/Högbom first-line helical IMP extract (DDM)
TMPC-GO.120331,tt_expressed_not_purified,redesign,0.4242,0.15,0,reduce disulfides / skip eukaryotic folding; trim a long extramembrane loop,reduce disulfides / skip eukaryotic folding; trim a long extramembrane loop,1% w/v DDM,0.03% w/v DDM (IMAC/SEC),LMNG / DMNG / GDN,fos-choline and PEG as 'stability' detergents (Kotov); glucosides weaker on IMAC (Högbom),Lin/Kotov/Högbom first-line helical IMP extract (DDM)
NYCOMPS-GO.10976,tt_expressed_not_purified,wrap_rescue,0.3453,0.75,1,,standard purify looks unlikely; termini/TM belt look WRAP-amenable,1% w/v DDM,0.03% w/v DDM (IMAC/SEC),LMNG / DMNG / GDN,fos-choline and PEG as 'stability' detergents (Kotov); glucosides weaker on IMAC (Högbom),Lin/Kotov/Högbom first-line helical IMP extract (DDM)
NYCOMPS-GO.285,tt_expressed_not_purified,deprioritize,0.4449,0.35,0,,"low purify score, not WRAP-amenable, no obvious construct lever",1% w/v DDM,0.03% w/v DDM (IMAC/SEC),LMNG / DMNG / GDN,fos-choline and PEG as 'stability' detergents (Kotov); glucosides weaker on IMAC (Högbom),Lin/Kotov/Högbom first-line helical IMP extract (DDM)
MPP-GO.128361,tt_expressed_not_purified,deprioritize,0.2196,0.15,0,,"low purify score, not WRAP-amenable, no obvious construct lever",1% w/v DDM,0.03% w/v DDM (IMAC/SEC),LMNG / DMNG / GDN,fos-choline and PEG as 'stability' detergents (Kotov); glucosides weaker on IMAC (Högbom),Lin/Kotov/Högbom first-line helical IMP extract (DDM)
NYCOMPS-GO.2676,tt_expressed_not_purified,wrap_rescue,0.4356,0.95,1,,standard purify looks unlikely; termini/TM belt look WRAP-amenable,1% w/v DDM,0.03% w/v DDM (IMAC/SEC),LMNG / DMNG / GDN,fos-choline and PEG as 'stability' detergents (Kotov); glucosides weaker on IMAC (Högbom),Lin/Kotov/Högbom first-line helical IMP extract (DDM)
NYCOMPS-GO.19231,tt_expressed_not_purified,standard,0.5975,0.75,1,trim a long extramembrane loop,sequence resembles TargetTrack purified (given expression),1% w/v DDM,0.03% w/v DDM (IMAC/SEC),LMNG / DMNG / GDN,fos-choline and PEG as 'stability' detergents (Kotov); glucosides weaker on IMAC (Högbom),Lin/Kotov/Högbom first-line helical IMP extract (DDM)
MPP-GO.121179,tt_expressed_not_purified,standard,0.5737,0.15,0,,sequence resembles TargetTrack purified (given expression),1% w/v DDM,0.03% w/v DDM (IMAC/SEC),LMNG / DMNG / GDN,fos-choline and PEG as 'stability' detergents (Kotov); glucosides weaker on IMAC (Högbom),Lin/Kotov/Högbom first-line helical IMP extract (DDM)
NYCOMPS-GO.2151,tt_expressed_not_purified,redesign,0.4364,0.15,0,trim a long extramembrane loop,trim a long extramembrane loop,1% w/v DDM,0.03% w/v DDM (IMAC/SEC),LMNG / DMNG / GDN,fos-choline and PEG as 'stability' detergents (Kotov); glucosides weaker on IMAC (Högbom),Lin/Kotov/Högbom first-line helical IMP extract (DDM)
NYCOMPS-GO.731,tt_expressed_not_purified,wrap_rescue,0.4649,0.75,1,,standard purify looks unlikely; termini/TM belt look WRAP-amenable,1% w/v DDM,0.03% w/v DDM (IMAC/SEC),LMNG / DMNG / GDN,fos-choline and PEG as 'stability' detergents (Kotov); glucosides weaker on IMAC (Högbom),Lin/Kotov/Högbom first-line helical IMP extract (DDM)
NYCOMPS-GO.17,tt_expressed_not_purified,redesign,0.0593,0.15,0,shorten or split the construct; reduce disulfides / skip eukaryotic folding; trim a long extramembrane loop,shorten or split the construct; reduce disulfides / skip eukaryotic folding; trim a long extramembrane loop,1% w/v DDM,0.03% w/v DDM (IMAC/SEC),LMNG / DMNG / GDN,fos-choline and PEG as 'stability' detergents (Kotov); glucosides weaker on IMAC (Högbom),Lin/Kotov/Högbom first-line helical IMP extract (DDM)
NYCOMPS-GO.19393,tt_expressed_not_purified,redesign,0.4214,0.15,0,trim a long extramembrane loop,trim a long extramembrane loop,1% w/v DDM,0.03% w/v DDM (IMAC/SEC),LMNG / DMNG / GDN,fos-choline and PEG as 'stability' detergents (Kotov); glucosides weaker on IMAC (Högbom),Lin/Kotov/Högbom first-line helical IMP extract (DDM)
CSMP-2407S,tt_expressed_not_purified,standard,0.5835,0.65,1,drop sequons or use a prokaryotic host; reduce disulfides / skip eukaryotic folding; trim a long extramembrane loop,sequence resembles TargetTrack purified (given expression),1% w/v DDM,0.03% w/v DDM (IMAC/SEC),LMNG / DMNG / GDN,fos-choline and PEG as 'stability' detergents (Kotov); glucosides weaker on IMAC (Högbom),Lin/Kotov/Högbom first-line helical IMP extract (DDM)
NYCOMPS-GO.10349,tt_expressed_not_purified,wrap_rescue,0.403,0.95,1,,standard purify looks unlikely; termini/TM belt look WRAP-amenable,1% w/v DDM,0.03% w/v DDM (IMAC/SEC),LMNG / DMNG / GDN,fos-choline and PEG as 'stability' detergents (Kotov); glucosides weaker on IMAC (Högbom),Lin/Kotov/Högbom first-line helical IMP extract (DDM)
NYCOMPS-GO.4760,tt_expressed_not_purified,redesign,0.4009,0.35,0,trim a long extramembrane loop,trim a long extramembrane loop,1% w/v DDM,0.03% w/v DDM (IMAC/SEC),LMNG / DMNG / GDN,fos-choline and PEG as 'stability' detergents (Kotov); glucosides weaker on IMAC (Högbom),Lin/Kotov/Högbom first-line helical IMP extract (DDM)
TransportPDB-0271,tt_expressed_not_purified,deprioritize,0.2952,0.15,0,,"low purify score, not WRAP-amenable, no obvious construct lever",1% w/v DDM,0.03% w/v DDM (IMAC/SEC),LMNG / DMNG / GDN,fos-choline and PEG as 'stability' detergents (Kotov); glucosides weaker on IMAC (Högbom),Lin/Kotov/Högbom first-line helical IMP extract (DDM)
MPP-GO.128363,tt_expressed_not_purified,deprioritize,0.2082,0.15,0,,"low purify score, not WRAP-amenable, no obvious construct lever",1% w/v DDM,0.03% w/v DDM (IMAC/SEC),LMNG / DMNG / GDN,fos-choline and PEG as 'stability' detergents (Kotov); glucosides weaker on IMAC (Högbom),Lin/Kotov/Högbom first-line helical IMP extract (DDM)
NYCOMPS-GO.2685,tt_expressed_not_purified,redesign,0.5235,0.25,0,drop sequons or use a prokaryotic host; trim a long extramembrane loop,drop sequons or use a prokaryotic host; trim a long extramembrane loop,1% w/v DDM,0.03% w/v DDM (IMAC/SEC),LMNG / DMNG / GDN,fos-choline and PEG as 'stability' detergents (Kotov); glucosides weaker on IMAC (Högbom),Lin/Kotov/Högbom first-line helical IMP extract (DDM)
NYCOMPS-GO.19256,tt_expressed_not_purified,wrap_rescue,0.4948,0.75,1,add a fusion-able N- or C-terminus; trim a long extramembrane loop,standard purify looks unlikely; termini/TM belt look WRAP-amenable,1% w/v DDM,0.03% w/v DDM (IMAC/SEC),LMNG / DMNG / GDN,fos-choline and PEG as 'stability' detergents (Kotov); glucosides weaker on IMAC (Högbom),Lin/Kotov/Högbom first-line helical IMP extract (DDM)
ISFI-ISFI732,tt_expressed_not_purified,redesign,0.5359,0.15,0,reduce disulfides / skip eukaryotic folding; trim a long extramembrane loop,reduce disulfides / skip eukaryotic folding; trim a long extramembrane loop,1% w/v DDM,0.03% w/v DDM (IMAC/SEC),LMNG / DMNG / GDN,fos-choline and PEG as 'stability' detergents (Kotov); glucosides weaker on IMAC (Högbom),Lin/Kotov/Högbom first-line helical IMP extract (DDM)
NYCOMPS-GO.8079,tt_expressed_not_purified,redesign,0.3222,0.15,0,trim a long extramembrane loop,trim a long extramembrane loop,1% w/v DDM,0.03% w/v DDM (IMAC/SEC),LMNG / DMNG / GDN,fos-choline and PEG as 'stability' detergents (Kotov); glucosides weaker on IMAC (Högbom),Lin/Kotov/Högbom first-line helical IMP extract (DDM)
MPP-GO.128356,tt_expressed_not_purified,deprioritize,0.212,0.15,0,,"low purify score, not WRAP-amenable, no obvious construct lever",1% w/v DDM,0.03% w/v DDM (IMAC/SEC),LMNG / DMNG / GDN,fos-choline and PEG as 'stability' detergents (Kotov); glucosides weaker on IMAC (Högbom),Lin/Kotov/Högbom first-line helical IMP extract (DDM)
TransportPDB-0165,tt_expressed_not_purified,standard,0.6616,0.65,1,drop sequons or use a prokaryotic host; reduce disulfides / skip eukaryotic folding; trim a long extramembrane loop,sequence resembles TargetTrack purified (given expression),1% w/v DDM,0.03% w/v DDM (IMAC/SEC),LMNG / DMNG / GDN,fos-choline and PEG as 'stability' detergents (Kotov); glucosides weaker on IMAC (Högbom),Lin/Kotov/Högbom first-line helical IMP extract (DDM)
NYCOMPS-GO.476,tt_expressed_not_purified,wrap_rescue,0.5262,0.75,1,trim a long extramembrane loop,standard purify looks unlikely; termini/TM belt look WRAP-amenable,1% w/v DDM,0.03% w/v DDM (IMAC/SEC),LMNG / DMNG / GDN,fos-choline and PEG as 'stability' detergents (Kotov); glucosides weaker on IMAC (Högbom),Lin/Kotov/Högbom first-line helical IMP extract (DDM)
NYCOMPS-GO.14250,tt_expressed_not_purified,wrap_rescue,0.5085,0.75,1,,standard purify looks unlikely; termini/TM belt look WRAP-amenable,1% w/v DDM,0.03% w/v DDM (IMAC/SEC),LMNG / DMNG / GDN,fos-choline and PEG as 'stability' detergents (Kotov); glucosides weaker on IMAC (Högbom),Lin/Kotov/Högbom first-line helical IMP extract (DDM)
MPP-GO.128390,tt_expressed_not_purified,deprioritize,0.5045,0.15,0,,"low purify score, not WRAP-amenable, no obvious construct lever",1% w/v DDM,0.03% w/v DDM (IMAC/SEC),LMNG / DMNG / GDN,fos-choline and PEG as 'stability' detergents (Kotov); glucosides weaker on IMAC (Högbom),Lin/Kotov/Högbom first-line helical IMP extract (DDM)
MPP-GO.122208,tt_expressed_not_purified,redesign,0.4585,0.15,0,reduce disulfides / skip eukaryotic folding; trim a long extramembrane loop,reduce disulfides / skip eukaryotic folding; trim a long extramembrane loop,1% w/v DDM,0.03% w/v DDM (IMAC/SEC),LMNG / DMNG / GDN,fos-choline and PEG as 'stability' detergents (Kotov); glucosides weaker on IMAC (Högbom),Lin/Kotov/Högbom first-line helical IMP extract (DDM)
TMPC-GO.120391,tt_expressed_not_purified,standard,0.7052,0.35,0,reduce disulfides / skip eukaryotic folding; trim a long extramembrane loop,sequence resembles TargetTrack purified (given expression),1% w/v DDM,0.03% w/v DDM (IMAC/SEC),LMNG / DMNG / GDN,fos-choline and PEG as 'stability' detergents (Kotov); glucosides weaker on IMAC (Högbom),Lin/Kotov/Högbom first-line helical IMP extract (DDM)
TMPC-GO.119212,tt_expressed_not_purified,standard,0.5563,0.25,0,drop sequons or use a prokaryotic host; reduce disulfides / skip eukaryotic folding; trim a long extramembrane loop,sequence resembles TargetTrack purified (given expression),1% w/v DDM,0.03% w/v DDM (IMAC/SEC),LMNG / DMNG / GDN,fos-choline and PEG as 'stability' detergents (Kotov); glucosides weaker on IMAC (Högbom),Lin/Kotov/Högbom first-line helical IMP extract (DDM)
NYCOMPS-GO.1912,tt_expressed_not_purified,deprioritize,0.5345,0.35,0,,"low purify score, not WRAP-amenable, no obvious construct lever",1% w/v DDM,0.03% w/v DDM (IMAC/SEC),LMNG / DMNG / GDN,fos-choline and PEG as 'stability' detergents (Kotov); glucosides weaker on IMAC (Högbom),Lin/Kotov/Högbom first-line helical IMP extract (DDM)
CSMP-1044C,tt_expressed_not_purified,wrap_rescue,0.5179,0.55,1,trim a long extramembrane loop,standard purify looks unlikely; termini/TM belt look WRAP-amenable,1% w/v DDM,0.03% w/v DDM (IMAC/SEC),LMNG / DMNG / GDN,fos-choline and PEG as 'stability' detergents (Kotov); glucosides weaker on IMAC (Högbom),Lin/Kotov/Högbom first-line helical IMP extract (DDM)
NYCOMPS-GO.19385,tt_expressed_not_purified,redesign,0.4248,0.15,0,trim a long extramembrane loop,trim a long extramembrane loop,1% w/v DDM,0.03% w/v DDM (IMAC/SEC),LMNG / DMNG / GDN,fos-choline and PEG as 'stability' detergents (Kotov); glucosides weaker on IMAC (Högbom),Lin/Kotov/Högbom first-line helical IMP extract (DDM)
NYCOMPS-GO.9929,tt_expressed_not_purified,wrap_rescue,0.4409,0.75,1,,standard purify looks unlikely; termini/TM belt look WRAP-amenable,1% w/v DDM,0.03% w/v DDM (IMAC/SEC),LMNG / DMNG / GDN,fos-choline and PEG as 'stability' detergents (Kotov); glucosides weaker on IMAC (Högbom),Lin/Kotov/Högbom first-line helical IMP extract (DDM)
NYCOMPS-GO.2682,tt_expressed_not_purified,redesign,0.4856,0.05,0,drop sequons or use a prokaryotic host; trim a long extramembrane loop,drop sequons or use a prokaryotic host; trim a long extramembrane loop,1% w/v DDM,0.03% w/v DDM (IMAC/SEC),LMNG / DMNG / GDN,fos-choline and PEG as 'stability' detergents (Kotov); glucosides weaker on IMAC (Högbom),Lin/Kotov/Högbom first-line helical IMP extract (DDM)
NYCOMPS-GO.8559,tt_expressed_not_purified,wrap_rescue,0.5308,0.75,1,add a fusion-able N- or C-terminus,standard purify looks unlikely; termini/TM belt look WRAP-amenable,1% w/v DDM,0.03% w/v DDM (IMAC/SEC),LMNG / DMNG / GDN,fos-choline and PEG as 'stability' detergents (Kotov); glucosides weaker on IMAC (Högbom),Lin/Kotov/Högbom first-line helical IMP extract (DDM)
NYCOMPS-GO.13613,tt_expressed_not_purified,wrap_rescue,0.535,0.75,1,,standard purify looks unlikely; termini/TM belt look WRAP-amenable,1% w/v DDM,0.03% w/v DDM (IMAC/SEC),LMNG / DMNG / GDN,fos-choline and PEG as 'stability' detergents (Kotov); glucosides weaker on IMAC (Högbom),Lin/Kotov/Högbom first-line helical IMP extract (DDM)
MPP-GO.120790,tt_expressed_not_purified,redesign,0.3718,0.15,0,trim a long extramembrane loop,trim a long extramembrane loop,1% w/v DDM,0.03% w/v DDM (IMAC/SEC),LMNG / DMNG / GDN,fos-choline and PEG as 'stability' detergents (Kotov); glucosides weaker on IMAC (Högbom),Lin/Kotov/Högbom first-line helical IMP extract (DDM)
NYCOMPS-GO.11221,tt_expressed_not_purified,wrap_rescue,0.511,0.75,1,add a fusion-able N- or C-terminus; trim a long extramembrane loop,standard purify looks unlikely; termini/TM belt look WRAP-amenable,1% w/v DDM,0.03% w/v DDM (IMAC/SEC),LMNG / DMNG / GDN,fos-choline and PEG as 'stability' detergents (Kotov); glucosides weaker on IMAC (Högbom),Lin/Kotov/Högbom first-line helical IMP extract (DDM)
NYCOMPS-GO.13574,tt_expressed_not_purified,wrap_rescue,0.4329,0.75,1,,standard purify looks unlikely; termini/TM belt look WRAP-amenable,1% w/v DDM,0.03% w/v DDM (IMAC/SEC),LMNG / DMNG / GDN,fos-choline and PEG as 'stability' detergents (Kotov); glucosides weaker on IMAC (Högbom),Lin/Kotov/Högbom first-line helical IMP extract (DDM)
NYCOMPS-GO.230,tt_expressed_not_purified,wrap_rescue,0.3887,0.95,1,add a fusion-able N- or C-terminus,standard purify looks unlikely; termini/TM belt look WRAP-amenable,1% w/v DDM,0.03% w/v DDM (IMAC/SEC),LMNG / DMNG / GDN,fos-choline and PEG as 'stability' detergents (Kotov); glucosides weaker on IMAC (Högbom),Lin/Kotov/Högbom first-line helical IMP extract (DDM)
NYCOMPS-GO.78,tt_expressed_not_purified,wrap_rescue,0.5296,0.75,1,,standard purify looks unlikely; termini/TM belt look WRAP-amenable,1% w/v DDM,0.03% w/v DDM (IMAC/SEC),LMNG / DMNG / GDN,fos-choline and PEG as 'stability' detergents (Kotov); glucosides weaker on IMAC (Högbom),Lin/Kotov/Högbom first-line helical IMP extract (DDM)
NYCOMPS-GO.13502,tt_expressed_not_purified,redesign,0.4786,0.15,0,trim a long extramembrane loop,trim a long extramembrane loop,1% w/v DDM,0.03% w/v DDM (IMAC/SEC),LMNG / DMNG / GDN,fos-choline and PEG as 'stability' detergents (Kotov); glucosides weaker on IMAC (Högbom),Lin/Kotov/Högbom first-line helical IMP extract (DDM)
NYCOMPS-GO.7760,tt_expressed_not_purified,deprioritize,0.3923,0.35,0,,"low purify score, not WRAP-amenable, no obvious construct lever",1% w/v DDM,0.03% w/v DDM (IMAC/SEC),LMNG / DMNG / GDN,fos-choline and PEG as 'stability' detergents (Kotov); glucosides weaker on IMAC (Högbom),Lin/Kotov/Högbom first-line helical IMP extract (DDM)
NYCOMPS-GO.3405,tt_expressed_not_purified,standard,0.5517,0.55,1,trim a long extramembrane loop,sequence resembles TargetTrack purified (given expression),1% w/v DDM,0.03% w/v DDM (IMAC/SEC),LMNG / DMNG / GDN,fos-choline and PEG as 'stability' detergents (Kotov); glucosides weaker on IMAC (Högbom),Lin/Kotov/Högbom first-line helical IMP extract (DDM)
NYCOMPS-GO.13999,tt_expressed_not_purified,standard,0.5616,0.75,1,reduce disulfides / skip eukaryotic folding; trim a long extramembrane loop,sequence resembles TargetTrack purified (given expression),1% w/v DDM,0.03% w/v DDM (IMAC/SEC),LMNG / DMNG / GDN,fos-choline and PEG as 'stability' detergents (Kotov); glucosides weaker on IMAC (Högbom),Lin/Kotov/Högbom first-line helical IMP extract (DDM)
NYCOMPS-GO.11374,tt_expressed_not_purified,standard,0.5846,0.35,0,,sequence resembles TargetTrack purified (given expression),1% w/v DDM,0.03% w/v DDM (IMAC/SEC),LMNG / DMNG / GDN,fos-choline and PEG as 'stability' detergents (Kotov); glucosides weaker on IMAC (Högbom),Lin/Kotov/Högbom first-line helical IMP extract (DDM)
NYCOMPS-GO.2906,tt_expressed_not_purified,redesign,0.5184,0.35,0,trim a long extramembrane loop,trim a long extramembrane loop,1% w/v DDM,0.03% w/v DDM (IMAC/SEC),LMNG / DMNG / GDN,fos-choline and PEG as 'stability' detergents (Kotov); glucosides weaker on IMAC (Högbom),Lin/Kotov/Högbom first-line helical IMP extract (DDM)
MPP-GO.123245,tt_expressed_not_purified,deprioritize,0.3465,0.15,0,,"low purify score, not WRAP-amenable, no obvious construct lever",1% w/v DDM,0.03% w/v DDM (IMAC/SEC),LMNG / DMNG / GDN,fos-choline and PEG as 'stability' detergents (Kotov); glucosides weaker on IMAC (Högbom),Lin/Kotov/Högbom first-line helical IMP extract (DDM)
NYCOMPS-GO.2966,tt_expressed_not_purified,deprioritize,0.379,0.35,0,,"low purify score, not WRAP-amenable, no obvious construct lever",1% w/v DDM,0.03% w/v DDM (IMAC/SEC),LMNG / DMNG / GDN,fos-choline and PEG as 'stability' detergents (Kotov); glucosides weaker on IMAC (Högbom),Lin/Kotov/Högbom first-line helical IMP extract (DDM)
MPP-GO.122242,tt_expressed_not_purified,redesign,0.4612,0.15,0,reduce disulfides / skip eukaryotic folding; trim a long extramembrane loop,reduce disulfides / skip eukaryotic folding; trim a long extramembrane loop,1% w/v DDM,0.03% w/v DDM (IMAC/SEC),LMNG / DMNG / GDN,fos-choline and PEG as 'stability' detergents (Kotov); glucosides weaker on IMAC (Högbom),Lin/Kotov/Högbom first-line helical IMP extract (DDM)
NYCOMPS-GO.4858,tt_expressed_not_purified,redesign,0.47,0.35,0,trim a long extramembrane loop,trim a long extramembrane loop,1% w/v DDM,0.03% w/v DDM (IMAC/SEC),LMNG / DMNG / GDN,fos-choline and PEG as 'stability' detergents (Kotov); glucosides weaker on IMAC (Högbom),Lin/Kotov/Högbom first-line helical IMP extract (DDM)
NYCOMPS-GO.14505,tt_expressed_not_purified,redesign,0.4861,0.35,0,trim a long extramembrane loop,trim a long extramembrane loop,1% w/v DDM,0.03% w/v DDM (IMAC/SEC),LMNG / DMNG / GDN,fos-choline and PEG as 'stability' detergents (Kotov); glucosides weaker on IMAC (Högbom),Lin/Kotov/Högbom first-line helical IMP extract (DDM)
MPP-GO.121174,tt_expressed_not_purified,redesign,0.4647,0.15,0,reduce disulfides / skip eukaryotic folding; trim a long extramembrane loop,reduce disulfides / skip eukaryotic folding; trim a long extramembrane loop,1% w/v DDM,0.03% w/v DDM (IMAC/SEC),LMNG / DMNG / GDN,fos-choline and PEG as 'stability' detergents (Kotov); glucosides weaker on IMAC (Högbom),Lin/Kotov/Högbom first-line helical IMP extract (DDM)
NYCOMPS-GO.19468,tt_expressed_not_purified,redesign,0.2882,0.15,0,trim a long extramembrane loop,trim a long extramembrane loop,1% w/v DDM,0.03% w/v DDM (IMAC/SEC),LMNG / DMNG / GDN,fos-choline and PEG as 'stability' detergents (Kotov); glucosides weaker on IMAC (Högbom),Lin/Kotov/Högbom first-line helical IMP extract (DDM)
MPP-GO.111679,tt_expressed_not_purified,redesign,0.321,0.15,0,reduce disulfides / skip eukaryotic folding; trim a long extramembrane loop,reduce disulfides / skip eukaryotic folding; trim a long extramembrane loop,1% w/v DDM,0.03% w/v DDM (IMAC/SEC),LMNG / DMNG / GDN,fos-choline and PEG as 'stability' detergents (Kotov); glucosides weaker on IMAC (Högbom),Lin/Kotov/Högbom first-line helical IMP extract (DDM)
NYCOMPS-GO.2329,tt_expressed_not_purified,wrap_rescue,0.4617,0.75,1,trim a long extramembrane loop,standard purify looks unlikely; termini/TM belt look WRAP-amenable,1% w/v DDM,0.03% w/v DDM (IMAC/SEC),LMNG / DMNG / GDN,fos-choline and PEG as 'stability' detergents (Kotov); glucosides weaker on IMAC (Högbom),Lin/Kotov/Högbom first-line helical IMP extract (DDM)
NYCOMPS-GO.19333,tt_expressed_not_purified,standard,0.6883,0.05,0,drop sequons or use a prokaryotic host; trim a long extramembrane loop,sequence resembles TargetTrack purified (given expression),1% w/v DDM,0.03% w/v DDM (IMAC/SEC),LMNG / DMNG / GDN,fos-choline and PEG as 'stability' detergents (Kotov); glucosides weaker on IMAC (Högbom),Lin/Kotov/Högbom first-line helical IMP extract (DDM)
NYCOMPS-GO.11377,tt_expressed_not_purified,wrap_rescue,0.436,0.75,1,,standard purify looks unlikely; termini/TM belt look WRAP-amenable,1% w/v DDM,0.03% w/v DDM (IMAC/SEC),LMNG / DMNG / GDN,fos-choline and PEG as 'stability' detergents (Kotov); glucosides weaker on IMAC (Högbom),Lin/Kotov/Högbom first-line helical IMP extract (DDM)
NYCOMPS-GO.11320,tt_expressed_not_purified,deprioritize,0.4634,0.35,0,,"low purify score, not WRAP-amenable, no obvious construct lever",1% w/v DDM,0.03% w/v DDM (IMAC/SEC),LMNG / DMNG / GDN,fos-choline and PEG as 'stability' detergents (Kotov); glucosides weaker on IMAC (Högbom),Lin/Kotov/Högbom first-line helical IMP extract (DDM)
NYCOMPS-GO.106,tt_expressed_not_purified,standard,0.5665,0.75,1,,sequence resembles TargetTrack purified (given expression),1% w/v DDM,0.03% w/v DDM (IMAC/SEC),LMNG / DMNG / GDN,fos-choline and PEG as 'stability' detergents (Kotov); glucosides weaker on IMAC (Högbom),Lin/Kotov/Högbom first-line helical IMP extract (DDM)
NYCOMPS-GO.2808,tt_expressed_not_purified,deprioritize,0.4585,0.35,0,,"low purify score, not WRAP-amenable, no obvious construct lever",1% w/v DDM,0.03% w/v DDM (IMAC/SEC),LMNG / DMNG / GDN,fos-choline and PEG as 'stability' detergents (Kotov); glucosides weaker on IMAC (Högbom),Lin/Kotov/Högbom first-line helical IMP extract (DDM)
MPP-GO.128627,tt_expressed_not_purified,redesign,0.4142,0.15,0,trim a long extramembrane loop,trim a long extramembrane loop,1% w/v DDM,0.03% w/v DDM (IMAC/SEC),LMNG / DMNG / GDN,fos-choline and PEG as 'stability' detergents (Kotov); glucosides weaker on IMAC (Högbom),Lin/Kotov/Högbom first-line helical IMP extract (DDM)
NYCOMPS-GO.13475,tt_expressed_not_purified,standard,0.5674,0.35,0,,sequence resembles TargetTrack purified (given expression),1% w/v DDM,0.03% w/v DDM (IMAC/SEC),LMNG / DMNG / GDN,fos-choline and PEG as 'stability' detergents (Kotov); glucosides weaker on IMAC (Högbom),Lin/Kotov/Högbom first-line helical IMP extract (DDM)
NYCOMPS-GO.12378,tt_expressed_not_purified,wrap_rescue,0.5166,0.75,1,trim a long extramembrane loop,standard purify looks unlikely; termini/TM belt look WRAP-amenable,1% w/v DDM,0.03% w/v DDM (IMAC/SEC),LMNG / DMNG / GDN,fos-choline and PEG as 'stability' detergents (Kotov); glucosides weaker on IMAC (Högbom),Lin/Kotov/Högbom first-line helical IMP extract (DDM)
NYCOMPS-GO.19344,tt_expressed_not_purified,redesign,0.534,0.15,0,trim a long extramembrane loop,trim a long extramembrane loop,1% w/v DDM,0.03% w/v DDM (IMAC/SEC),LMNG / DMNG / GDN,fos-choline and PEG as 'stability' detergents (Kotov); glucosides weaker on IMAC (Högbom),Lin/Kotov/Högbom first-line helical IMP extract (DDM)
NYCOMPS-GO.19210,tt_expressed_not_purified,wrap_rescue,0.4609,0.75,1,trim a long extramembrane loop,standard purify looks unlikely; termini/TM belt look WRAP-amenable,1% w/v DDM,0.03% w/v DDM (IMAC/SEC),LMNG / DMNG / GDN,fos-choline and PEG as 'stability' detergents (Kotov); glucosides weaker on IMAC (Högbom),Lin/Kotov/Högbom first-line helical IMP extract (DDM)
MPP-GO.118584,tt_expressed_not_purified,redesign,0.5101,0.15,0,trim a long extramembrane loop,trim a long extramembrane loop,1% w/v DDM,0.03% w/v DDM (IMAC/SEC),LMNG / DMNG / GDN,fos-choline and PEG as 'stability' detergents (Kotov); glucosides weaker on IMAC (Högbom),Lin/Kotov/Högbom first-line helical IMP extract (DDM)
MPP-GO.111427,tt_expressed_not_purified,deprioritize,0.5256,0.15,0,,"low purify score, not WRAP-amenable, no obvious construct lever",1% w/v DDM,0.03% w/v DDM (IMAC/SEC),LMNG / DMNG / GDN,fos-choline and PEG as 'stability' detergents (Kotov); glucosides weaker on IMAC (Högbom),Lin/Kotov/Högbom first-line helical IMP extract (DDM)
TransportPDB-0022,tt_expressed_not_purified,standard,0.5716,0.45,0,drop sequons or use a prokaryotic host; reduce disulfides / skip eukaryotic folding; trim a long extramembrane loop,sequence resembles TargetTrack purified (given expression),1% w/v DDM,0.03% w/v DDM (IMAC/SEC),LMNG / DMNG / GDN,fos-choline and PEG as 'stability' detergents (Kotov); glucosides weaker on IMAC (Högbom),Lin/Kotov/Högbom first-line helical IMP extract (DDM)
NYCOMPS-GO.814,tt_expressed_not_purified,deprioritize,0.3862,0.35,0,,"low purify score, not WRAP-amenable, no obvious construct lever",1% w/v DDM,0.03% w/v DDM (IMAC/SEC),LMNG / DMNG / GDN,fos-choline and PEG as 'stability' detergents (Kotov); glucosides weaker on IMAC (Högbom),Lin/Kotov/Högbom first-line helical IMP extract (DDM)
NYCOMPS-GO.889,tt_expressed_not_purified,wrap_rescue,0.4598,0.75,1,,standard purify looks unlikely; termini/TM belt look WRAP-amenable,1% w/v DDM,0.03% w/v DDM (IMAC/SEC),LMNG / DMNG / GDN,fos-choline and PEG as 'stability' detergents (Kotov); glucosides weaker on IMAC (Högbom),Lin/Kotov/Högbom first-line helical IMP extract (DDM)
NYCOMPS-GO.10628,tt_expressed_not_purified,wrap_rescue,0.3469,0.75,1,,standard purify looks unlikely; termini/TM belt look WRAP-amenable,1% w/v DDM,0.03% w/v DDM (IMAC/SEC),LMNG / DMNG / GDN,fos-choline and PEG as 'stability' detergents (Kotov); glucosides weaker on IMAC (Högbom),Lin/Kotov/Högbom first-line helical IMP extract (DDM)
MPSBC-Ste24pSm,tt_expressed_not_purified,redesign,0.5291,0.25,0,drop sequons or use a prokaryotic host; trim a long extramembrane loop,drop sequons or use a prokaryotic host; trim a long extramembrane loop,1% w/v DDM,0.03% w/v DDM (IMAC/SEC),LMNG / DMNG / GDN,fos-choline and PEG as 'stability' detergents (Kotov); glucosides weaker on IMAC (Högbom),Lin/Kotov/Högbom first-line helical IMP extract (DDM)
MPSBC-Ste24pSm,tt_expressed_not_purified,redesign,0.5036,0.05,0,drop sequons or use a prokaryotic host; trim a long extramembrane loop,drop sequons or use a prokaryotic host; trim a long extramembrane loop,1% w/v DDM,0.03% w/v DDM (IMAC/SEC),LMNG / DMNG / GDN,fos-choline and PEG as 'stability' detergents (Kotov); glucosides weaker on IMAC (Högbom),Lin/Kotov/Högbom first-line helical IMP extract (DDM)
MPP-GO.118759,tt_expressed_not_purified,redesign,0.3609,0.15,0,reduce disulfides / skip eukaryotic folding; trim a long extramembrane loop,reduce disulfides / skip eukaryotic folding; trim a long extramembrane loop,1% w/v DDM,0.03% w/v DDM (IMAC/SEC),LMNG / DMNG / GDN,fos-choline and PEG as 'stability' detergents (Kotov); glucosides weaker on IMAC (Högbom),Lin/Kotov/Högbom first-line helical IMP extract (DDM)
NYCOMPS-GO.8336,tt_expressed_not_purified,wrap_rescue,0.5108,0.95,1,,standard purify looks unlikely; termini/TM belt look WRAP-amenable,1% w/v DDM,0.03% w/v DDM (IMAC/SEC),LMNG / DMNG / GDN,fos-choline and PEG as 'stability' detergents (Kotov); glucosides weaker on IMAC (Högbom),Lin/Kotov/Högbom first-line helical IMP extract (DDM)
NYCOMPS-GO.2967,tt_expressed_not_purified,standard,0.5713,0.95,1,,sequence resembles TargetTrack purified (given expression),1% w/v DDM,0.03% w/v DDM (IMAC/SEC),LMNG / DMNG / GDN,fos-choline and PEG as 'stability' detergents (Kotov); glucosides weaker on IMAC (Högbom),Lin/Kotov/Högbom first-line helical IMP extract (DDM)
NYCOMPS-GO.2780,tt_expressed_not_purified,wrap_rescue,0.3464,0.75,1,,standard purify looks unlikely; termini/TM belt look WRAP-amenable,1% w/v DDM,0.03% w/v DDM (IMAC/SEC),LMNG / DMNG / GDN,fos-choline and PEG as 'stability' detergents (Kotov); glucosides weaker on IMAC (Högbom),Lin/Kotov/Högbom first-line helical IMP extract (DDM)
NYCOMPS-GO.4089,tt_expressed_not_purified,standard,0.6484,0.75,1,trim a long extramembrane loop,sequence resembles TargetTrack purified (given expression),1% w/v DDM,0.03% w/v DDM (IMAC/SEC),LMNG / DMNG / GDN,fos-choline and PEG as 'stability' detergents (Kotov); glucosides weaker on IMAC (Högbom),Lin/Kotov/Högbom first-line helical IMP extract (DDM)
NYCOMPS-GO.12916,tt_expressed_not_purified,standard,0.5544,0.75,1,,sequence resembles TargetTrack purified (given expression),1% w/v DDM,0.03% w/v DDM (IMAC/SEC),LMNG / DMNG / GDN,fos-choline and PEG as 'stability' detergents (Kotov); glucosides weaker on IMAC (Högbom),Lin/Kotov/Högbom first-line helical IMP extract (DDM)
NYCOMPS-GO.14003,tt_expressed_not_purified,wrap_rescue,0.5194,0.75,1,,standard purify looks unlikely; termini/TM belt look WRAP-amenable,1% w/v DDM,0.03% w/v DDM (IMAC/SEC),LMNG / DMNG / GDN,fos-choline and PEG as 'stability' detergents (Kotov); glucosides weaker on IMAC (Högbom),Lin/Kotov/Högbom first-line helical IMP extract (DDM)
NYCOMPS-GO.463,tt_expressed_not_purified,wrap_rescue,0.4437,0.95,1,add a fusion-able N- or C-terminus,standard purify looks unlikely; termini/TM belt look WRAP-amenable,1% w/v DDM,0.03% w/v DDM (IMAC/SEC),LMNG / DMNG / GDN,fos-choline and PEG as 'stability' detergents (Kotov); glucosides weaker on IMAC (Högbom),Lin/Kotov/Högbom first-line helical IMP extract (DDM)
NYCOMPS-GO.13542,tt_expressed_not_purified,standard,0.5933,0.35,0,trim a long extramembrane loop,sequence resembles TargetTrack purified (given expression),1% w/v DDM,0.03% w/v DDM (IMAC/SEC),LMNG / DMNG / GDN,fos-choline and PEG as 'stability' detergents (Kotov); glucosides weaker on IMAC (Högbom),Lin/Kotov/Högbom first-line helical IMP extract (DDM)
TransportPDB-0192,tt_expressed_not_purified,redesign,0.3614,0.35,0,reduce disulfides / skip eukaryotic folding; trim a long extramembrane loop,reduce disulfides / skip eukaryotic folding; trim a long extramembrane loop,1% w/v DDM,0.03% w/v DDM (IMAC/SEC),LMNG / DMNG / GDN,fos-choline and PEG as 'stability' detergents (Kotov); glucosides weaker on IMAC (Högbom),Lin/Kotov/Högbom first-line helical IMP extract (DDM)
MPP-GO.111586,tt_expressed_not_purified,redesign,0.475,0.15,0,reduce disulfides / skip eukaryotic folding,reduce disulfides / skip eukaryotic folding,1% w/v DDM,0.03% w/v DDM (IMAC/SEC),LMNG / DMNG / GDN,fos-choline and PEG as 'stability' detergents (Kotov); glucosides weaker on IMAC (Högbom),Lin/Kotov/Högbom first-line helical IMP extract (DDM)
CSMP-4169S,tt_expressed_not_purified,standard,0.581,0.25,0,drop sequons or use a prokaryotic host; reduce disulfides / skip eukaryotic folding; trim a long extramembrane loop,sequence resembles TargetTrack purified (given expression),1% w/v DDM,0.03% w/v DDM (IMAC/SEC),LMNG / DMNG / GDN,fos-choline and PEG as 'stability' detergents (Kotov); glucosides weaker on IMAC (Högbom),Lin/Kotov/Högbom first-line helical IMP extract (DDM)
TMPC-GO.111388,tt_expressed_not_purified,redesign,0.5266,0.15,0,trim a long extramembrane loop,trim a long extramembrane loop,1% w/v DDM,0.03% w/v DDM (IMAC/SEC),LMNG / DMNG / GDN,fos-choline and PEG as 'stability' detergents (Kotov); glucosides weaker on IMAC (Högbom),Lin/Kotov/Högbom first-line helical IMP extract (DDM)
NYCOMPS-GO.1111,tt_expressed_not_purified,deprioritize,0.4826,0.35,0,,"low purify score, not WRAP-amenable, no obvious construct lever",1% w/v DDM,0.03% w/v DDM (IMAC/SEC),LMNG / DMNG / GDN,fos-choline and PEG as 'stability' detergents (Kotov); glucosides weaker on IMAC (Högbom),Lin/Kotov/Högbom first-line helical IMP extract (DDM)
TransportPDB-0086,tt_expressed_not_purified,redesign,0.5249,0.25,0,shorten or split the construct; drop sequons or use a prokaryotic host; reduce disulfides / skip eukaryotic folding; trim a long extramembrane loop,shorten or split the construct; drop sequons or use a prokaryotic host; reduce disulfides / skip eukaryotic folding; trim a long extramembrane loop,1% w/v DDM,0.03% w/v DDM (IMAC/SEC),LMNG / DMNG / GDN,fos-choline and PEG as 'stability' detergents (Kotov); glucosides weaker on IMAC (Högbom),Lin/Kotov/Högbom first-line helical IMP extract (DDM)
NYCOMPS-GO.6613,tt_expressed_not_purified,redesign,0.5201,0.35,0,trim a long extramembrane loop,trim a long extramembrane loop,1% w/v DDM,0.03% w/v DDM (IMAC/SEC),LMNG / DMNG / GDN,fos-choline and PEG as 'stability' detergents (Kotov); glucosides weaker on IMAC (Högbom),Lin/Kotov/Högbom first-line helical IMP extract (DDM)
NYCOMPS-GO.3162,tt_expressed_not_purified,redesign,0.4341,0.35,0,trim a long extramembrane loop,trim a long extramembrane loop,1% w/v DDM,0.03% w/v DDM (IMAC/SEC),LMNG / DMNG / GDN,fos-choline and PEG as 'stability' detergents (Kotov); glucosides weaker on IMAC (Högbom),Lin/Kotov/Högbom first-line helical IMP extract (DDM)
NYCOMPS-GO.4128,tt_expressed_not_purified,redesign,0.5323,0.35,0,trim a long extramembrane loop,trim a long extramembrane loop,1% w/v DDM,0.03% w/v DDM (IMAC/SEC),LMNG / DMNG / GDN,fos-choline and PEG as 'stability' detergents (Kotov); glucosides weaker on IMAC (Högbom),Lin/Kotov/Högbom first-line helical IMP extract (DDM)
MPP-GO.123368,tt_expressed_not_purified,redesign,0.311,0.15,0,trim a long extramembrane loop,trim a long extramembrane loop,1% w/v DDM,0.03% w/v DDM (IMAC/SEC),LMNG / DMNG / GDN,fos-choline and PEG as 'stability' detergents (Kotov); glucosides weaker on IMAC (Högbom),Lin/Kotov/Högbom first-line helical IMP extract (DDM)
NYCOMPS-GO.797,tt_expressed_not_purified,standard,0.5724,0.25,0,drop sequons or use a prokaryotic host,sequence resembles TargetTrack purified (given expression),1% w/v DDM,0.03% w/v DDM (IMAC/SEC),LMNG / DMNG / GDN,fos-choline and PEG as 'stability' detergents (Kotov); glucosides weaker on IMAC (Högbom),Lin/Kotov/Högbom first-line helical IMP extract (DDM)
NYCOMPS-GO.19216,tt_expressed_not_purified,wrap_rescue,0.499,0.75,1,add a fusion-able N- or C-terminus,standard purify looks unlikely; termini/TM belt look WRAP-amenable,1% w/v DDM,0.03% w/v DDM (IMAC/SEC),LMNG / DMNG / GDN,fos-choline and PEG as 'stability' detergents (Kotov); glucosides weaker on IMAC (Högbom),Lin/Kotov/Högbom first-line helical IMP extract (DDM)
NYCOMPS-GO.19314,tt_expressed_not_purified,redesign,0.4252,0.15,0,trim a long extramembrane loop,trim a long extramembrane loop,1% w/v DDM,0.03% w/v DDM (IMAC/SEC),LMNG / DMNG / GDN,fos-choline and PEG as 'stability' detergents (Kotov); glucosides weaker on IMAC (Högbom),Lin/Kotov/Högbom first-line helical IMP extract (DDM)
NYCOMPS-GO.11587,tt_expressed_not_purified,redesign,0.4517,0.35,0,trim a long extramembrane loop,trim a long extramembrane loop,1% w/v DDM,0.03% w/v DDM (IMAC/SEC),LMNG / DMNG / GDN,fos-choline and PEG as 'stability' detergents (Kotov); glucosides weaker on IMAC (Högbom),Lin/Kotov/Högbom first-line helical IMP extract (DDM)
MPP-GO.120022,tt_expressed_not_purified,standard,0.6093,0.15,0,,sequence resembles TargetTrack purified (given expression),1% w/v DDM,0.03% w/v DDM (IMAC/SEC),LMNG / DMNG / GDN,fos-choline and PEG as 'stability' detergents (Kotov); glucosides weaker on IMAC (Högbom),Lin/Kotov/Högbom first-line helical IMP extract (DDM)
TMPC-GO.118828,tt_expressed_not_purified,standard,0.5521,0.35,0,reduce disulfides / skip eukaryotic folding; trim a long extramembrane loop,sequence resembles TargetTrack purified (given expression),1% w/v DDM,0.03% w/v DDM (IMAC/SEC),LMNG / DMNG / GDN,fos-choline and PEG as 'stability' detergents (Kotov); glucosides weaker on IMAC (Högbom),Lin/Kotov/Högbom first-line helical IMP extract (DDM)
MPP-GO.121907,tt_expressed_not_purified,redesign,0.4888,0.15,0,reduce disulfides / skip eukaryotic folding; trim a long extramembrane loop,reduce disulfides / skip eukaryotic folding; trim a long extramembrane loop,1% w/v DDM,0.03% w/v DDM (IMAC/SEC),LMNG / DMNG / GDN,fos-choline and PEG as 'stability' detergents (Kotov); glucosides weaker on IMAC (Högbom),Lin/Kotov/Högbom first-line helical IMP extract (DDM)
NYCOMPS-GO.9605,tt_expressed_not_purified,standard,0.5685,0.75,1,,sequence resembles TargetTrack purified (given expression),1% w/v DDM,0.03% w/v DDM (IMAC/SEC),LMNG / DMNG / GDN,fos-choline and PEG as 'stability' detergents (Kotov); glucosides weaker on IMAC (Högbom),Lin/Kotov/Högbom first-line helical IMP extract (DDM)
NYCOMPS-GO.148,tt_expressed_not_purified,standard,0.6841,0.75,1,reduce disulfides / skip eukaryotic folding; trim a long extramembrane loop,sequence resembles TargetTrack purified (given expression),1% w/v DDM,0.03% w/v DDM (IMAC/SEC),LMNG / DMNG / GDN,fos-choline and PEG as 'stability' detergents (Kotov); glucosides weaker on IMAC (Högbom),Lin/Kotov/Högbom first-line helical IMP extract (DDM)
NYCOMPS-GO.1755,tt_expressed_not_purified,redesign,0.4448,0.35,0,trim a long extramembrane loop,trim a long extramembrane loop,1% w/v DDM,0.03% w/v DDM (IMAC/SEC),LMNG / DMNG / GDN,fos-choline and PEG as 'stability' detergents (Kotov); glucosides weaker on IMAC (Högbom),Lin/Kotov/Högbom first-line helical IMP extract (DDM)
NYCOMPS-GO.2627,tt_expressed_not_purified,redesign,0.4561,0.35,0,trim a long extramembrane loop,trim a long extramembrane loop,1% w/v DDM,0.03% w/v DDM (IMAC/SEC),LMNG / DMNG / GDN,fos-choline and PEG as 'stability' detergents (Kotov); glucosides weaker on IMAC (Högbom),Lin/Kotov/Högbom first-line helical IMP extract (DDM)
NYCOMPS-GO.2215,tt_expressed_not_purified,standard,0.5875,0.75,1,,sequence resembles TargetTrack purified (given expression),1% w/v DDM,0.03% w/v DDM (IMAC/SEC),LMNG / DMNG / GDN,fos-choline and PEG as 'stability' detergents (Kotov); glucosides weaker on IMAC (Högbom),Lin/Kotov/Högbom first-line helical IMP extract (DDM)
NYCOMPS-GO.11744,tt_expressed_not_purified,standard,0.5668,0.75,1,trim a long extramembrane loop,sequence resembles TargetTrack purified (given expression),1% w/v DDM,0.03% w/v DDM (IMAC/SEC),LMNG / DMNG / GDN,fos-choline and PEG as 'stability' detergents (Kotov); glucosides weaker on IMAC (Högbom),Lin/Kotov/Högbom first-line helical IMP extract (DDM)
NYCOMPS-GO.2375,tt_expressed_not_purified,wrap_rescue,0.4411,0.75,1,trim a long extramembrane loop,standard purify looks unlikely; termini/TM belt look WRAP-amenable,1% w/v DDM,0.03% w/v DDM (IMAC/SEC),LMNG / DMNG / GDN,fos-choline and PEG as 'stability' detergents (Kotov); glucosides weaker on IMAC (Högbom),Lin/Kotov/Högbom first-line helical IMP extract (DDM)
NYCOMPS-GO.10990,tt_expressed_not_purified,standard,0.6049,0.95,1,,sequence resembles TargetTrack purified (given expression),1% w/v DDM,0.03% w/v DDM (IMAC/SEC),LMNG / DMNG / GDN,fos-choline and PEG as 'stability' detergents (Kotov); glucosides weaker on IMAC (Högbom),Lin/Kotov/Högbom first-line helical IMP extract (DDM)
ISFI-ISFI67,tt_expressed_not_purified,redesign,0.4913,0.15,0,trim a long extramembrane loop,trim a long extramembrane loop,1% w/v DDM,0.03% w/v DDM (IMAC/SEC),LMNG / DMNG / GDN,fos-choline and PEG as 'stability' detergents (Kotov); glucosides weaker on IMAC (Högbom),Lin/Kotov/Högbom first-line helical IMP extract (DDM)
NYCOMPS-GO.5350,tt_expressed_not_purified,redesign,0.4477,0.35,0,trim a long extramembrane loop,trim a long extramembrane loop,1% w/v DDM,0.03% w/v DDM (IMAC/SEC),LMNG / DMNG / GDN,fos-choline and PEG as 'stability' detergents (Kotov); glucosides weaker on IMAC (Högbom),Lin/Kotov/Högbom first-line helical IMP extract (DDM)
TransportPDB-0249,tt_expressed_not_purified,redesign,0.3754,0.15,0,trim a long extramembrane loop,trim a long extramembrane loop,1% w/v DDM,0.03% w/v DDM (IMAC/SEC),LMNG / DMNG / GDN,fos-choline and PEG as 'stability' detergents (Kotov); glucosides weaker on IMAC (Högbom),Lin/Kotov/Högbom first-line helical IMP extract (DDM)
NYCOMPS-GO.19180,tt_expressed_not_purified,standard,0.5602,0.45,0,drop sequons or use a prokaryotic host; trim a long extramembrane loop,sequence resembles TargetTrack purified (given expression),1% w/v DDM,0.03% w/v DDM (IMAC/SEC),LMNG / DMNG / GDN,fos-choline and PEG as 'stability' detergents (Kotov); glucosides weaker on IMAC (Högbom),Lin/Kotov/Högbom first-line helical IMP extract (DDM)
NYCOMPS-GO.1216,tt_expressed_not_purified,standard,0.5807,0.95,1,add a fusion-able N- or C-terminus,sequence resembles TargetTrack purified (given expression),1% w/v DDM,0.03% w/v DDM (IMAC/SEC),LMNG / DMNG / GDN,fos-choline and PEG as 'stability' detergents (Kotov); glucosides weaker on IMAC (Högbom),Lin/Kotov/Högbom first-line helical IMP extract (DDM)
NYCOMPS-GO.836,tt_expressed_not_purified,standard,0.5886,0.35,0,,sequence resembles TargetTrack purified (given expression),1% w/v DDM,0.03% w/v DDM (IMAC/SEC),LMNG / DMNG / GDN,fos-choline and PEG as 'stability' detergents (Kotov); glucosides weaker on IMAC (Högbom),Lin/Kotov/Högbom first-line helical IMP extract (DDM)
NYCOMPS-GO.1753,tt_expressed_not_purified,wrap_rescue,0.4842,0.75,1,,standard purify looks unlikely; termini/TM belt look WRAP-amenable,1% w/v DDM,0.03% w/v DDM (IMAC/SEC),LMNG / DMNG / GDN,fos-choline and PEG as 'stability' detergents (Kotov); glucosides weaker on IMAC (Högbom),Lin/Kotov/Högbom first-line helical IMP extract (DDM)
NYCOMPS-GO.5134,tt_expressed_not_purified,wrap_rescue,0.4417,0.75,1,add a fusion-able N- or C-terminus; trim a long extramembrane loop,standard purify looks unlikely; termini/TM belt look WRAP-amenable,1% w/v DDM,0.03% w/v DDM (IMAC/SEC),LMNG / DMNG / GDN,fos-choline and PEG as 'stability' detergents (Kotov); glucosides weaker on IMAC (Högbom),Lin/Kotov/Högbom first-line helical IMP extract (DDM)
NYCOMPS-GO.13523,tt_expressed_not_purified,redesign,0.5128,0.35,0,trim a long extramembrane loop,trim a long extramembrane loop,1% w/v DDM,0.03% w/v DDM (IMAC/SEC),LMNG / DMNG / GDN,fos-choline and PEG as 'stability' detergents (Kotov); glucosides weaker on IMAC (Högbom),Lin/Kotov/Högbom first-line helical IMP extract (DDM)
MPP-GO.111409,tt_expressed_not_purified,redesign,0.3501,0.15,0,reduce disulfides / skip eukaryotic folding; trim a long extramembrane loop,reduce disulfides / skip eukaryotic folding; trim a long extramembrane loop,1% w/v DDM,0.03% w/v DDM (IMAC/SEC),LMNG / DMNG / GDN,fos-choline and PEG as 'stability' detergents (Kotov); glucosides weaker on IMAC (Högbom),Lin/Kotov/Högbom first-line helical IMP extract (DDM)
NYCOMPS-GO.8997,tt_expressed_not_purified,standard,0.5665,0.75,1,trim a long extramembrane loop,sequence resembles TargetTrack purified (given expression),1% w/v DDM,0.03% w/v DDM (IMAC/SEC),LMNG / DMNG / GDN,fos-choline and PEG as 'stability' detergents (Kotov); glucosides weaker on IMAC (Högbom),Lin/Kotov/Högbom first-line helical IMP extract (DDM)
NYCOMPS-GO.4104,tt_expressed_not_purified,standard,0.5928,0.05,0,drop sequons or use a prokaryotic host; reduce disulfides / skip eukaryotic folding; trim a long extramembrane loop,sequence resembles TargetTrack purified (given expression),1% w/v DDM,0.03% w/v DDM (IMAC/SEC),LMNG / DMNG / GDN,fos-choline and PEG as 'stability' detergents (Kotov); glucosides weaker on IMAC (Högbom),Lin/Kotov/Högbom first-line helical IMP extract (DDM)
NYCOMPS-GO.5222,tt_expressed_not_purified,wrap_rescue,0.5364,0.75,1,,standard purify looks unlikely; termini/TM belt look WRAP-amenable,1% w/v DDM,0.03% w/v DDM (IMAC/SEC),LMNG / DMNG / GDN,fos-choline and PEG as 'stability' detergents (Kotov); glucosides weaker on IMAC (Högbom),Lin/Kotov/Högbom first-line helical IMP extract (DDM)
NYCOMPS-GO.2335,tt_expressed_not_purified,deprioritize,0.4836,0.35,0,,"low purify score, not WRAP-amenable, no obvious construct lever",1% w/v DDM,0.03% w/v DDM (IMAC/SEC),LMNG / DMNG / GDN,fos-choline and PEG as 'stability' detergents (Kotov); glucosides weaker on IMAC (Högbom),Lin/Kotov/Högbom first-line helical IMP extract (DDM)
NYCOMPS-GO.9130,tt_expressed_not_purified,wrap_rescue,0.39,0.75,1,trim a long extramembrane loop,standard purify looks unlikely; termini/TM belt look WRAP-amenable,1% w/v DDM,0.03% w/v DDM (IMAC/SEC),LMNG / DMNG / GDN,fos-choline and PEG as 'stability' detergents (Kotov); glucosides weaker on IMAC (Högbom),Lin/Kotov/Högbom first-line helical IMP extract (DDM)
NYCOMPS-GO.2139,tt_expressed_not_purified,wrap_rescue,0.5106,0.75,1,,standard purify looks unlikely; termini/TM belt look WRAP-amenable,1% w/v DDM,0.03% w/v DDM (IMAC/SEC),LMNG / DMNG / GDN,fos-choline and PEG as 'stability' detergents (Kotov); glucosides weaker on IMAC (Högbom),Lin/Kotov/Högbom first-line helical IMP extract (DDM)
NYCOMPS-GO.504,tt_expressed_not_purified,standard,0.6458,0.25,0,drop sequons or use a prokaryotic host; trim a long extramembrane loop,sequence resembles TargetTrack purified (given expression),1% w/v DDM,0.03% w/v DDM (IMAC/SEC),LMNG / DMNG / GDN,fos-choline and PEG as 'stability' detergents (Kotov); glucosides weaker on IMAC (Högbom),Lin/Kotov/Högbom first-line helical IMP extract (DDM)
NYCOMPS-GO.9719,tt_expressed_not_purified,deprioritize,0.3966,0.15,0,,"low purify score, not WRAP-amenable, no obvious construct lever",1% w/v DDM,0.03% w/v DDM (IMAC/SEC),LMNG / DMNG / GDN,fos-choline and PEG as 'stability' detergents (Kotov); glucosides weaker on IMAC (Högbom),Lin/Kotov/Högbom first-line helical IMP extract (DDM)
NYCOMPS-GO.8303,tt_expressed_not_purified,wrap_rescue,0.5114,0.75,1,trim a long extramembrane loop,standard purify looks unlikely; termini/TM belt look WRAP-amenable,1% w/v DDM,0.03% w/v DDM (IMAC/SEC),LMNG / DMNG / GDN,fos-choline and PEG as 'stability' detergents (Kotov); glucosides weaker on IMAC (Högbom),Lin/Kotov/Högbom first-line helical IMP extract (DDM)
NYCOMPS-GO.11586,tt_expressed_not_purified,redesign,0.4761,0.35,0,reduce disulfides / skip eukaryotic folding; trim a long extramembrane loop,reduce disulfides / skip eukaryotic folding; trim a long extramembrane loop,1% w/v DDM,0.03% w/v DDM (IMAC/SEC),LMNG / DMNG / GDN,fos-choline and PEG as 'stability' detergents (Kotov); glucosides weaker on IMAC (Högbom),Lin/Kotov/Högbom first-line helical IMP extract (DDM)
NYCOMPS-GO.159,tt_expressed_not_purified,redesign,0.3814,0.05,0,drop sequons or use a prokaryotic host; trim a long extramembrane loop,drop sequons or use a prokaryotic host; trim a long extramembrane loop,1% w/v DDM,0.03% w/v DDM (IMAC/SEC),LMNG / DMNG / GDN,fos-choline and PEG as 'stability' detergents (Kotov); glucosides weaker on IMAC (Högbom),Lin/Kotov/Högbom first-line helical IMP extract (DDM)
MPP-GO.118768,tt_expressed_not_purified,redesign,0.3227,0.15,0,reduce disulfides / skip eukaryotic folding; trim a long extramembrane loop,reduce disulfides / skip eukaryotic folding; trim a long extramembrane loop,1% w/v DDM,0.03% w/v DDM (IMAC/SEC),LMNG / DMNG / GDN,fos-choline and PEG as 'stability' detergents (Kotov); glucosides weaker on IMAC (Högbom),Lin/Kotov/Högbom first-line helical IMP extract (DDM)
NYCOMPS-GO.7842,tt_expressed_not_purified,standard,0.6009,0.75,1,,sequence resembles TargetTrack purified (given expression),1% w/v DDM,0.03% w/v DDM (IMAC/SEC),LMNG / DMNG / GDN,fos-choline and PEG as 'stability' detergents (Kotov); glucosides weaker on IMAC (Högbom),Lin/Kotov/Högbom first-line helical IMP extract (DDM)
NYCOMPS-GO.2206,tt_expressed_not_purified,standard,0.5608,0.55,1,reduce disulfides / skip eukaryotic folding; trim a long extramembrane loop,sequence resembles TargetTrack purified (given expression),1% w/v DDM,0.03% w/v DDM (IMAC/SEC),LMNG / DMNG / GDN,fos-choline and PEG as 'stability' detergents (Kotov); glucosides weaker on IMAC (Högbom),Lin/Kotov/Högbom first-line helical IMP extract (DDM)
MPP-GO.122021,tt_expressed_not_purified,deprioritize,0.3774,0.15,0,,"low purify score, not WRAP-amenable, no obvious construct lever",1% w/v DDM,0.03% w/v DDM (IMAC/SEC),LMNG / DMNG / GDN,fos-choline and PEG as 'stability' detergents (Kotov); glucosides weaker on IMAC (Högbom),Lin/Kotov/Högbom first-line helical IMP extract (DDM)
CSMP-2170S,tt_expressed_not_purified,standard,0.5664,0.55,1,trim a long extramembrane loop,sequence resembles TargetTrack purified (given expression),1% w/v DDM,0.03% w/v DDM (IMAC/SEC),LMNG / DMNG / GDN,fos-choline and PEG as 'stability' detergents (Kotov); glucosides weaker on IMAC (Högbom),Lin/Kotov/Högbom first-line helical IMP extract (DDM)
NYCOMPS-GO.13980,tt_expressed_not_purified,standard,0.68,0.65,1,drop sequons or use a prokaryotic host; add a fusion-able N- or C-terminus,sequence resembles TargetTrack purified (given expression),1% w/v DDM,0.03% w/v DDM (IMAC/SEC),LMNG / DMNG / GDN,fos-choline and PEG as 'stability' detergents (Kotov); glucosides weaker on IMAC (Högbom),Lin/Kotov/Högbom first-line helical IMP extract (DDM)
NYCOMPS-GO.2779,tt_expressed_not_purified,wrap_rescue,0.5367,0.65,1,drop sequons or use a prokaryotic host,standard purify looks unlikely; termini/TM belt look WRAP-amenable,1% w/v DDM,0.03% w/v DDM (IMAC/SEC),LMNG / DMNG / GDN,fos-choline and PEG as 'stability' detergents (Kotov); glucosides weaker on IMAC (Högbom),Lin/Kotov/Högbom first-line helical IMP extract (DDM)
MPP-GO.124178,tt_expressed_not_purified,standard,0.5541,0.05,0,drop sequons or use a prokaryotic host; reduce disulfides / skip eukaryotic folding; trim a long extramembrane loop,sequence resembles TargetTrack purified (given expression),1% w/v DDM,0.03% w/v DDM (IMAC/SEC),LMNG / DMNG / GDN,fos-choline and PEG as 'stability' detergents (Kotov); glucosides weaker on IMAC (Högbom),Lin/Kotov/Högbom first-line helical IMP extract (DDM)
NYCOMPS-GO.11292,tt_expressed_not_purified,deprioritize,0.4696,0.2,0,,"low purify score, not WRAP-amenable, no obvious construct lever",1% w/v DDM,0.03% w/v DDM (IMAC/SEC),LMNG / DMNG / GDN,fos-choline and PEG as 'stability' detergents (Kotov); glucosides weaker on IMAC (Högbom),Lin/Kotov/Högbom first-line helical IMP extract (DDM)
NYCOMPS-GO.785,tt_expressed_not_purified,redesign,0.4439,0.35,0,trim a long extramembrane loop,trim a long extramembrane loop,1% w/v DDM,0.03% w/v DDM (IMAC/SEC),LMNG / DMNG / GDN,fos-choline and PEG as 'stability' detergents (Kotov); glucosides weaker on IMAC (Högbom),Lin/Kotov/Högbom first-line helical IMP extract (DDM)
NYCOMPS-GO.3186,tt_expressed_not_purified,wrap_rescue,0.3457,0.75,1,add a fusion-able N- or C-terminus,standard purify looks unlikely; termini/TM belt look WRAP-amenable,1% w/v DDM,0.03% w/v DDM (IMAC/SEC),LMNG / DMNG / GDN,fos-choline and PEG as 'stability' detergents (Kotov); glucosides weaker on IMAC (Högbom),Lin/Kotov/Högbom first-line helical IMP extract (DDM)
NYCOMPS-GO.3966,tt_expressed_not_purified,redesign,0.3293,0.35,0,trim a long extramembrane loop,trim a long extramembrane loop,1% w/v DDM,0.03% w/v DDM (IMAC/SEC),LMNG / DMNG / GDN,fos-choline and PEG as 'stability' detergents (Kotov); glucosides weaker on IMAC (Högbom),Lin/Kotov/Högbom first-line helical IMP extract (DDM)
NYCOMPS-GO.11033,tt_expressed_not_purified,deprioritize,0.39,0.35,0,,"low purify score, not WRAP-amenable, no obvious construct lever",1% w/v DDM,0.03% w/v DDM (IMAC/SEC),LMNG / DMNG / GDN,fos-choline and PEG as 'stability' detergents (Kotov); glucosides weaker on IMAC (Högbom),Lin/Kotov/Högbom first-line helical IMP extract (DDM)
NYCOMPS-GO.160,tt_expressed_not_purified,redesign,0.4428,0.15,0,trim a long extramembrane loop,trim a long extramembrane loop,1% w/v DDM,0.03% w/v DDM (IMAC/SEC),LMNG / DMNG / GDN,fos-choline and PEG as 'stability' detergents (Kotov); glucosides weaker on IMAC (Högbom),Lin/Kotov/Högbom first-line helical IMP extract (DDM)
NYCOMPS-GO.13888,tt_expressed_not_purified,standard,0.5865,0.75,1,,sequence resembles TargetTrack purified (given expression),1% w/v DDM,0.03% w/v DDM (IMAC/SEC),LMNG / DMNG / GDN,fos-choline and PEG as 'stability' detergents (Kotov); glucosides weaker on IMAC (Högbom),Lin/Kotov/Högbom first-line helical IMP extract (DDM)
NYCOMPS-GO.7163,tt_expressed_not_purified,redesign,0.4929,0.35,0,trim a long extramembrane loop,trim a long extramembrane loop,1% w/v DDM,0.03% w/v DDM (IMAC/SEC),LMNG / DMNG / GDN,fos-choline and PEG as 'stability' detergents (Kotov); glucosides weaker on IMAC (Högbom),Lin/Kotov/Högbom first-line helical IMP extract (DDM)
NYCOMPS-GO.10097,tt_expressed_not_purified,deprioritize,0.3843,0.35,0,,"low purify score, not WRAP-amenable, no obvious construct lever",1% w/v DDM,0.03% w/v DDM (IMAC/SEC),LMNG / DMNG / GDN,fos-choline and PEG as 'stability' detergents (Kotov); glucosides weaker on IMAC (Högbom),Lin/Kotov/Högbom first-line helical IMP extract (DDM)
NYCOMPS-GO.10944,tt_expressed_not_purified,standard,0.6051,0.35,0,trim a long extramembrane loop,sequence resembles TargetTrack purified (given expression),1% w/v DDM,0.03% w/v DDM (IMAC/SEC),LMNG / DMNG / GDN,fos-choline and PEG as 'stability' detergents (Kotov); glucosides weaker on IMAC (Högbom),Lin/Kotov/Högbom first-line helical IMP extract (DDM)
NYCOMPS-GO.52,tt_expressed_not_purified,wrap_rescue,0.4935,0.55,1,trim a long extramembrane loop,standard purify looks unlikely; termini/TM belt look WRAP-amenable,1% w/v DDM,0.03% w/v DDM (IMAC/SEC),LMNG / DMNG / GDN,fos-choline and PEG as 'stability' detergents (Kotov); glucosides weaker on IMAC (Högbom),Lin/Kotov/Högbom first-line helical IMP extract (DDM)
NYCOMPS-GO.11179,tt_expressed_not_purified,deprioritize,0.534,0.2,0,,"low purify score, not WRAP-amenable, no obvious construct lever",1% w/v DDM,0.03% w/v DDM (IMAC/SEC),LMNG / DMNG / GDN,fos-choline and PEG as 'stability' detergents (Kotov); glucosides weaker on IMAC (Högbom),Lin/Kotov/Högbom first-line helical IMP extract (DDM)
NYCOMPS-GO.7675,tt_expressed_not_purified,redesign,0.446,0.35,0,trim a long extramembrane loop,trim a long extramembrane loop,1% w/v DDM,0.03% w/v DDM (IMAC/SEC),LMNG / DMNG / GDN,fos-choline and PEG as 'stability' detergents (Kotov); glucosides weaker on IMAC (Högbom),Lin/Kotov/Högbom first-line helical IMP extract (DDM)
NYCOMPS-GO.3770,tt_expressed_not_purified,wrap_rescue,0.487,0.75,1,,standard purify looks unlikely; termini/TM belt look WRAP-amenable,1% w/v DDM,0.03% w/v DDM (IMAC/SEC),LMNG / DMNG / GDN,fos-choline and PEG as 'stability' detergents (Kotov); glucosides weaker on IMAC (Högbom),Lin/Kotov/Högbom first-line helical IMP extract (DDM)
NYCOMPS-GO.13669,tt_expressed_not_purified,deprioritize,0.4814,0.35,0,,"low purify score, not WRAP-amenable, no obvious construct lever",1% w/v DDM,0.03% w/v DDM (IMAC/SEC),LMNG / DMNG / GDN,fos-choline and PEG as 'stability' detergents (Kotov); glucosides weaker on IMAC (Högbom),Lin/Kotov/Högbom first-line helical IMP extract (DDM)
NYCOMPS-GO.2155,tt_expressed_not_purified,redesign,0.549,0.25,0,drop sequons or use a prokaryotic host; trim a long extramembrane loop,drop sequons or use a prokaryotic host; trim a long extramembrane loop,1% w/v DDM,0.03% w/v DDM (IMAC/SEC),LMNG / DMNG / GDN,fos-choline and PEG as 'stability' detergents (Kotov); glucosides weaker on IMAC (Högbom),Lin/Kotov/Högbom first-line helical IMP extract (DDM)
NYCOMPS-GO.9137,tt_expressed_not_purified,wrap_rescue,0.5418,0.75,1,add a fusion-able N- or C-terminus; trim a long extramembrane loop,standard purify looks unlikely; termini/TM belt look WRAP-amenable,1% w/v DDM,0.03% w/v DDM (IMAC/SEC),LMNG / DMNG / GDN,fos-choline and PEG as 'stability' detergents (Kotov); glucosides weaker on IMAC (Högbom),Lin/Kotov/Högbom first-line helical IMP extract (DDM)
MPSBC-Ste24pSm,tt_expressed_not_purified,redesign,0.5111,0.05,0,drop sequons or use a prokaryotic host; trim a long extramembrane loop,drop sequons or use a prokaryotic host; trim a long extramembrane loop,1% w/v DDM,0.03% w/v DDM (IMAC/SEC),LMNG / DMNG / GDN,fos-choline and PEG as 'stability' detergents (Kotov); glucosides weaker on IMAC (Högbom),Lin/Kotov/Högbom first-line helical IMP extract (DDM)
NYCOMPS-GO.3499,tt_expressed_not_purified,deprioritize,0.4211,0.15,0,,"low purify score, not WRAP-amenable, no obvious construct lever",1% w/v DDM,0.03% w/v DDM (IMAC/SEC),LMNG / DMNG / GDN,fos-choline and PEG as 'stability' detergents (Kotov); glucosides weaker on IMAC (Högbom),Lin/Kotov/Högbom first-line helical IMP extract (DDM)
TransportPDB-0102,tt_expressed_not_purified,redesign,0.3564,0.0,0,shorten or split the construct; drop sequons or use a prokaryotic host; trim a long extramembrane loop,shorten or split the construct; drop sequons or use a prokaryotic host; trim a long extramembrane loop,1% w/v DDM,0.03% w/v DDM (IMAC/SEC),LMNG / DMNG / GDN,fos-choline and PEG as 'stability' detergents (Kotov); glucosides weaker on IMAC (Högbom),Lin/Kotov/Högbom first-line helical IMP extract (DDM)
NYCOMPS-GO.749,tt_expressed_not_purified,wrap_rescue,0.5295,0.75,1,trim a long extramembrane loop,standard purify looks unlikely; termini/TM belt look WRAP-amenable,1% w/v DDM,0.03% w/v DDM (IMAC/SEC),LMNG / DMNG / GDN,fos-choline and PEG as 'stability' detergents (Kotov); glucosides weaker on IMAC (Högbom),Lin/Kotov/Högbom first-line helical IMP extract (DDM)
MPP-GO.118609,tt_expressed_not_purified,standard,0.6006,0.05,0,drop sequons or use a prokaryotic host; reduce disulfides / skip eukaryotic folding; trim a long extramembrane loop,sequence resembles TargetTrack purified (given expression),1% w/v DDM,0.03% w/v DDM (IMAC/SEC),LMNG / DMNG / GDN,fos-choline and PEG as 'stability' detergents (Kotov); glucosides weaker on IMAC (Högbom),Lin/Kotov/Högbom first-line helical IMP extract (DDM)
NYCOMPS-GO.19475,tt_expressed_not_purified,standard,0.5775,0.55,1,add a fusion-able N- or C-terminus,sequence resembles TargetTrack purified (given expression),1% w/v DDM,0.03% w/v DDM (IMAC/SEC),LMNG / DMNG / GDN,fos-choline and PEG as 'stability' detergents (Kotov); glucosides weaker on IMAC (Högbom),Lin/Kotov/Högbom first-line helical IMP extract (DDM)
NYCOMPS-GO.7112,tt_expressed_not_purified,wrap_rescue,0.5188,0.95,1,,standard purify looks unlikely; termini/TM belt look WRAP-amenable,1% w/v DDM,0.03% w/v DDM (IMAC/SEC),LMNG / DMNG / GDN,fos-choline and PEG as 'stability' detergents (Kotov); glucosides weaker on IMAC (Högbom),Lin/Kotov/Högbom first-line helical IMP extract (DDM)
NYCOMPS-GO.3384,tt_expressed_not_purified,standard,0.5987,0.45,0,drop sequons or use a prokaryotic host; trim a long extramembrane loop,sequence resembles TargetTrack purified (given expression),1% w/v DDM,0.03% w/v DDM (IMAC/SEC),LMNG / DMNG / GDN,fos-choline and PEG as 'stability' detergents (Kotov); glucosides weaker on IMAC (Högbom),Lin/Kotov/Högbom first-line helical IMP extract (DDM)
NYCOMPS-GO.13566,tt_expressed_not_purified,redesign,0.5472,0.25,0,drop sequons or use a prokaryotic host,drop sequons or use a prokaryotic host,1% w/v DDM,0.03% w/v DDM (IMAC/SEC),LMNG / DMNG / GDN,fos-choline and PEG as 'stability' detergents (Kotov); glucosides weaker on IMAC (Högbom),Lin/Kotov/Högbom first-line helical IMP extract (DDM)
NYCOMPS-GO.11664,tt_expressed_not_purified,deprioritize,0.5164,0.35,0,,"low purify score, not WRAP-amenable, no obvious construct lever",1% w/v DDM,0.03% w/v DDM (IMAC/SEC),LMNG / DMNG / GDN,fos-choline and PEG as 'stability' detergents (Kotov); glucosides weaker on IMAC (Högbom),Lin/Kotov/Högbom first-line helical IMP extract (DDM)
NYCOMPS-GO.7359,tt_expressed_not_purified,wrap_rescue,0.4121,0.75,1,,standard purify looks unlikely; termini/TM belt look WRAP-amenable,1% w/v DDM,0.03% w/v DDM (IMAC/SEC),LMNG / DMNG / GDN,fos-choline and PEG as 'stability' detergents (Kotov); glucosides weaker on IMAC (Högbom),Lin/Kotov/Högbom first-line helical IMP extract (DDM)
NYCOMPS-GO.189,tt_expressed_not_purified,deprioritize,0.44,0.35,0,,"low purify score, not WRAP-amenable, no obvious construct lever",1% w/v DDM,0.03% w/v DDM (IMAC/SEC),LMNG / DMNG / GDN,fos-choline and PEG as 'stability' detergents (Kotov); glucosides weaker on IMAC (Högbom),Lin/Kotov/Högbom first-line helical IMP extract (DDM)
TMPC-GO.121728,tt_expressed_not_purified,standard,0.5557,0.55,1,,sequence resembles TargetTrack purified (given expression),1% w/v DDM,0.03% w/v DDM (IMAC/SEC),LMNG / DMNG / GDN,fos-choline and PEG as 'stability' detergents (Kotov); glucosides weaker on IMAC (Högbom),Lin/Kotov/Högbom first-line helical IMP extract (DDM)
NYCOMPS-GO.14714,tt_expressed_not_purified,redesign,0.3707,0.35,0,trim a long extramembrane loop,trim a long extramembrane loop,1% w/v DDM,0.03% w/v DDM (IMAC/SEC),LMNG / DMNG / GDN,fos-choline and PEG as 'stability' detergents (Kotov); glucosides weaker on IMAC (Högbom),Lin/Kotov/Högbom first-line helical IMP extract (DDM)
NYCOMPS-GO.14804,tt_expressed_not_purified,redesign,0.5085,0.35,0,trim a long extramembrane loop,trim a long extramembrane loop,1% w/v DDM,0.03% w/v DDM (IMAC/SEC),LMNG / DMNG / GDN,fos-choline and PEG as 'stability' detergents (Kotov); glucosides weaker on IMAC (Högbom),Lin/Kotov/Högbom first-line helical IMP extract (DDM)
NYCOMPS-GO.14124,tt_expressed_not_purified,standard,0.6879,0.35,0,,sequence resembles TargetTrack purified (given expression),1% w/v DDM,0.03% w/v DDM (IMAC/SEC),LMNG / DMNG / GDN,fos-choline and PEG as 'stability' detergents (Kotov); glucosides weaker on IMAC (Högbom),Lin/Kotov/Högbom first-line helical IMP extract (DDM)
NYCOMPS-GO.498,tt_expressed_not_purified,redesign,0.4798,0.35,0,trim a long extramembrane loop,trim a long extramembrane loop,1% w/v DDM,0.03% w/v DDM (IMAC/SEC),LMNG / DMNG / GDN,fos-choline and PEG as 'stability' detergents (Kotov); glucosides weaker on IMAC (Högbom),Lin/Kotov/Högbom first-line helical IMP extract (DDM)
MPSBC-Tok1pSku,tt_expressed_not_purified,standard,0.6126,0.25,0,drop sequons or use a prokaryotic host; reduce disulfides / skip eukaryotic folding; trim a long extramembrane loop,sequence resembles TargetTrack purified (given expression),1% w/v DDM,0.03% w/v DDM (IMAC/SEC),LMNG / DMNG / GDN,fos-choline and PEG as 'stability' detergents (Kotov); glucosides weaker on IMAC (Högbom),Lin/Kotov/Högbom first-line helical IMP extract (DDM)
MPP-GO.120296,tt_expressed_not_purified,redesign,0.5214,0.05,0,drop sequons or use a prokaryotic host; reduce disulfides / skip eukaryotic folding; trim a long extramembrane loop,drop sequons or use a prokaryotic host; reduce disulfides / skip eukaryotic folding; trim a long extramembrane loop,1% w/v DDM,0.03% w/v DDM (IMAC/SEC),LMNG / DMNG / GDN,fos-choline and PEG as 'stability' detergents (Kotov); glucosides weaker on IMAC (Högbom),Lin/Kotov/Högbom first-line helical IMP extract (DDM)
NYCOMPS-GO.13850,tt_expressed_not_purified,redesign,0.4586,0.35,0,trim a long extramembrane loop,trim a long extramembrane loop,1% w/v DDM,0.03% w/v DDM (IMAC/SEC),LMNG / DMNG / GDN,fos-choline and PEG as 'stability' detergents (Kotov); glucosides weaker on IMAC (Högbom),Lin/Kotov/Högbom first-line helical IMP extract (DDM)
CSMP-2324S,tt_expressed_not_purified,redesign,0.5465,0.05,0,drop sequons or use a prokaryotic host; trim a long extramembrane loop,drop sequons or use a prokaryotic host; trim a long extramembrane loop,1% w/v DDM,0.03% w/v DDM (IMAC/SEC),LMNG / DMNG / GDN,fos-choline and PEG as 'stability' detergents (Kotov); glucosides weaker on IMAC (Högbom),Lin/Kotov/Högbom first-line helical IMP extract (DDM)
MPP-GO.122240,tt_expressed_not_purified,redesign,0.4612,0.15,0,reduce disulfides / skip eukaryotic folding; trim a long extramembrane loop,reduce disulfides / skip eukaryotic folding; trim a long extramembrane loop,1% w/v DDM,0.03% w/v DDM (IMAC/SEC),LMNG / DMNG / GDN,fos-choline and PEG as 'stability' detergents (Kotov); glucosides weaker on IMAC (Högbom),Lin/Kotov/Högbom first-line helical IMP extract (DDM)
NYCOMPS-GO.1118,tt_expressed_not_purified,redesign,0.4444,0.35,0,trim a long extramembrane loop,trim a long extramembrane loop,1% w/v DDM,0.03% w/v DDM (IMAC/SEC),LMNG / DMNG / GDN,fos-choline and PEG as 'stability' detergents (Kotov); glucosides weaker on IMAC (Högbom),Lin/Kotov/Högbom first-line helical IMP extract (DDM)
NYCOMPS-GO.984,tt_expressed_not_purified,standard,0.5571,0.75,1,,sequence resembles TargetTrack purified (given expression),1% w/v DDM,0.03% w/v DDM (IMAC/SEC),LMNG / DMNG / GDN,fos-choline and PEG as 'stability' detergents (Kotov); glucosides weaker on IMAC (Högbom),Lin/Kotov/Högbom first-line helical IMP extract (DDM)
NYCOMPS-GO.2300,tt_expressed_not_purified,deprioritize,0.5067,0.15,0,,"low purify score, not WRAP-amenable, no obvious construct lever",1% w/v DDM,0.03% w/v DDM (IMAC/SEC),LMNG / DMNG / GDN,fos-choline and PEG as 'stability' detergents (Kotov); glucosides weaker on IMAC (Högbom),Lin/Kotov/Högbom first-line helical IMP extract (DDM)
NYCOMPS-GO.11311,tt_expressed_not_purified,deprioritize,0.4487,0.35,0,,"low purify score, not WRAP-amenable, no obvious construct lever",1% w/v DDM,0.03% w/v DDM (IMAC/SEC),LMNG / DMNG / GDN,fos-choline and PEG as 'stability' detergents (Kotov); glucosides weaker on IMAC (Högbom),Lin/Kotov/Högbom first-line helical IMP extract (DDM)
NYCOMPS-GO.8461,tt_expressed_not_purified,redesign,0.3742,0.35,0,trim a long extramembrane loop,trim a long extramembrane loop,1% w/v DDM,0.03% w/v DDM (IMAC/SEC),LMNG / DMNG / GDN,fos-choline and PEG as 'stability' detergents (Kotov); glucosides weaker on IMAC (Högbom),Lin/Kotov/Högbom first-line helical IMP extract (DDM)
NYCOMPS-GO.13,tt_expressed_not_purified,wrap_rescue,0.5443,0.55,1,,standard purify looks unlikely; termini/TM belt look WRAP-amenable,1% w/v DDM,0.03% w/v DDM (IMAC/SEC),LMNG / DMNG / GDN,fos-choline and PEG as 'stability' detergents (Kotov); glucosides weaker on IMAC (Högbom),Lin/Kotov/Högbom first-line helical IMP extract (DDM)
MPP-GO.120249,tt_expressed_not_purified,deprioritize,0.3642,0.0,0,,"low purify score, not WRAP-amenable, no obvious construct lever",1% w/v DDM,0.03% w/v DDM (IMAC/SEC),LMNG / DMNG / GDN,fos-choline and PEG as 'stability' detergents (Kotov); glucosides weaker on IMAC (Högbom),Lin/Kotov/Högbom first-line helical IMP extract (DDM)
MPP-GO.123209,tt_expressed_not_purified,deprioritize,0.3456,0.15,0,,"low purify score, not WRAP-amenable, no obvious construct lever",1% w/v DDM,0.03% w/v DDM (IMAC/SEC),LMNG / DMNG / GDN,fos-choline and PEG as 'stability' detergents (Kotov); glucosides weaker on IMAC (Högbom),Lin/Kotov/Högbom first-line helical IMP extract (DDM)
NYCOMPS-GO.1454,tt_expressed_not_purified,wrap_rescue,0.436,0.75,1,add a fusion-able N- or C-terminus; trim a long extramembrane loop,standard purify looks unlikely; termini/TM belt look WRAP-amenable,1% w/v DDM,0.03% w/v DDM (IMAC/SEC),LMNG / DMNG / GDN,fos-choline and PEG as 'stability' detergents (Kotov); glucosides weaker on IMAC (Högbom),Lin/Kotov/Högbom first-line helical IMP extract (DDM)
TransportPDB-0106,tt_expressed_not_purified,standard,0.5652,0.15,0,trim a long extramembrane loop,sequence resembles TargetTrack purified (given expression),1% w/v DDM,0.03% w/v DDM (IMAC/SEC),LMNG / DMNG / GDN,fos-choline and PEG as 'stability' detergents (Kotov); glucosides weaker on IMAC (Högbom),Lin/Kotov/Högbom first-line helical IMP extract (DDM)
MPSBC-Tok1pSku,tt_expressed_not_purified,standard,0.555,0.05,0,drop sequons or use a prokaryotic host; reduce disulfides / skip eukaryotic folding; trim a long extramembrane loop,sequence resembles TargetTrack purified (given expression),1% w/v DDM,0.03% w/v DDM (IMAC/SEC),LMNG / DMNG / GDN,fos-choline and PEG as 'stability' detergents (Kotov); glucosides weaker on IMAC (Högbom),Lin/Kotov/Högbom first-line helical IMP extract (DDM)
NYCOMPS-GO.2,tt_expressed_not_purified,redesign,0.3662,0.35,0,trim a long extramembrane loop,trim a long extramembrane loop,1% w/v DDM,0.03% w/v DDM (IMAC/SEC),LMNG / DMNG / GDN,fos-choline and PEG as 'stability' detergents (Kotov); glucosides weaker on IMAC (Högbom),Lin/Kotov/Högbom first-line helical IMP extract (DDM)
NYCOMPS-GO.28,tt_expressed_not_purified,redesign,0.3996,0.35,0,trim a long extramembrane loop,trim a long extramembrane loop,1% w/v DDM,0.03% w/v DDM (IMAC/SEC),LMNG / DMNG / GDN,fos-choline and PEG as 'stability' detergents (Kotov); glucosides weaker on IMAC (Högbom),Lin/Kotov/Högbom first-line helical IMP extract (DDM)
NYCOMPS-GO.4378,tt_expressed_not_purified,redesign,0.5092,0.15,0,reduce disulfides / skip eukaryotic folding; trim a long extramembrane loop,reduce disulfides / skip eukaryotic folding; trim a long extramembrane loop,1% w/v DDM,0.03% w/v DDM (IMAC/SEC),LMNG / DMNG / GDN,fos-choline and PEG as 'stability' detergents (Kotov); glucosides weaker on IMAC (Högbom),Lin/Kotov/Högbom first-line helical IMP extract (DDM)
NYCOMPS-GO.10774,tt_expressed_not_purified,standard,0.6571,0.75,1,trim a long extramembrane loop,sequence resembles TargetTrack purified (given expression),1% w/v DDM,0.03% w/v DDM (IMAC/SEC),LMNG / DMNG / GDN,fos-choline and PEG as 'stability' detergents (Kotov); glucosides weaker on IMAC (Högbom),Lin/Kotov/Högbom first-line helical IMP extract (DDM)
NYCOMPS-GO.14860,tt_expressed_not_purified,redesign,0.4693,0.35,0,trim a long extramembrane loop,trim a long extramembrane loop,1% w/v DDM,0.03% w/v DDM (IMAC/SEC),LMNG / DMNG / GDN,fos-choline and PEG as 'stability' detergents (Kotov); glucosides weaker on IMAC (Högbom),Lin/Kotov/Högbom first-line helical IMP extract (DDM)
TransportPDB-0196,tt_expressed_not_purified,standard,0.6126,0.25,0,drop sequons or use a prokaryotic host; reduce disulfides / skip eukaryotic folding; trim a long extramembrane loop,sequence resembles TargetTrack purified (given expression),1% w/v DDM,0.03% w/v DDM (IMAC/SEC),LMNG / DMNG / GDN,fos-choline and PEG as 'stability' detergents (Kotov); glucosides weaker on IMAC (Högbom),Lin/Kotov/Högbom first-line helical IMP extract (DDM)
MPSBC-Rgt2p,tt_expressed_not_purified,standard,0.607,0.65,1,drop sequons or use a prokaryotic host; reduce disulfides / skip eukaryotic folding; trim a long extramembrane loop,sequence resembles TargetTrack purified (given expression),1% w/v DDM,0.03% w/v DDM (IMAC/SEC),LMNG / DMNG / GDN,fos-choline and PEG as 'stability' detergents (Kotov); glucosides weaker on IMAC (Högbom),Lin/Kotov/Högbom first-line helical IMP extract (DDM)
NYCOMPS-GO.6778,tt_expressed_not_purified,redesign,0.4944,0.35,0,trim a long extramembrane loop,trim a long extramembrane loop,1% w/v DDM,0.03% w/v DDM (IMAC/SEC),LMNG / DMNG / GDN,fos-choline and PEG as 'stability' detergents (Kotov); glucosides weaker on IMAC (Högbom),Lin/Kotov/Högbom first-line helical IMP extract (DDM)
NYCOMPS-GO.2738,tt_expressed_not_purified,redesign,0.4197,0.35,0,reduce disulfides / skip eukaryotic folding; trim a long extramembrane loop,reduce disulfides / skip eukaryotic folding; trim a long extramembrane loop,1% w/v DDM,0.03% w/v DDM (IMAC/SEC),LMNG / DMNG / GDN,fos-choline and PEG as 'stability' detergents (Kotov); glucosides weaker on IMAC (Högbom),Lin/Kotov/Högbom first-line helical IMP extract (DDM)
NYCOMPS-GO.585,tt_expressed_not_purified,deprioritize,0.4021,0.35,0,,"low purify score, not WRAP-amenable, no obvious construct lever",1% w/v DDM,0.03% w/v DDM (IMAC/SEC),LMNG / DMNG / GDN,fos-choline and PEG as 'stability' detergents (Kotov); glucosides weaker on IMAC (Högbom),Lin/Kotov/Högbom first-line helical IMP extract (DDM)
NYCOMPS-GO.1076,tt_expressed_not_purified,wrap_rescue,0.4687,0.95,1,add a fusion-able N- or C-terminus,standard purify looks unlikely; termini/TM belt look WRAP-amenable,1% w/v DDM,0.03% w/v DDM (IMAC/SEC),LMNG / DMNG / GDN,fos-choline and PEG as 'stability' detergents (Kotov); glucosides weaker on IMAC (Högbom),Lin/Kotov/Högbom first-line helical IMP extract (DDM)
NYCOMPS-GO.7848,tt_expressed_not_purified,wrap_rescue,0.4747,0.95,1,add a fusion-able N- or C-terminus,standard purify looks unlikely; termini/TM belt look WRAP-amenable,1% w/v DDM,0.03% w/v DDM (IMAC/SEC),LMNG / DMNG / GDN,fos-choline and PEG as 'stability' detergents (Kotov); glucosides weaker on IMAC (Högbom),Lin/Kotov/Högbom first-line helical IMP extract (DDM)
NYCOMPS-GO.1855,tt_expressed_not_purified,deprioritize,0.5342,0.35,0,,"low purify score, not WRAP-amenable, no obvious construct lever",1% w/v DDM,0.03% w/v DDM (IMAC/SEC),LMNG / DMNG / GDN,fos-choline and PEG as 'stability' detergents (Kotov); glucosides weaker on IMAC (Högbom),Lin/Kotov/Högbom first-line helical IMP extract (DDM)
NYCOMPS-GO.14293,tt_expressed_not_purified,standard,0.6136,0.75,1,trim a long extramembrane loop,sequence resembles TargetTrack purified (given expression),1% w/v DDM,0.03% w/v DDM (IMAC/SEC),LMNG / DMNG / GDN,fos-choline and PEG as 'stability' detergents (Kotov); glucosides weaker on IMAC (Högbom),Lin/Kotov/Högbom first-line helical IMP extract (DDM)
NYCOMPS-GO.1994,tt_expressed_not_purified,wrap_rescue,0.4414,0.75,1,trim a long extramembrane loop,standard purify looks unlikely; termini/TM belt look WRAP-amenable,1% w/v DDM,0.03% w/v DDM (IMAC/SEC),LMNG / DMNG / GDN,fos-choline and PEG as 'stability' detergents (Kotov); glucosides weaker on IMAC (Högbom),Lin/Kotov/Högbom first-line helical IMP extract (DDM)
MPP-GO.118612,tt_expressed_not_purified,redesign,0.5173,0.05,0,drop sequons or use a prokaryotic host; reduce disulfides / skip eukaryotic folding; trim a long extramembrane loop,drop sequons or use a prokaryotic host; reduce disulfides / skip eukaryotic folding; trim a long extramembrane loop,1% w/v DDM,0.03% w/v DDM (IMAC/SEC),LMNG / DMNG / GDN,fos-choline and PEG as 'stability' detergents (Kotov); glucosides weaker on IMAC (Högbom),Lin/Kotov/Högbom first-line helical IMP extract (DDM)
TMPC-GO.118869,tt_expressed_not_purified,standard,0.5809,0.15,0,trim a long extramembrane loop,sequence resembles TargetTrack purified (given expression),1% w/v DDM,0.03% w/v DDM (IMAC/SEC),LMNG / DMNG / GDN,fos-choline and PEG as 'stability' detergents (Kotov); glucosides weaker on IMAC (Högbom),Lin/Kotov/Högbom first-line helical IMP extract (DDM)
NYCOMPS-GO.6555,tt_expressed_not_purified,redesign,0.43,0.15,0,trim a long extramembrane loop,trim a long extramembrane loop,1% w/v DDM,0.03% w/v DDM (IMAC/SEC),LMNG / DMNG / GDN,fos-choline and PEG as 'stability' detergents (Kotov); glucosides weaker on IMAC (Högbom),Lin/Kotov/Högbom first-line helical IMP extract (DDM)
NYCOMPS-GO.1630,tt_expressed_not_purified,deprioritize,0.3663,0.35,0,,"low purify score, not WRAP-amenable, no obvious construct lever",1% w/v DDM,0.03% w/v DDM (IMAC/SEC),LMNG / DMNG / GDN,fos-choline and PEG as 'stability' detergents (Kotov); glucosides weaker on IMAC (Högbom),Lin/Kotov/Högbom first-line helical IMP extract (DDM)
MPP-GO.94817,tt_expressed_not_purified,redesign,0.5183,0.15,0,reduce disulfides / skip eukaryotic folding; trim a long extramembrane loop,reduce disulfides / skip eukaryotic folding; trim a long extramembrane loop,1% w/v DDM,0.03% w/v DDM (IMAC/SEC),LMNG / DMNG / GDN,fos-choline and PEG as 'stability' detergents (Kotov); glucosides weaker on IMAC (Högbom),Lin/Kotov/Högbom first-line helical IMP extract (DDM)
NYCOMPS-GO.2569,tt_expressed_not_purified,standard,0.5535,0.35,0,,sequence resembles TargetTrack purified (given expression),1% w/v DDM,0.03% w/v DDM (IMAC/SEC),LMNG / DMNG / GDN,fos-choline and PEG as 'stability' detergents (Kotov); glucosides weaker on IMAC (Högbom),Lin/Kotov/Högbom first-line helical IMP extract (DDM)
NYCOMPS-GO.9914,tt_expressed_not_purified,deprioritize,0.317,0.35,0,,"low purify score, not WRAP-amenable, no obvious construct lever",1% w/v DDM,0.03% w/v DDM (IMAC/SEC),LMNG / DMNG / GDN,fos-choline and PEG as 'stability' detergents (Kotov); glucosides weaker on IMAC (Högbom),Lin/Kotov/Högbom first-line helical IMP extract (DDM)
NYCOMPS-GO.13612,tt_expressed_not_purified,standard,0.5869,0.75,1,trim a long extramembrane loop,sequence resembles TargetTrack purified (given expression),1% w/v DDM,0.03% w/v DDM (IMAC/SEC),LMNG / DMNG / GDN,fos-choline and PEG as 'stability' detergents (Kotov); glucosides weaker on IMAC (Högbom),Lin/Kotov/Högbom first-line helical IMP extract (DDM)
MPP-GO.118966,tt_expressed_not_purified,deprioritize,0.3869,0.15,0,,"low purify score, not WRAP-amenable, no obvious construct lever",1% w/v DDM,0.03% w/v DDM (IMAC/SEC),LMNG / DMNG / GDN,fos-choline and PEG as 'stability' detergents (Kotov); glucosides weaker on IMAC (Högbom),Lin/Kotov/Högbom first-line helical IMP extract (DDM)
MPP-GO.121190,tt_expressed_not_purified,redesign,0.4641,0.15,0,reduce disulfides / skip eukaryotic folding; trim a long extramembrane loop,reduce disulfides / skip eukaryotic folding; trim a long extramembrane loop,1% w/v DDM,0.03% w/v DDM (IMAC/SEC),LMNG / DMNG / GDN,fos-choline and PEG as 'stability' detergents (Kotov); glucosides weaker on IMAC (Högbom),Lin/Kotov/Högbom first-line helical IMP extract (DDM)
NYCOMPS-GO.13534,tt_expressed_not_purified,standard,0.6663,0.6,0,add a fusion-able N- or C-terminus; trim a long extramembrane loop,sequence resembles TargetTrack purified (given expression),1% w/v DDM,0.03% w/v DDM (IMAC/SEC),LMNG / DMNG / GDN,fos-choline and PEG as 'stability' detergents (Kotov); glucosides weaker on IMAC (Högbom),Lin/Kotov/Högbom first-line helical IMP extract (DDM)
NYCOMPS-GO.8417,tt_expressed_not_purified,deprioritize,0.4896,0.35,0,,"low purify score, not WRAP-amenable, no obvious construct lever",1% w/v DDM,0.03% w/v DDM (IMAC/SEC),LMNG / DMNG / GDN,fos-choline and PEG as 'stability' detergents (Kotov); glucosides weaker on IMAC (Högbom),Lin/Kotov/Högbom first-line helical IMP extract (DDM)
NYCOMPS-GO.2056,tt_expressed_not_purified,standard,0.5639,0.75,1,trim a long extramembrane loop,sequence resembles TargetTrack purified (given expression),1% w/v DDM,0.03% w/v DDM (IMAC/SEC),LMNG / DMNG / GDN,fos-choline and PEG as 'stability' detergents (Kotov); glucosides weaker on IMAC (Högbom),Lin/Kotov/Högbom first-line helical IMP extract (DDM)
NYCOMPS-GO.2668,tt_expressed_not_purified,wrap_rescue,0.4525,0.75,1,,standard purify looks unlikely; termini/TM belt look WRAP-amenable,1% w/v DDM,0.03% w/v DDM (IMAC/SEC),LMNG / DMNG / GDN,fos-choline and PEG as 'stability' detergents (Kotov); glucosides weaker on IMAC (Högbom),Lin/Kotov/Högbom first-line helical IMP extract (DDM)
MPSBC-Ste24pSm,tt_expressed_not_purified,redesign,0.5101,0.05,0,drop sequons or use a prokaryotic host; trim a long extramembrane loop,drop sequons or use a prokaryotic host; trim a long extramembrane loop,1% w/v DDM,0.03% w/v DDM (IMAC/SEC),LMNG / DMNG / GDN,fos-choline and PEG as 'stability' detergents (Kotov); glucosides weaker on IMAC (Högbom),Lin/Kotov/Högbom first-line helical IMP extract (DDM)
NYCOMPS-GO.2554,tt_expressed_not_purified,standard,0.5787,0.75,1,add a fusion-able N- or C-terminus,sequence resembles TargetTrack purified (given expression),1% w/v DDM,0.03% w/v DDM (IMAC/SEC),LMNG / DMNG / GDN,fos-choline and PEG as 'stability' detergents (Kotov); glucosides weaker on IMAC (Högbom),Lin/Kotov/Högbom first-line helical IMP extract (DDM)
NYCOMPS-GO.8732,tt_expressed_not_purified,deprioritize,0.5028,0.35,0,,"low purify score, not WRAP-amenable, no obvious construct lever",1% w/v DDM,0.03% w/v DDM (IMAC/SEC),LMNG / DMNG / GDN,fos-choline and PEG as 'stability' detergents (Kotov); glucosides weaker on IMAC (Högbom),Lin/Kotov/Högbom first-line helical IMP extract (DDM)
NYCOMPS-GO.7072,tt_expressed_not_purified,redesign,0.5141,0.35,0,trim a long extramembrane loop,trim a long extramembrane loop,1% w/v DDM,0.03% w/v DDM (IMAC/SEC),LMNG / DMNG / GDN,fos-choline and PEG as 'stability' detergents (Kotov); glucosides weaker on IMAC (Högbom),Lin/Kotov/Högbom first-line helical IMP extract (DDM)
NYCOMPS-GO.123,tt_expressed_not_purified,redesign,0.5194,0.35,0,trim a long extramembrane loop,trim a long extramembrane loop,1% w/v DDM,0.03% w/v DDM (IMAC/SEC),LMNG / DMNG / GDN,fos-choline and PEG as 'stability' detergents (Kotov); glucosides weaker on IMAC (Högbom),Lin/Kotov/Högbom first-line helical IMP extract (DDM)
MPP-GO.122217,tt_expressed_not_purified,redesign,0.4581,0.15,0,reduce disulfides / skip eukaryotic folding; trim a long extramembrane loop,reduce disulfides / skip eukaryotic folding; trim a long extramembrane loop,1% w/v DDM,0.03% w/v DDM (IMAC/SEC),LMNG / DMNG / GDN,fos-choline and PEG as 'stability' detergents (Kotov); glucosides weaker on IMAC (Högbom),Lin/Kotov/Högbom first-line helical IMP extract (DDM)
NYCOMPS-GO.14209,tt_expressed_not_purified,redesign,0.4737,0.35,0,trim a long extramembrane loop,trim a long extramembrane loop,1% w/v DDM,0.03% w/v DDM (IMAC/SEC),LMNG / DMNG / GDN,fos-choline and PEG as 'stability' detergents (Kotov); glucosides weaker on IMAC (Högbom),Lin/Kotov/Högbom first-line helical IMP extract (DDM)
CSMP-3705C,tt_expressed_not_purified,deprioritize,0.3883,0.15,0,,"low purify score, not WRAP-amenable, no obvious construct lever",1% w/v DDM,0.03% w/v DDM (IMAC/SEC),LMNG / DMNG / GDN,fos-choline and PEG as 'stability' detergents (Kotov); glucosides weaker on IMAC (Högbom),Lin/Kotov/Högbom first-line helical IMP extract (DDM)
NYCOMPS-GO.6420,tt_expressed_not_purified,wrap_rescue,0.5212,0.75,1,add a fusion-able N- or C-terminus,standard purify looks unlikely; termini/TM belt look WRAP-amenable,1% w/v DDM,0.03% w/v DDM (IMAC/SEC),LMNG / DMNG / GDN,fos-choline and PEG as 'stability' detergents (Kotov); glucosides weaker on IMAC (Högbom),Lin/Kotov/Högbom first-line helical IMP extract (DDM)
NYCOMPS-GO.11408,tt_expressed_not_purified,wrap_rescue,0.4003,0.75,1,,standard purify looks unlikely; termini/TM belt look WRAP-amenable,1% w/v DDM,0.03% w/v DDM (IMAC/SEC),LMNG / DMNG / GDN,fos-choline and PEG as 'stability' detergents (Kotov); glucosides weaker on IMAC (Högbom),Lin/Kotov/Högbom first-line helical IMP extract (DDM)
NYCOMPS-GO.1234,tt_expressed_not_purified,wrap_rescue,0.5424,0.55,1,trim a long extramembrane loop,standard purify looks unlikely; termini/TM belt look WRAP-amenable,1% w/v DDM,0.03% w/v DDM (IMAC/SEC),LMNG / DMNG / GDN,fos-choline and PEG as 'stability' detergents (Kotov); glucosides weaker on IMAC (Högbom),Lin/Kotov/Högbom first-line helical IMP extract (DDM)
NYCOMPS-GO.9610,tt_expressed_not_purified,standard,0.5827,0.15,0,trim a long extramembrane loop,sequence resembles TargetTrack purified (given expression),1% w/v DDM,0.03% w/v DDM (IMAC/SEC),LMNG / DMNG / GDN,fos-choline and PEG as 'stability' detergents (Kotov); glucosides weaker on IMAC (Högbom),Lin/Kotov/Högbom first-line helical IMP extract (DDM)
MPP-GO.119126,tt_expressed_not_purified,deprioritize,0.4414,0.15,0,,"low purify score, not WRAP-amenable, no obvious construct lever",1% w/v DDM,0.03% w/v DDM (IMAC/SEC),LMNG / DMNG / GDN,fos-choline and PEG as 'stability' detergents (Kotov); glucosides weaker on IMAC (Högbom),Lin/Kotov/Högbom first-line helical IMP extract (DDM)
NYCOMPS-GO.3708,tt_expressed_not_purified,redesign,0.5252,0.35,0,trim a long extramembrane loop,trim a long extramembrane loop,1% w/v DDM,0.03% w/v DDM (IMAC/SEC),LMNG / DMNG / GDN,fos-choline and PEG as 'stability' detergents (Kotov); glucosides weaker on IMAC (Högbom),Lin/Kotov/Högbom first-line helical IMP extract (DDM)
TransportPDB-0115,tt_expressed_not_purified,wrap_rescue,0.5439,0.55,1,reduce disulfides / skip eukaryotic folding; trim a long extramembrane loop,standard purify looks unlikely; termini/TM belt look WRAP-amenable,1% w/v DDM,0.03% w/v DDM (IMAC/SEC),LMNG / DMNG / GDN,fos-choline and PEG as 'stability' detergents (Kotov); glucosides weaker on IMAC (Högbom),Lin/Kotov/Högbom first-line helical IMP extract (DDM)
NYCOMPS-GO.2621,tt_expressed_not_purified,standard,0.5789,0.35,0,,sequence resembles TargetTrack purified (given expression),1% w/v DDM,0.03% w/v DDM (IMAC/SEC),LMNG / DMNG / GDN,fos-choline and PEG as 'stability' detergents (Kotov); glucosides weaker on IMAC (Högbom),Lin/Kotov/Högbom first-line helical IMP extract (DDM)
NYCOMPS-GO.2494,tt_expressed_not_purified,wrap_rescue,0.5112,0.75,1,trim a long extramembrane loop,standard purify looks unlikely; termini/TM belt look WRAP-amenable,1% w/v DDM,0.03% w/v DDM (IMAC/SEC),LMNG / DMNG / GDN,fos-choline and PEG as 'stability' detergents (Kotov); glucosides weaker on IMAC (Högbom),Lin/Kotov/Högbom first-line helical IMP extract (DDM)
MPP-GO.122212,tt_expressed_not_purified,redesign,0.4495,0.15,0,reduce disulfides / skip eukaryotic folding; trim a long extramembrane loop,reduce disulfides / skip eukaryotic folding; trim a long extramembrane loop,1% w/v DDM,0.03% w/v DDM (IMAC/SEC),LMNG / DMNG / GDN,fos-choline and PEG as 'stability' detergents (Kotov); glucosides weaker on IMAC (Högbom),Lin/Kotov/Högbom first-line helical IMP extract (DDM)
NYCOMPS-GO.14326,tt_expressed_not_purified,standard,0.5769,0.75,1,trim a long extramembrane loop,sequence resembles TargetTrack purified (given expression),1% w/v DDM,0.03% w/v DDM (IMAC/SEC),LMNG / DMNG / GDN,fos-choline and PEG as 'stability' detergents (Kotov); glucosides weaker on IMAC (Högbom),Lin/Kotov/Högbom first-line helical IMP extract (DDM)
NYCOMPS-GO.6573,tt_expressed_not_purified,wrap_rescue,0.4407,0.95,1,,standard purify looks unlikely; termini/TM belt look WRAP-amenable,1% w/v DDM,0.03% w/v DDM (IMAC/SEC),LMNG / DMNG / GDN,fos-choline and PEG as 'stability' detergents (Kotov); glucosides weaker on IMAC (Högbom),Lin/Kotov/Högbom first-line helical IMP extract (DDM)
NYCOMPS-GO.1280,tt_expressed_not_purified,wrap_rescue,0.3975,0.95,1,,standard purify looks unlikely; termini/TM belt look WRAP-amenable,1% w/v DDM,0.03% w/v DDM (IMAC/SEC),LMNG / DMNG / GDN,fos-choline and PEG as 'stability' detergents (Kotov); glucosides weaker on IMAC (Högbom),Lin/Kotov/Högbom first-line helical IMP extract (DDM)
NYCOMPS-GO.12562,tt_expressed_not_purified,redesign,0.4608,0.35,0,trim a long extramembrane loop,trim a long extramembrane loop,1% w/v DDM,0.03% w/v DDM (IMAC/SEC),LMNG / DMNG / GDN,fos-choline and PEG as 'stability' detergents (Kotov); glucosides weaker on IMAC (Högbom),Lin/Kotov/Högbom first-line helical IMP extract (DDM)
NYCOMPS-GO.10837,tt_expressed_not_purified,wrap_rescue,0.3794,0.95,1,add a fusion-able N- or C-terminus,standard purify looks unlikely; termini/TM belt look WRAP-amenable,1% w/v DDM,0.03% w/v DDM (IMAC/SEC),LMNG / DMNG / GDN,fos-choline and PEG as 'stability' detergents (Kotov); glucosides weaker on IMAC (Högbom),Lin/Kotov/Högbom first-line helical IMP extract (DDM)
NYCOMPS-GO.2998,tt_expressed_not_purified,standard,0.5854,0.05,0,drop sequons or use a prokaryotic host; trim a long extramembrane loop,sequence resembles TargetTrack purified (given expression),1% w/v DDM,0.03% w/v DDM (IMAC/SEC),LMNG / DMNG / GDN,fos-choline and PEG as 'stability' detergents (Kotov); glucosides weaker on IMAC (Högbom),Lin/Kotov/Högbom first-line helical IMP extract (DDM)
MPP-GO.123239,tt_expressed_not_purified,deprioritize,0.3069,0.15,0,,"low purify score, not WRAP-amenable, no obvious construct lever",1% w/v DDM,0.03% w/v DDM (IMAC/SEC),LMNG / DMNG / GDN,fos-choline and PEG as 'stability' detergents (Kotov); glucosides weaker on IMAC (Högbom),Lin/Kotov/Högbom first-line helical IMP extract (DDM)
NYCOMPS-GO.4218,tt_expressed_not_purified,redesign,0.4126,0.15,0,trim a long extramembrane loop,trim a long extramembrane loop,1% w/v DDM,0.03% w/v DDM (IMAC/SEC),LMNG / DMNG / GDN,fos-choline and PEG as 'stability' detergents (Kotov); glucosides weaker on IMAC (Högbom),Lin/Kotov/Högbom first-line helical IMP extract (DDM)
TMPC-GO.118627,tt_expressed_not_purified,redesign,0.4996,0.15,0,trim a long extramembrane loop,trim a long extramembrane loop,1% w/v DDM,0.03% w/v DDM (IMAC/SEC),LMNG / DMNG / GDN,fos-choline and PEG as 'stability' detergents (Kotov); glucosides weaker on IMAC (Högbom),Lin/Kotov/Högbom first-line helical IMP extract (DDM)
TransportPDB-0053,tt_expressed_not_purified,redesign,0.5079,0.35,0,reduce disulfides / skip eukaryotic folding; trim a long extramembrane loop,reduce disulfides / skip eukaryotic folding; trim a long extramembrane loop,1% w/v DDM,0.03% w/v DDM (IMAC/SEC),LMNG / DMNG / GDN,fos-choline and PEG as 'stability' detergents (Kotov); glucosides weaker on IMAC (Högbom),Lin/Kotov/Högbom first-line helical IMP extract (DDM)
NYCOMPS-GO.98,tt_expressed_not_purified,standard,0.6255,0.95,1,,sequence resembles TargetTrack purified (given expression),1% w/v DDM,0.03% w/v DDM (IMAC/SEC),LMNG / DMNG / GDN,fos-choline and PEG as 'stability' detergents (Kotov); glucosides weaker on IMAC (Högbom),Lin/Kotov/Högbom first-line helical IMP extract (DDM)
NYCOMPS-GO.2403,tt_expressed_not_purified,deprioritize,0.4706,0.35,0,,"low purify score, not WRAP-amenable, no obvious construct lever",1% w/v DDM,0.03% w/v DDM (IMAC/SEC),LMNG / DMNG / GDN,fos-choline and PEG as 'stability' detergents (Kotov); glucosides weaker on IMAC (Högbom),Lin/Kotov/Högbom first-line helical IMP extract (DDM)
MPP-GO.128347,tt_expressed_not_purified,deprioritize,0.2555,0.15,0,,"low purify score, not WRAP-amenable, no obvious construct lever",1% w/v DDM,0.03% w/v DDM (IMAC/SEC),LMNG / DMNG / GDN,fos-choline and PEG as 'stability' detergents (Kotov); glucosides weaker on IMAC (Högbom),Lin/Kotov/Högbom first-line helical IMP extract (DDM)
NYCOMPS-GO.4512,tt_expressed_not_purified,wrap_rescue,0.4061,0.55,1,,standard purify looks unlikely; termini/TM belt look WRAP-amenable,1% w/v DDM,0.03% w/v DDM (IMAC/SEC),LMNG / DMNG / GDN,fos-choline and PEG as 'stability' detergents (Kotov); glucosides weaker on IMAC (Högbom),Lin/Kotov/Högbom first-line helical IMP extract (DDM)
NYCOMPS-GO.3855,tt_expressed_not_purified,wrap_rescue,0.4094,0.95,1,,standard purify looks unlikely; termini/TM belt look WRAP-amenable,1% w/v DDM,0.03% w/v DDM (IMAC/SEC),LMNG / DMNG / GDN,fos-choline and PEG as 'stability' detergents (Kotov); glucosides weaker on IMAC (Högbom),Lin/Kotov/Högbom first-line helical IMP extract (DDM)
MPP-GO.123169,tt_expressed_not_purified,standard,0.6292,0.05,0,drop sequons or use a prokaryotic host; trim a long extramembrane loop,sequence resembles TargetTrack purified (given expression),1% w/v DDM,0.03% w/v DDM (IMAC/SEC),LMNG / DMNG / GDN,fos-choline and PEG as 'stability' detergents (Kotov); glucosides weaker on IMAC (Högbom),Lin/Kotov/Högbom first-line helical IMP extract (DDM)
NYCOMPS-GO.11602,tt_expressed_not_purified,deprioritize,0.3959,0.35,0,,"low purify score, not WRAP-amenable, no obvious construct lever",1% w/v DDM,0.03% w/v DDM (IMAC/SEC),LMNG / DMNG / GDN,fos-choline and PEG as 'stability' detergents (Kotov); glucosides weaker on IMAC (Högbom),Lin/Kotov/Högbom first-line helical IMP extract (DDM)
MPP-GO.119190,tt_expressed_not_purified,redesign,0.4863,0.15,0,trim a long extramembrane loop,trim a long extramembrane loop,1% w/v DDM,0.03% w/v DDM (IMAC/SEC),LMNG / DMNG / GDN,fos-choline and PEG as 'stability' detergents (Kotov); glucosides weaker on IMAC (Högbom),Lin/Kotov/Högbom first-line helical IMP extract (DDM)
MPSBC-Vph1p,tt_expressed_not_purified,standard,0.5644,0.45,0,drop sequons or use a prokaryotic host; trim a long extramembrane loop,sequence resembles TargetTrack purified (given expression),1% w/v DDM,0.03% w/v DDM (IMAC/SEC),LMNG / DMNG / GDN,fos-choline and PEG as 'stability' detergents (Kotov); glucosides weaker on IMAC (Högbom),Lin/Kotov/Högbom first-line helical IMP extract (DDM)
NYCOMPS-GO.56,tt_expressed_not_purified,standard,0.5571,0.35,0,trim a long extramembrane loop,sequence resembles TargetTrack purified (given expression),1% w/v DDM,0.03% w/v DDM (IMAC/SEC),LMNG / DMNG / GDN,fos-choline and PEG as 'stability' detergents (Kotov); glucosides weaker on IMAC (Högbom),Lin/Kotov/Högbom first-line helical IMP extract (DDM)
NYCOMPS-GO.5346,tt_expressed_not_purified,redesign,0.5324,0.35,0,trim a long extramembrane loop,trim a long extramembrane loop,1% w/v DDM,0.03% w/v DDM (IMAC/SEC),LMNG / DMNG / GDN,fos-choline and PEG as 'stability' detergents (Kotov); glucosides weaker on IMAC (Högbom),Lin/Kotov/Högbom first-line helical IMP extract (DDM)
NYCOMPS-GO.19479,tt_expressed_not_purified,redesign,0.4896,0.35,0,trim a long extramembrane loop,trim a long extramembrane loop,1% w/v DDM,0.03% w/v DDM (IMAC/SEC),LMNG / DMNG / GDN,fos-choline and PEG as 'stability' detergents (Kotov); glucosides weaker on IMAC (Högbom),Lin/Kotov/Högbom first-line helical IMP extract (DDM)
NYCOMPS-GO.22,tt_expressed_not_purified,wrap_rescue,0.4582,0.75,1,,standard purify looks unlikely; termini/TM belt look WRAP-amenable,1% w/v DDM,0.03% w/v DDM (IMAC/SEC),LMNG / DMNG / GDN,fos-choline and PEG as 'stability' detergents (Kotov); glucosides weaker on IMAC (Högbom),Lin/Kotov/Högbom first-line helical IMP extract (DDM)
NYCOMPS-GO.462,tt_expressed_not_purified,deprioritize,0.3948,0.35,0,,"low purify score, not WRAP-amenable, no obvious construct lever",1% w/v DDM,0.03% w/v DDM (IMAC/SEC),LMNG / DMNG / GDN,fos-choline and PEG as 'stability' detergents (Kotov); glucosides weaker on IMAC (Högbom),Lin/Kotov/Högbom first-line helical IMP extract (DDM)
NYCOMPS-GO.19480,tt_expressed_not_purified,wrap_rescue,0.4502,0.55,1,,standard purify looks unlikely; termini/TM belt look WRAP-amenable,1% w/v DDM,0.03% w/v DDM (IMAC/SEC),LMNG / DMNG / GDN,fos-choline and PEG as 'stability' detergents (Kotov); glucosides weaker on IMAC (Högbom),Lin/Kotov/Högbom first-line helical IMP extract (DDM)
NYCOMPS-GO.2209,tt_expressed_not_purified,redesign,0.437,0.35,0,trim a long extramembrane loop,trim a long extramembrane loop,1% w/v DDM,0.03% w/v DDM (IMAC/SEC),LMNG / DMNG / GDN,fos-choline and PEG as 'stability' detergents (Kotov); glucosides weaker on IMAC (Högbom),Lin/Kotov/Högbom first-line helical IMP extract (DDM)
MPP-GO.121155,tt_expressed_not_purified,redesign,0.3971,0.15,0,trim a long extramembrane loop,trim a long extramembrane loop,1% w/v DDM,0.03% w/v DDM (IMAC/SEC),LMNG / DMNG / GDN,fos-choline and PEG as 'stability' detergents (Kotov); glucosides weaker on IMAC (Högbom),Lin/Kotov/Högbom first-line helical IMP extract (DDM)
NYCOMPS-GO.19227,tt_expressed_not_purified,standard,0.6085,0.75,1,trim a long extramembrane loop,sequence resembles TargetTrack purified (given expression),1% w/v DDM,0.03% w/v DDM (IMAC/SEC),LMNG / DMNG / GDN,fos-choline and PEG as 'stability' detergents (Kotov); glucosides weaker on IMAC (Högbom),Lin/Kotov/Högbom first-line helical IMP extract (DDM)
NYCOMPS-GO.3520,tt_expressed_not_purified,deprioritize,0.4488,0.35,0,,"low purify score, not WRAP-amenable, no obvious construct lever",1% w/v DDM,0.03% w/v DDM (IMAC/SEC),LMNG / DMNG / GDN,fos-choline and PEG as 'stability' detergents (Kotov); glucosides weaker on IMAC (Högbom),Lin/Kotov/Högbom first-line helical IMP extract (DDM)
NYCOMPS-GO.14423,tt_expressed_not_purified,standard,0.7317,0.05,0,drop sequons or use a prokaryotic host; trim a long extramembrane loop,sequence resembles TargetTrack purified (given expression),1% w/v DDM,0.03% w/v DDM (IMAC/SEC),LMNG / DMNG / GDN,fos-choline and PEG as 'stability' detergents (Kotov); glucosides weaker on IMAC (Högbom),Lin/Kotov/Högbom first-line helical IMP extract (DDM)
MPP-GO.122241,tt_expressed_not_purified,redesign,0.4604,0.15,0,reduce disulfides / skip eukaryotic folding; trim a long extramembrane loop,reduce disulfides / skip eukaryotic folding; trim a long extramembrane loop,1% w/v DDM,0.03% w/v DDM (IMAC/SEC),LMNG / DMNG / GDN,fos-choline and PEG as 'stability' detergents (Kotov); glucosides weaker on IMAC (Högbom),Lin/Kotov/Högbom first-line helical IMP extract (DDM)
NYCOMPS-GO.2856,tt_expressed_not_purified,wrap_rescue,0.4103,0.75,1,trim a long extramembrane loop,standard purify looks unlikely; termini/TM belt look WRAP-amenable,1% w/v DDM,0.03% w/v DDM (IMAC/SEC),LMNG / DMNG / GDN,fos-choline and PEG as 'stability' detergents (Kotov); glucosides weaker on IMAC (Högbom),Lin/Kotov/Högbom first-line helical IMP extract (DDM)
TransportPDB-0033,tt_expressed_not_purified,redesign,0.5415,0.25,0,drop sequons or use a prokaryotic host; reduce disulfides / skip eukaryotic folding; trim a long extramembrane loop,drop sequons or use a prokaryotic host; reduce disulfides / skip eukaryotic folding; trim a long extramembrane loop,1% w/v DDM,0.03% w/v DDM (IMAC/SEC),LMNG / DMNG / GDN,fos-choline and PEG as 'stability' detergents (Kotov); glucosides weaker on IMAC (Högbom),Lin/Kotov/Högbom first-line helical IMP extract (DDM)
NYCOMPS-GO.1489,tt_expressed_not_purified,wrap_rescue,0.2238,0.95,1,,standard purify looks unlikely; termini/TM belt look WRAP-amenable,1% w/v DDM,0.03% w/v DDM (IMAC/SEC),LMNG / DMNG / GDN,fos-choline and PEG as 'stability' detergents (Kotov); glucosides weaker on IMAC (Högbom),Lin/Kotov/Högbom first-line helical IMP extract (DDM)
NYCOMPS-GO.1313,tt_expressed_not_purified,redesign,0.5394,0.35,0,reduce disulfides / skip eukaryotic folding; trim a long extramembrane loop,reduce disulfides / skip eukaryotic folding; trim a long extramembrane loop,1% w/v DDM,0.03% w/v DDM (IMAC/SEC),LMNG / DMNG / GDN,fos-choline and PEG as 'stability' detergents (Kotov); glucosides weaker on IMAC (Högbom),Lin/Kotov/Högbom first-line helical IMP extract (DDM)
NYCOMPS-GO.14213,tt_expressed_not_purified,wrap_rescue,0.4229,0.75,1,trim a long extramembrane loop,standard purify looks unlikely; termini/TM belt look WRAP-amenable,1% w/v DDM,0.03% w/v DDM (IMAC/SEC),LMNG / DMNG / GDN,fos-choline and PEG as 'stability' detergents (Kotov); glucosides weaker on IMAC (Högbom),Lin/Kotov/Högbom first-line helical IMP extract (DDM)
MPP-GO.94763,tt_expressed_not_purified,deprioritize,0.4612,0.15,0,,"low purify score, not WRAP-amenable, no obvious construct lever",1% w/v DDM,0.03% w/v DDM (IMAC/SEC),LMNG / DMNG / GDN,fos-choline and PEG as 'stability' detergents (Kotov); glucosides weaker on IMAC (Högbom),Lin/Kotov/Högbom first-line helical IMP extract (DDM)
NYCOMPS-GO.1188,tt_expressed_not_purified,standard,0.5812,0.75,1,trim a long extramembrane loop,sequence resembles TargetTrack purified (given expression),1% w/v DDM,0.03% w/v DDM (IMAC/SEC),LMNG / DMNG / GDN,fos-choline and PEG as 'stability' detergents (Kotov); glucosides weaker on IMAC (Högbom),Lin/Kotov/Högbom first-line helical IMP extract (DDM)
NYCOMPS-GO.4689,tt_expressed_not_purified,standard,0.6079,0.25,0,drop sequons or use a prokaryotic host; reduce disulfides / skip eukaryotic folding; trim a long extramembrane loop,sequence resembles TargetTrack purified (given expression),1% w/v DDM,0.03% w/v DDM (IMAC/SEC),LMNG / DMNG / GDN,fos-choline and PEG as 'stability' detergents (Kotov); glucosides weaker on IMAC (Högbom),Lin/Kotov/Högbom first-line helical IMP extract (DDM)
TransportPDB-0081,tt_expressed_not_purified,redesign,0.3426,0.25,0,shorten or split the construct; drop sequons or use a prokaryotic host; reduce disulfides / skip eukaryotic folding; add a fusion-able N- or C-terminus; trim a long extramembrane loop,shorten or split the construct; drop sequons or use a prokaryotic host; reduce disulfides / skip eukaryotic folding; add a fusion-able N- or C-terminus; trim a long extramembrane loop,1% w/v DDM,0.03% w/v DDM (IMAC/SEC),LMNG / DMNG / GDN,fos-choline and PEG as 'stability' detergents (Kotov); glucosides weaker on IMAC (Högbom),Lin/Kotov/Högbom first-line helical IMP extract (DDM)
NYCOMPS-GO.9736,tt_expressed_not_purified,standard,0.5796,0.15,0,,sequence resembles TargetTrack purified (given expression),1% w/v DDM,0.03% w/v DDM (IMAC/SEC),LMNG / DMNG / GDN,fos-choline and PEG as 'stability' detergents (Kotov); glucosides weaker on IMAC (Högbom),Lin/Kotov/Högbom first-line helical IMP extract (DDM)
NYCOMPS-GO.14231,tt_expressed_not_purified,standard,0.6652,0.35,0,reduce disulfides / skip eukaryotic folding; trim a long extramembrane loop,sequence resembles TargetTrack purified (given expression),1% w/v DDM,0.03% w/v DDM (IMAC/SEC),LMNG / DMNG / GDN,fos-choline and PEG as 'stability' detergents (Kotov); glucosides weaker on IMAC (Högbom),Lin/Kotov/Högbom first-line helical IMP extract (DDM)
MPSBC-Tok1pKl,tt_expressed_not_purified,redesign,0.5401,0.45,0,drop sequons or use a prokaryotic host; reduce disulfides / skip eukaryotic folding; trim a long extramembrane loop,drop sequons or use a prokaryotic host; reduce disulfides / skip eukaryotic folding; trim a long extramembrane loop,1% w/v DDM,0.03% w/v DDM (IMAC/SEC),LMNG / DMNG / GDN,fos-choline and PEG as 'stability' detergents (Kotov); glucosides weaker on IMAC (Högbom),Lin/Kotov/Högbom first-line helical IMP extract (DDM)
MPP-GO.123247,tt_expressed_not_purified,redesign,0.2944,0.15,0,reduce disulfides / skip eukaryotic folding; trim a long extramembrane loop,reduce disulfides / skip eukaryotic folding; trim a long extramembrane loop,1% w/v DDM,0.03% w/v DDM (IMAC/SEC),LMNG / DMNG / GDN,fos-choline and PEG as 'stability' detergents (Kotov); glucosides weaker on IMAC (Högbom),Lin/Kotov/Högbom first-line helical IMP extract (DDM)
NYCOMPS-GO.14413,tt_expressed_not_purified,wrap_rescue,0.5375,0.75,1,trim a long extramembrane loop,standard purify looks unlikely; termini/TM belt look WRAP-amenable,1% w/v DDM,0.03% w/v DDM (IMAC/SEC),LMNG / DMNG / GDN,fos-choline and PEG as 'stability' detergents (Kotov); glucosides weaker on IMAC (Högbom),Lin/Kotov/Högbom first-line helical IMP extract (DDM)
MPP-GO.120254,tt_expressed_not_purified,deprioritize,0.4627,0.0,0,,"low purify score, not WRAP-amenable, no obvious construct lever",1% w/v DDM,0.03% w/v DDM (IMAC/SEC),LMNG / DMNG / GDN,fos-choline and PEG as 'stability' detergents (Kotov); glucosides weaker on IMAC (Högbom),Lin/Kotov/Högbom first-line helical IMP extract (DDM)
MPP-GO.111530,tt_expressed_not_purified,redesign,0.4424,0.15,0,reduce disulfides / skip eukaryotic folding; trim a long extramembrane loop,reduce disulfides / skip eukaryotic folding; trim a long extramembrane loop,1% w/v DDM,0.03% w/v DDM (IMAC/SEC),LMNG / DMNG / GDN,fos-choline and PEG as 'stability' detergents (Kotov); glucosides weaker on IMAC (Högbom),Lin/Kotov/Högbom first-line helical IMP extract (DDM)
Q0I2F6,swiss_tm_sample,deprioritize,0.4075,0.15,0,,"low purify score, not WRAP-amenable, no obvious construct lever",1% w/v DDM,0.03% w/v DDM (IMAC/SEC),LMNG / DMNG / GDN,fos-choline and PEG as 'stability' detergents (Kotov); glucosides weaker on IMAC (Högbom),Lin/Kotov/Högbom first-line helical IMP extract (DDM)
P22270,swiss_tm_sample,standard,0.5883,0.55,1,reduce disulfides / skip eukaryotic folding; trim a long extramembrane loop,sequence resembles TargetTrack purified (given expression),1% w/v DDM,0.03% w/v DDM (IMAC/SEC),LMNG / DMNG / GDN,fos-choline and PEG as 'stability' detergents (Kotov); glucosides weaker on IMAC (Högbom),Lin/Kotov/Högbom first-line helical IMP extract (DDM)
Q8CII9,swiss_tm_sample,standard,0.5756,0.55,1,reduce disulfides / skip eukaryotic folding; trim a long extramembrane loop,sequence resembles TargetTrack purified (given expression),1% w/v DDM,0.03% w/v DDM (IMAC/SEC),LMNG / DMNG / GDN,fos-choline and PEG as 'stability' detergents (Kotov); glucosides weaker on IMAC (Högbom),Lin/Kotov/Högbom first-line helical IMP extract (DDM)
P0A5E4,swiss_tm_sample,standard,0.5593,0.15,0,trim a long extramembrane loop,sequence resembles TargetTrack purified (given expression),1% w/v DDM,0.03% w/v DDM (IMAC/SEC),LMNG / DMNG / GDN,fos-choline and PEG as 'stability' detergents (Kotov); glucosides weaker on IMAC (Högbom),Lin/Kotov/Högbom first-line helical IMP extract (DDM)
Q15ZS2,swiss_tm_sample,wrap_rescue,0.5107,0.75,1,trim a long extramembrane loop,standard purify looks unlikely; termini/TM belt look WRAP-amenable,1% w/v DDM,0.03% w/v DDM (IMAC/SEC),LMNG / DMNG / GDN,fos-choline and PEG as 'stability' detergents (Kotov); glucosides weaker on IMAC (Högbom),Lin/Kotov/Högbom first-line helical IMP extract (DDM)
Q5N4D2,swiss_tm_sample,redesign,0.5413,0.35,0,trim a long extramembrane loop,trim a long extramembrane loop,1% w/v DDM,0.03% w/v DDM (IMAC/SEC),LMNG / DMNG / GDN,fos-choline and PEG as 'stability' detergents (Kotov); glucosides weaker on IMAC (Högbom),Lin/Kotov/Högbom first-line helical IMP extract (DDM)
O29565,swiss_tm_sample,redesign,0.3803,0.35,0,trim a long extramembrane loop,trim a long extramembrane loop,1% w/v DDM,0.03% w/v DDM (IMAC/SEC),LMNG / DMNG / GDN,fos-choline and PEG as 'stability' detergents (Kotov); glucosides weaker on IMAC (Högbom),Lin/Kotov/Högbom first-line helical IMP extract (DDM)
P25104,swiss_tm_sample,standard,0.6713,0.65,1,drop sequons or use a prokaryotic host; reduce disulfides / skip eukaryotic folding; trim a long extramembrane loop,sequence resembles TargetTrack purified (given expression),1% w/v DDM,0.03% w/v DDM (IMAC/SEC),LMNG / DMNG / GDN,fos-choline and PEG as 'stability' detergents (Kotov); glucosides weaker on IMAC (Högbom),Lin/Kotov/Högbom first-line helical IMP extract (DDM)
P06755,swiss_tm_sample,standard,0.5799,0.35,0,trim a long extramembrane loop,sequence resembles TargetTrack purified (given expression),1% w/v DDM,0.03% w/v DDM (IMAC/SEC),LMNG / DMNG / GDN,fos-choline and PEG as 'stability' detergents (Kotov); glucosides weaker on IMAC (Högbom),Lin/Kotov/Högbom first-line helical IMP extract (DDM)
P18828,swiss_tm_sample,redesign,0.3343,0.15,0,trim a long extramembrane loop,trim a long extramembrane loop,1% w/v DDM,0.03% w/v DDM (IMAC/SEC),LMNG / DMNG / GDN,fos-choline and PEG as 'stability' detergents (Kotov); glucosides weaker on IMAC (Högbom),Lin/Kotov/Högbom first-line helical IMP extract (DDM)
Q8V3U0,swiss_tm_sample,standard,0.5665,0.15,0,reduce disulfides / skip eukaryotic folding; trim a long extramembrane loop,sequence resembles TargetTrack purified (given expression),1% w/v DDM,0.03% w/v DDM (IMAC/SEC),LMNG / DMNG / GDN,fos-choline and PEG as 'stability' detergents (Kotov); glucosides weaker on IMAC (Högbom),Lin/Kotov/Högbom first-line helical IMP extract (DDM)
Q8HEC0,swiss_tm_sample,wrap_rescue,0.3658,0.75,1,,standard purify looks unlikely; termini/TM belt look WRAP-amenable,1% w/v DDM,0.03% w/v DDM (IMAC/SEC),LMNG / DMNG / GDN,fos-choline and PEG as 'stability' detergents (Kotov); glucosides weaker on IMAC (Högbom),Lin/Kotov/Högbom first-line helical IMP extract (DDM)
Q74TF8,swiss_tm_sample,standard,0.6303,0.35,0,,sequence resembles TargetTrack purified (given expression),1% w/v DDM,0.03% w/v DDM (IMAC/SEC),LMNG / DMNG / GDN,fos-choline and PEG as 'stability' detergents (Kotov); glucosides weaker on IMAC (Högbom),Lin/Kotov/Högbom first-line helical IMP extract (DDM)
A0A023PZB8,swiss_tm_sample,deprioritize,0.3613,0.35,0,,"low purify score, not WRAP-amenable, no obvious construct lever",1% w/v DDM,0.03% w/v DDM (IMAC/SEC),LMNG / DMNG / GDN,fos-choline and PEG as 'stability' detergents (Kotov); glucosides weaker on IMAC (Högbom),Lin/Kotov/Högbom first-line helical IMP extract (DDM)
Q7M750,swiss_tm_sample,deprioritize,0.3419,0.15,0,,"low purify score, not WRAP-amenable, no obvious construct lever",1% w/v DDM,0.03% w/v DDM (IMAC/SEC),LMNG / DMNG / GDN,fos-choline and PEG as 'stability' detergents (Kotov); glucosides weaker on IMAC (Högbom),Lin/Kotov/Högbom first-line helical IMP extract (DDM)
Q6GMK6,swiss_tm_sample,standard,0.6398,0.75,1,reduce disulfides / skip eukaryotic folding,sequence resembles TargetTrack purified (given expression),1% w/v DDM,0.03% w/v DDM (IMAC/SEC),LMNG / DMNG / GDN,fos-choline and PEG as 'stability' detergents (Kotov); glucosides weaker on IMAC (Högbom),Lin/Kotov/Högbom first-line helical IMP extract (DDM)
P0DXU9,swiss_tm_sample,standard,0.6156,0.45,0,drop sequons or use a prokaryotic host; trim a long extramembrane loop,sequence resembles TargetTrack purified (given expression),1% w/v DDM,0.03% w/v DDM (IMAC/SEC),LMNG / DMNG / GDN,fos-choline and PEG as 'stability' detergents (Kotov); glucosides weaker on IMAC (Högbom),Lin/Kotov/Högbom first-line helical IMP extract (DDM)
Q53P98,swiss_tm_sample,standard,0.6626,0.65,1,drop sequons or use a prokaryotic host; reduce disulfides / skip eukaryotic folding; trim a long extramembrane loop,sequence resembles TargetTrack purified (given expression),1% w/v DDM,0.03% w/v DDM (IMAC/SEC),LMNG / DMNG / GDN,fos-choline and PEG as 'stability' detergents (Kotov); glucosides weaker on IMAC (Högbom),Lin/Kotov/Högbom first-line helical IMP extract (DDM)
P01849,swiss_tm_sample,standard,0.6815,0.15,0,,sequence resembles TargetTrack purified (given expression),1% w/v DDM,0.03% w/v DDM (IMAC/SEC),LMNG / DMNG / GDN,fos-choline and PEG as 'stability' detergents (Kotov); glucosides weaker on IMAC (Högbom),Lin/Kotov/Högbom first-line helical IMP extract (DDM)
P53943,swiss_tm_sample,redesign,0.4643,0.15,0,reduce disulfides / skip eukaryotic folding; trim a long extramembrane loop,reduce disulfides / skip eukaryotic folding; trim a long extramembrane loop,1% w/v DDM,0.03% w/v DDM (IMAC/SEC),LMNG / DMNG / GDN,fos-choline and PEG as 'stability' detergents (Kotov); glucosides weaker on IMAC (Högbom),Lin/Kotov/Högbom first-line helical IMP extract (DDM)
O08705,swiss_tm_sample,standard,0.5719,0.25,0,drop sequons or use a prokaryotic host; reduce disulfides / skip eukaryotic folding; trim a long extramembrane loop,sequence resembles TargetTrack purified (given expression),1% w/v DDM,0.03% w/v DDM (IMAC/SEC),LMNG / DMNG / GDN,fos-choline and PEG as 'stability' detergents (Kotov); glucosides weaker on IMAC (Högbom),Lin/Kotov/Högbom first-line helical IMP extract (DDM)
Q323M3,swiss_tm_sample,wrap_rescue,0.5376,0.55,1,add a fusion-able N- or C-terminus; trim a long extramembrane loop,standard purify looks unlikely; termini/TM belt look WRAP-amenable,1% w/v DDM,0.03% w/v DDM (IMAC/SEC),LMNG / DMNG / GDN,fos-choline and PEG as 'stability' detergents (Kotov); glucosides weaker on IMAC (Högbom),Lin/Kotov/Högbom first-line helical IMP extract (DDM)
O08888,swiss_tm_sample,redesign,0.5366,0.15,0,reduce disulfides / skip eukaryotic folding; trim a long extramembrane loop,reduce disulfides / skip eukaryotic folding; trim a long extramembrane loop,1% w/v DDM,0.03% w/v DDM (IMAC/SEC),LMNG / DMNG / GDN,fos-choline and PEG as 'stability' detergents (Kotov); glucosides weaker on IMAC (Högbom),Lin/Kotov/Högbom first-line helical IMP extract (DDM)
Q54C67,swiss_tm_sample,standard,0.7561,0.45,0,drop sequons or use a prokaryotic host; reduce disulfides / skip eukaryotic folding; add a fusion-able N- or C-terminus; trim a long extramembrane loop,sequence resembles TargetTrack purified (given expression),1% w/v DDM,0.03% w/v DDM (IMAC/SEC),LMNG / DMNG / GDN,fos-choline and PEG as 'stability' detergents (Kotov); glucosides weaker on IMAC (Högbom),Lin/Kotov/Högbom first-line helical IMP extract (DDM)
Q0A3Q8,swiss_tm_sample,deprioritize,0.389,0.15,0,,"low purify score, not WRAP-amenable, no obvious construct lever",1% w/v DDM,0.03% w/v DDM (IMAC/SEC),LMNG / DMNG / GDN,fos-choline and PEG as 'stability' detergents (Kotov); glucosides weaker on IMAC (Högbom),Lin/Kotov/Högbom first-line helical IMP extract (DDM)
B0T0X6,swiss_tm_sample,wrap_rescue,0.5191,0.75,1,,standard purify looks unlikely; termini/TM belt look WRAP-amenable,1% w/v DDM,0.03% w/v DDM (IMAC/SEC),LMNG / DMNG / GDN,fos-choline and PEG as 'stability' detergents (Kotov); glucosides weaker on IMAC (Högbom),Lin/Kotov/Högbom first-line helical IMP extract (DDM)
Q8C9E8,swiss_tm_sample,standard,0.5799,0.55,1,reduce disulfides / skip eukaryotic folding,sequence resembles TargetTrack purified (given expression),1% w/v DDM,0.03% w/v DDM (IMAC/SEC),LMNG / DMNG / GDN,fos-choline and PEG as 'stability' detergents (Kotov); glucosides weaker on IMAC (Högbom),Lin/Kotov/Högbom first-line helical IMP extract (DDM)
Q92I65,swiss_tm_sample,standard,0.5867,0.55,1,,sequence resembles TargetTrack purified (given expression),1% w/v DDM,0.03% w/v DDM (IMAC/SEC),LMNG / DMNG / GDN,fos-choline and PEG as 'stability' detergents (Kotov); glucosides weaker on IMAC (Högbom),Lin/Kotov/Högbom first-line helical IMP extract (DDM)
A0A0F7TN11,swiss_tm_sample,redesign,0.5109,0.15,0,reduce disulfides / skip eukaryotic folding; trim a long extramembrane loop,reduce disulfides / skip eukaryotic folding; trim a long extramembrane loop,1% w/v DDM,0.03% w/v DDM (IMAC/SEC),LMNG / DMNG / GDN,fos-choline and PEG as 'stability' detergents (Kotov); glucosides weaker on IMAC (Högbom),Lin/Kotov/Högbom first-line helical IMP extract (DDM)
Q9SFG0,swiss_tm_sample,wrap_rescue,0.5019,0.75,1,reduce disulfides / skip eukaryotic folding; trim a long extramembrane loop,standard purify looks unlikely; termini/TM belt look WRAP-amenable,1% w/v DDM,0.03% w/v DDM (IMAC/SEC),LMNG / DMNG / GDN,fos-choline and PEG as 'stability' detergents (Kotov); glucosides weaker on IMAC (Högbom),Lin/Kotov/Högbom first-line helical IMP extract (DDM)
B2FPA5,swiss_tm_sample,standard,0.5741,0.15,0,trim a long extramembrane loop,sequence resembles TargetTrack purified (given expression),1% w/v DDM,0.03% w/v DDM (IMAC/SEC),LMNG / DMNG / GDN,fos-choline and PEG as 'stability' detergents (Kotov); glucosides weaker on IMAC (Högbom),Lin/Kotov/Högbom first-line helical IMP extract (DDM)
Q67P10,swiss_tm_sample,wrap_rescue,0.477,0.75,1,add a fusion-able N- or C-terminus; trim a long extramembrane loop,standard purify looks unlikely; termini/TM belt look WRAP-amenable,1% w/v DDM,0.03% w/v DDM (IMAC/SEC),LMNG / DMNG / GDN,fos-choline and PEG as 'stability' detergents (Kotov); glucosides weaker on IMAC (Högbom),Lin/Kotov/Högbom first-line helical IMP extract (DDM)
Q56587,swiss_tm_sample,redesign,0.5475,0.35,0,trim a long extramembrane loop,trim a long extramembrane loop,1% w/v DDM,0.03% w/v DDM (IMAC/SEC),LMNG / DMNG / GDN,fos-choline and PEG as 'stability' detergents (Kotov); glucosides weaker on IMAC (Högbom),Lin/Kotov/Högbom first-line helical IMP extract (DDM)
O28933,swiss_tm_sample,wrap_rescue,0.493,0.75,1,,standard purify looks unlikely; termini/TM belt look WRAP-amenable,1% w/v DDM,0.03% w/v DDM (IMAC/SEC),LMNG / DMNG / GDN,fos-choline and PEG as 'stability' detergents (Kotov); glucosides weaker on IMAC (Högbom),Lin/Kotov/Högbom first-line helical IMP extract (DDM)
Q0P4J9,swiss_tm_sample,standard,0.5807,0.35,0,reduce disulfides / skip eukaryotic folding; trim a long extramembrane loop,sequence resembles TargetTrack purified (given expression),1% w/v DDM,0.03% w/v DDM (IMAC/SEC),LMNG / DMNG / GDN,fos-choline and PEG as 'stability' detergents (Kotov); glucosides weaker on IMAC (Högbom),Lin/Kotov/Högbom first-line helical IMP extract (DDM)
Q9XH75,swiss_tm_sample,redesign,0.3815,0.05,0,drop sequons or use a prokaryotic host; trim a long extramembrane loop,drop sequons or use a prokaryotic host; trim a long extramembrane loop,1% w/v DDM,0.03% w/v DDM (IMAC/SEC),LMNG / DMNG / GDN,fos-choline and PEG as 'stability' detergents (Kotov); glucosides weaker on IMAC (Högbom),Lin/Kotov/Högbom first-line helical IMP extract (DDM)
A6ZNZ1,swiss_tm_sample,standard,0.728,0.05,0,drop sequons or use a prokaryotic host; trim a long extramembrane loop,sequence resembles TargetTrack purified (given expression),1% w/v DDM,0.03% w/v DDM (IMAC/SEC),LMNG / DMNG / GDN,fos-choline and PEG as 'stability' detergents (Kotov); glucosides weaker on IMAC (Högbom),Lin/Kotov/Högbom first-line helical IMP extract (DDM)
A5DTQ6,swiss_tm_sample,redesign,0.3602,0.15,0,trim a long extramembrane loop,trim a long extramembrane loop,1% w/v DDM,0.03% w/v DDM (IMAC/SEC),LMNG / DMNG / GDN,fos-choline and PEG as 'stability' detergents (Kotov); glucosides weaker on IMAC (Högbom),Lin/Kotov/Högbom first-line helical IMP extract (DDM)
Q46HC2,swiss_tm_sample,deprioritize,0.2776,0.8,0,,"low purify score, not WRAP-amenable, no obvious construct lever",1% w/v DDM,0.03% w/v DDM (IMAC/SEC),LMNG / DMNG / GDN,fos-choline and PEG as 'stability' detergents (Kotov); glucosides weaker on IMAC (Högbom),Lin/Kotov/Högbom first-line helical IMP extract (DDM)
G2TRR0,swiss_tm_sample,standard,0.7394,0.0,0,,sequence resembles TargetTrack purified (given expression),1% w/v DDM,0.03% w/v DDM (IMAC/SEC),LMNG / DMNG / GDN,fos-choline and PEG as 'stability' detergents (Kotov); glucosides weaker on IMAC (Högbom),Lin/Kotov/Högbom first-line helical IMP extract (DDM)
Q6ZMH5,swiss_tm_sample,redesign,0.3224,0.05,0,drop sequons or use a prokaryotic host; reduce disulfides / skip eukaryotic folding; trim a long extramembrane loop,drop sequons or use a prokaryotic host; reduce disulfides / skip eukaryotic folding; trim a long extramembrane loop,1% w/v DDM,0.03% w/v DDM (IMAC/SEC),LMNG / DMNG / GDN,fos-choline and PEG as 'stability' detergents (Kotov); glucosides weaker on IMAC (Högbom),Lin/Kotov/Högbom first-line helical IMP extract (DDM)
Q8JG70,swiss_tm_sample,standard,0.6897,0.45,0,drop sequons or use a prokaryotic host; reduce disulfides / skip eukaryotic folding; trim a long extramembrane loop,sequence resembles TargetTrack purified (given expression),1% w/v DDM,0.03% w/v DDM (IMAC/SEC),LMNG / DMNG / GDN,fos-choline and PEG as 'stability' detergents (Kotov); glucosides weaker on IMAC (Högbom),Lin/Kotov/Högbom first-line helical IMP extract (DDM)
O48009,swiss_tm_sample,redesign,0.5173,0.35,0,trim a long extramembrane loop,trim a long extramembrane loop,1% w/v DDM,0.03% w/v DDM (IMAC/SEC),LMNG / DMNG / GDN,fos-choline and PEG as 'stability' detergents (Kotov); glucosides weaker on IMAC (Högbom),Lin/Kotov/Högbom first-line helical IMP extract (DDM)
A0A161GJD5,swiss_tm_sample,redesign,0.3923,0.15,0,trim a long extramembrane loop,trim a long extramembrane loop,1% w/v DDM,0.03% w/v DDM (IMAC/SEC),LMNG / DMNG / GDN,fos-choline and PEG as 'stability' detergents (Kotov); glucosides weaker on IMAC (Högbom),Lin/Kotov/Högbom first-line helical IMP extract (DDM)
A1SSQ9,swiss_tm_sample,deprioritize,0.3522,0.15,0,,"low purify score, not WRAP-amenable, no obvious construct lever",1% w/v DDM,0.03% w/v DDM (IMAC/SEC),LMNG / DMNG / GDN,fos-choline and PEG as 'stability' detergents (Kotov); glucosides weaker on IMAC (Högbom),Lin/Kotov/Högbom first-line helical IMP extract (DDM)
Q555X4,swiss_tm_sample,standard,0.6266,0.15,0,trim a long extramembrane loop,sequence resembles TargetTrack purified (given expression),1% w/v DDM,0.03% w/v DDM (IMAC/SEC),LMNG / DMNG / GDN,fos-choline and PEG as 'stability' detergents (Kotov); glucosides weaker on IMAC (Högbom),Lin/Kotov/Högbom first-line helical IMP extract (DDM)
Q5XEZ0,swiss_tm_sample,standard,0.58,0.35,0,trim a long extramembrane loop,sequence resembles TargetTrack purified (given expression),1% w/v DDM,0.03% w/v DDM (IMAC/SEC),LMNG / DMNG / GDN,fos-choline and PEG as 'stability' detergents (Kotov); glucosides weaker on IMAC (Högbom),Lin/Kotov/Högbom first-line helical IMP extract (DDM)
P68324,swiss_tm_sample,standard,0.8712,0.45,0,drop sequons or use a prokaryotic host; reduce disulfides / skip eukaryotic folding; trim a long extramembrane loop,sequence resembles TargetTrack purified (given expression),1% w/v DDM,0.03% w/v DDM (IMAC/SEC),LMNG / DMNG / GDN,fos-choline and PEG as 'stability' detergents (Kotov); glucosides weaker on IMAC (Högbom),Lin/Kotov/Högbom first-line helical IMP extract (DDM)
P0CC65,swiss_tm_sample,redesign,0.4262,0.35,0,reduce disulfides / skip eukaryotic folding; trim a long extramembrane loop,reduce disulfides / skip eukaryotic folding; trim a long extramembrane loop,1% w/v DDM,0.03% w/v DDM (IMAC/SEC),LMNG / DMNG / GDN,fos-choline and PEG as 'stability' detergents (Kotov); glucosides weaker on IMAC (Högbom),Lin/Kotov/Högbom first-line helical IMP extract (DDM)
Q6IF99,swiss_tm_sample,standard,0.6511,0.75,1,reduce disulfides / skip eukaryotic folding,sequence resembles TargetTrack purified (given expression),1% w/v DDM,0.03% w/v DDM (IMAC/SEC),LMNG / DMNG / GDN,fos-choline and PEG as 'stability' detergents (Kotov); glucosides weaker on IMAC (Högbom),Lin/Kotov/Högbom first-line helical IMP extract (DDM)
P81918,swiss_tm_sample,standard,0.5984,0.35,0,reduce disulfides / skip eukaryotic folding; trim a long extramembrane loop,sequence resembles TargetTrack purified (given expression),1% w/v DDM,0.03% w/v DDM (IMAC/SEC),LMNG / DMNG / GDN,fos-choline and PEG as 'stability' detergents (Kotov); glucosides weaker on IMAC (Högbom),Lin/Kotov/Högbom first-line helical IMP extract (DDM)
Q88CB9,swiss_tm_sample,redesign,0.4606,0.35,0,trim a long extramembrane loop,trim a long extramembrane loop,1% w/v DDM,0.03% w/v DDM (IMAC/SEC),LMNG / DMNG / GDN,fos-choline and PEG as 'stability' detergents (Kotov); glucosides weaker on IMAC (Högbom),Lin/Kotov/Högbom first-line helical IMP extract (DDM)
Q5WB61,swiss_tm_sample,deprioritize,0.3143,0.35,0,,"low purify score, not WRAP-amenable, no obvious construct lever",1% w/v DDM,0.03% w/v DDM (IMAC/SEC),LMNG / DMNG / GDN,fos-choline and PEG as 'stability' detergents (Kotov); glucosides weaker on IMAC (Högbom),Lin/Kotov/Högbom first-line helical IMP extract (DDM)
P50675,swiss_tm_sample,standard,0.5638,0.15,0,,sequence resembles TargetTrack purified (given expression),1% w/v DDM,0.03% w/v DDM (IMAC/SEC),LMNG / DMNG / GDN,fos-choline and PEG as 'stability' detergents (Kotov); glucosides weaker on IMAC (Högbom),Lin/Kotov/Högbom first-line helical IMP extract (DDM)
Q76KB2,swiss_tm_sample,redesign,0.516,0.05,0,drop sequons or use a prokaryotic host; reduce disulfides / skip eukaryotic folding; trim a long extramembrane loop,drop sequons or use a prokaryotic host; reduce disulfides / skip eukaryotic folding; trim a long extramembrane loop,1% w/v DDM,0.03% w/v DDM (IMAC/SEC),LMNG / DMNG / GDN,fos-choline and PEG as 'stability' detergents (Kotov); glucosides weaker on IMAC (Högbom),Lin/Kotov/Högbom first-line helical IMP extract (DDM)
O47679,swiss_tm_sample,standard,0.5762,0.15,0,,sequence resembles TargetTrack purified (given expression),1% w/v DDM,0.03% w/v DDM (IMAC/SEC),LMNG / DMNG / GDN,fos-choline and PEG as 'stability' detergents (Kotov); glucosides weaker on IMAC (Högbom),Lin/Kotov/Högbom first-line helical IMP extract (DDM)
A2ZI32,swiss_tm_sample,redesign,0.5447,0.15,0,trim a long extramembrane loop,trim a long extramembrane loop,1% w/v DDM,0.03% w/v DDM (IMAC/SEC),LMNG / DMNG / GDN,fos-choline and PEG as 'stability' detergents (Kotov); glucosides weaker on IMAC (Högbom),Lin/Kotov/Högbom first-line helical IMP extract (DDM)
P51882,swiss_tm_sample,standard,0.632,0.45,0,drop sequons or use a prokaryotic host; reduce disulfides / skip eukaryotic folding; trim a long extramembrane loop,sequence resembles TargetTrack purified (given expression),1% w/v DDM,0.03% w/v DDM (IMAC/SEC),LMNG / DMNG / GDN,fos-choline and PEG as 'stability' detergents (Kotov); glucosides weaker on IMAC (Högbom),Lin/Kotov/Högbom first-line helical IMP extract (DDM)
Q8NGI1,swiss_tm_sample,standard,0.5731,0.35,0,reduce disulfides / skip eukaryotic folding; trim a long extramembrane loop,sequence resembles TargetTrack purified (given expression),1% w/v DDM,0.03% w/v DDM (IMAC/SEC),LMNG / DMNG / GDN,fos-choline and PEG as 'stability' detergents (Kotov); glucosides weaker on IMAC (Högbom),Lin/Kotov/Högbom first-line helical IMP extract (DDM)
P31356,swiss_tm_sample,redesign,0.4812,0.15,0,reduce disulfides / skip eukaryotic folding; trim a long extramembrane loop,reduce disulfides / skip eukaryotic folding; trim a long extramembrane loop,1% w/v DDM,0.03% w/v DDM (IMAC/SEC),LMNG / DMNG / GDN,fos-choline and PEG as 'stability' detergents (Kotov); glucosides weaker on IMAC (Högbom),Lin/Kotov/Högbom first-line helical IMP extract (DDM)
I1RT23,swiss_tm_sample,deprioritize,0.3311,0.15,0,,"low purify score, not WRAP-amenable, no obvious construct lever",1% w/v DDM,0.03% w/v DDM (IMAC/SEC),LMNG / DMNG / GDN,fos-choline and PEG as 'stability' detergents (Kotov); glucosides weaker on IMAC (Högbom),Lin/Kotov/Högbom first-line helical IMP extract (DDM)
Q9DCQ3,swiss_tm_sample,wrap_rescue,0.1896,0.95,1,,standard purify looks unlikely; termini/TM belt look WRAP-amenable,1% w/v DDM,0.03% w/v DDM (IMAC/SEC),LMNG / DMNG / GDN,fos-choline and PEG as 'stability' detergents (Kotov); glucosides weaker on IMAC (Högbom),Lin/Kotov/Högbom first-line helical IMP extract (DDM)
A0A023PXF8,swiss_tm_sample,redesign,0.4441,0.15,0,reduce disulfides / skip eukaryotic folding,reduce disulfides / skip eukaryotic folding,1% w/v DDM,0.03% w/v DDM (IMAC/SEC),LMNG / DMNG / GDN,fos-choline and PEG as 'stability' detergents (Kotov); glucosides weaker on IMAC (Högbom),Lin/Kotov/Högbom first-line helical IMP extract (DDM)
Q5BK09,swiss_tm_sample,standard,0.5539,0.35,0,trim a long extramembrane loop,sequence resembles TargetTrack purified (given expression),1% w/v DDM,0.03% w/v DDM (IMAC/SEC),LMNG / DMNG / GDN,fos-choline and PEG as 'stability' detergents (Kotov); glucosides weaker on IMAC (Högbom),Lin/Kotov/Högbom first-line helical IMP extract (DDM)
Q9H1D0,swiss_tm_sample,redesign,0.4916,0.15,0,reduce disulfides / skip eukaryotic folding; trim a long extramembrane loop,reduce disulfides / skip eukaryotic folding; trim a long extramembrane loop,1% w/v DDM,0.03% w/v DDM (IMAC/SEC),LMNG / DMNG / GDN,fos-choline and PEG as 'stability' detergents (Kotov); glucosides weaker on IMAC (Högbom),Lin/Kotov/Högbom first-line helical IMP extract (DDM)
A5DS09,swiss_tm_sample,deprioritize,0.3779,0.15,0,,"low purify score, not WRAP-amenable, no obvious construct lever",1% w/v DDM,0.03% w/v DDM (IMAC/SEC),LMNG / DMNG / GDN,fos-choline and PEG as 'stability' detergents (Kotov); glucosides weaker on IMAC (Högbom),Lin/Kotov/Högbom first-line helical IMP extract (DDM)
Q9XNV4,swiss_tm_sample,standard,0.6058,0.25,0,drop sequons or use a prokaryotic host; trim a long extramembrane loop,sequence resembles TargetTrack purified (given expression),1% w/v DDM,0.03% w/v DDM (IMAC/SEC),LMNG / DMNG / GDN,fos-choline and PEG as 'stability' detergents (Kotov); glucosides weaker on IMAC (Högbom),Lin/Kotov/Högbom first-line helical IMP extract (DDM)
P32839,swiss_tm_sample,standard,0.6226,0.05,0,drop sequons or use a prokaryotic host; trim a long extramembrane loop,sequence resembles TargetTrack purified (given expression),1% w/v DDM,0.03% w/v DDM (IMAC/SEC),LMNG / DMNG / GDN,fos-choline and PEG as 'stability' detergents (Kotov); glucosides weaker on IMAC (Högbom),Lin/Kotov/Högbom first-line helical IMP extract (DDM)
P45675,swiss_tm_sample,wrap_rescue,0.5262,0.55,1,add a fusion-able N- or C-terminus; trim a long extramembrane loop,standard purify looks unlikely; termini/TM belt look WRAP-amenable,1% w/v DDM,0.03% w/v DDM (IMAC/SEC),LMNG / DMNG / GDN,fos-choline and PEG as 'stability' detergents (Kotov); glucosides weaker on IMAC (Högbom),Lin/Kotov/Högbom first-line helical IMP extract (DDM)
Q08205,swiss_tm_sample,deprioritize,0.3634,0.15,0,,"low purify score, not WRAP-amenable, no obvious construct lever",1% w/v DDM,0.03% w/v DDM (IMAC/SEC),LMNG / DMNG / GDN,fos-choline and PEG as 'stability' detergents (Kotov); glucosides weaker on IMAC (Högbom),Lin/Kotov/Högbom first-line helical IMP extract (DDM)
Q12HP5,swiss_tm_sample,standard,0.6041,0.75,1,,sequence resembles TargetTrack purified (given expression),1% w/v DDM,0.03% w/v DDM (IMAC/SEC),LMNG / DMNG / GDN,fos-choline and PEG as 'stability' detergents (Kotov); glucosides weaker on IMAC (Högbom),Lin/Kotov/Högbom first-line helical IMP extract (DDM)
P45037,swiss_tm_sample,standard,0.5529,0.25,0,drop sequons or use a prokaryotic host; trim a long extramembrane loop,sequence resembles TargetTrack purified (given expression),1% w/v DDM,0.03% w/v DDM (IMAC/SEC),LMNG / DMNG / GDN,fos-choline and PEG as 'stability' detergents (Kotov); glucosides weaker on IMAC (Högbom),Lin/Kotov/Högbom first-line helical IMP extract (DDM)
P78536,swiss_tm_sample,standard,0.5756,0.05,0,drop sequons or use a prokaryotic host; reduce disulfides / skip eukaryotic folding; trim a long extramembrane loop,sequence resembles TargetTrack purified (given expression),1% w/v DDM,0.03% w/v DDM (IMAC/SEC),LMNG / DMNG / GDN,fos-choline and PEG as 'stability' detergents (Kotov); glucosides weaker on IMAC (Högbom),Lin/Kotov/Högbom first-line helical IMP extract (DDM)
Q6MS90,swiss_tm_sample,deprioritize,0.4973,0.15,0,,"low purify score, not WRAP-amenable, no obvious construct lever",1% w/v DDM,0.03% w/v DDM (IMAC/SEC),LMNG / DMNG / GDN,fos-choline and PEG as 'stability' detergents (Kotov); glucosides weaker on IMAC (Högbom),Lin/Kotov/Högbom first-line helical IMP extract (DDM)
Q4L4W5,swiss_tm_sample,standard,0.5921,0.95,1,,sequence resembles TargetTrack purified (given expression),1% w/v DDM,0.03% w/v DDM (IMAC/SEC),LMNG / DMNG / GDN,fos-choline and PEG as 'stability' detergents (Kotov); glucosides weaker on IMAC (Högbom),Lin/Kotov/Högbom first-line helical IMP extract (DDM)
Q8YYI9,swiss_tm_sample,redesign,0.4405,0.15,0,trim a long extramembrane loop,trim a long extramembrane loop,1% w/v DDM,0.03% w/v DDM (IMAC/SEC),LMNG / DMNG / GDN,fos-choline and PEG as 'stability' detergents (Kotov); glucosides weaker on IMAC (Högbom),Lin/Kotov/Högbom first-line helical IMP extract (DDM)
P58734,swiss_tm_sample,redesign,0.4528,0.35,0,trim a long extramembrane loop,trim a long extramembrane loop,1% w/v DDM,0.03% w/v DDM (IMAC/SEC),LMNG / DMNG / GDN,fos-choline and PEG as 'stability' detergents (Kotov); glucosides weaker on IMAC (Högbom),Lin/Kotov/Högbom first-line helical IMP extract (DDM)
Q5SGD2,swiss_tm_sample,redesign,0.4766,0.05,0,drop sequons or use a prokaryotic host; trim a long extramembrane loop,drop sequons or use a prokaryotic host; trim a long extramembrane loop,1% w/v DDM,0.03% w/v DDM (IMAC/SEC),LMNG / DMNG / GDN,fos-choline and PEG as 'stability' detergents (Kotov); glucosides weaker on IMAC (Högbom),Lin/Kotov/Högbom first-line helical IMP extract (DDM)
P45459,swiss_tm_sample,deprioritize,0.4748,0.15,0,,"low purify score, not WRAP-amenable, no obvious construct lever",1% w/v DDM,0.03% w/v DDM (IMAC/SEC),LMNG / DMNG / GDN,fos-choline and PEG as 'stability' detergents (Kotov); glucosides weaker on IMAC (Högbom),Lin/Kotov/Högbom first-line helical IMP extract (DDM)
A5GFW8,swiss_tm_sample,redesign,0.5111,0.05,0,drop sequons or use a prokaryotic host; reduce disulfides / skip eukaryotic folding; trim a long extramembrane loop,drop sequons or use a prokaryotic host; reduce disulfides / skip eukaryotic folding; trim a long extramembrane loop,1% w/v DDM,0.03% w/v DDM (IMAC/SEC),LMNG / DMNG / GDN,fos-choline and PEG as 'stability' detergents (Kotov); glucosides weaker on IMAC (Högbom),Lin/Kotov/Högbom first-line helical IMP extract (DDM)
P27022,swiss_tm_sample,standard,0.6647,0.05,0,drop sequons or use a prokaryotic host; trim a long extramembrane loop,sequence resembles TargetTrack purified (given expression),1% w/v DDM,0.03% w/v DDM (IMAC/SEC),LMNG / DMNG / GDN,fos-choline and PEG as 'stability' detergents (Kotov); glucosides weaker on IMAC (Högbom),Lin/Kotov/Högbom first-line helical IMP extract (DDM)
Q8NFR3,swiss_tm_sample,standard,0.6758,0.2,0,,sequence resembles TargetTrack purified (given expression),1% w/v DDM,0.03% w/v DDM (IMAC/SEC),LMNG / DMNG / GDN,fos-choline and PEG as 'stability' detergents (Kotov); glucosides weaker on IMAC (Högbom),Lin/Kotov/Högbom first-line helical IMP extract (DDM)
Q4JQH7,swiss_tm_sample,standard,0.6086,0.35,0,trim a long extramembrane loop,sequence resembles TargetTrack purified (given expression),1% w/v DDM,0.03% w/v DDM (IMAC/SEC),LMNG / DMNG / GDN,fos-choline and PEG as 'stability' detergents (Kotov); glucosides weaker on IMAC (Högbom),Lin/Kotov/Högbom first-line helical IMP extract (DDM)
Q9FWV6,swiss_tm_sample,redesign,0.4318,0.35,0,trim a long extramembrane loop,trim a long extramembrane loop,1% w/v DDM,0.03% w/v DDM (IMAC/SEC),LMNG / DMNG / GDN,fos-choline and PEG as 'stability' detergents (Kotov); glucosides weaker on IMAC (Högbom),Lin/Kotov/Högbom first-line helical IMP extract (DDM)
O48043,swiss_tm_sample,standard,0.606,0.35,0,trim a long extramembrane loop,sequence resembles TargetTrack purified (given expression),1% w/v DDM,0.03% w/v DDM (IMAC/SEC),LMNG / DMNG / GDN,fos-choline and PEG as 'stability' detergents (Kotov); glucosides weaker on IMAC (Högbom),Lin/Kotov/Högbom first-line helical IMP extract (DDM)
Q03R31,swiss_tm_sample,wrap_rescue,0.5383,0.55,1,trim a long extramembrane loop,standard purify looks unlikely; termini/TM belt look WRAP-amenable,1% w/v DDM,0.03% w/v DDM (IMAC/SEC),LMNG / DMNG / GDN,fos-choline and PEG as 'stability' detergents (Kotov); glucosides weaker on IMAC (Högbom),Lin/Kotov/Högbom first-line helical IMP extract (DDM)
P22185,swiss_tm_sample,redesign,0.4385,0.15,0,trim a long extramembrane loop,trim a long extramembrane loop,1% w/v DDM,0.03% w/v DDM (IMAC/SEC),LMNG / DMNG / GDN,fos-choline and PEG as 'stability' detergents (Kotov); glucosides weaker on IMAC (Högbom),Lin/Kotov/Högbom first-line helical IMP extract (DDM)
O74368,swiss_tm_sample,redesign,0.5427,0.05,0,drop sequons or use a prokaryotic host; trim a long extramembrane loop,drop sequons or use a prokaryotic host; trim a long extramembrane loop,1% w/v DDM,0.03% w/v DDM (IMAC/SEC),LMNG / DMNG / GDN,fos-choline and PEG as 'stability' detergents (Kotov); glucosides weaker on IMAC (Högbom),Lin/Kotov/Högbom first-line helical IMP extract (DDM)
Q02221,swiss_tm_sample,deprioritize,0.3568,0.15,0,,"low purify score, not WRAP-amenable, no obvious construct lever",1% w/v DDM,0.03% w/v DDM (IMAC/SEC),LMNG / DMNG / GDN,fos-choline and PEG as 'stability' detergents (Kotov); glucosides weaker on IMAC (Högbom),Lin/Kotov/Högbom first-line helical IMP extract (DDM)
Q5V1N0,swiss_tm_sample,redesign,0.5319,0.35,0,trim a long extramembrane loop,trim a long extramembrane loop,1% w/v DDM,0.03% w/v DDM (IMAC/SEC),LMNG / DMNG / GDN,fos-choline and PEG as 'stability' detergents (Kotov); glucosides weaker on IMAC (Högbom),Lin/Kotov/Högbom first-line helical IMP extract (DDM)
A9N7B4,swiss_tm_sample,deprioritize,0.4843,0.35,0,,"low purify score, not WRAP-amenable, no obvious construct lever",1% w/v DDM,0.03% w/v DDM (IMAC/SEC),LMNG / DMNG / GDN,fos-choline and PEG as 'stability' detergents (Kotov); glucosides weaker on IMAC (Högbom),Lin/Kotov/Högbom first-line helical IMP extract (DDM)
Q59550,swiss_tm_sample,deprioritize,0.4005,0.35,0,,"low purify score, not WRAP-amenable, no obvious construct lever",1% w/v DDM,0.03% w/v DDM (IMAC/SEC),LMNG / DMNG / GDN,fos-choline and PEG as 'stability' detergents (Kotov); glucosides weaker on IMAC (Högbom),Lin/Kotov/Högbom first-line helical IMP extract (DDM)
Q8VZJ0,swiss_tm_sample,standard,0.5524,0.05,0,drop sequons or use a prokaryotic host; reduce disulfides / skip eukaryotic folding; trim a long extramembrane loop,sequence resembles TargetTrack purified (given expression),1% w/v DDM,0.03% w/v DDM (IMAC/SEC),LMNG / DMNG / GDN,fos-choline and PEG as 'stability' detergents (Kotov); glucosides weaker on IMAC (Högbom),Lin/Kotov/Högbom first-line helical IMP extract (DDM)
Q6G039,swiss_tm_sample,wrap_rescue,0.1781,0.75,1,,standard purify looks unlikely; termini/TM belt look WRAP-amenable,1% w/v DDM,0.03% w/v DDM (IMAC/SEC),LMNG / DMNG / GDN,fos-choline and PEG as 'stability' detergents (Kotov); glucosides weaker on IMAC (Högbom),Lin/Kotov/Högbom first-line helical IMP extract (DDM)
B5BB80,swiss_tm_sample,standard,0.6377,0.75,1,trim a long extramembrane loop,sequence resembles TargetTrack purified (given expression),1% w/v DDM,0.03% w/v DDM (IMAC/SEC),LMNG / DMNG / GDN,fos-choline and PEG as 'stability' detergents (Kotov); glucosides weaker on IMAC (Högbom),Lin/Kotov/Högbom first-line helical IMP extract (DDM)
Q9QUK3,swiss_tm_sample,standard,0.633,0.35,0,trim a long extramembrane loop,sequence resembles TargetTrack purified (given expression),1% w/v DDM,0.03% w/v DDM (IMAC/SEC),LMNG / DMNG / GDN,fos-choline and PEG as 'stability' detergents (Kotov); glucosides weaker on IMAC (Högbom),Lin/Kotov/Högbom first-line helical IMP extract (DDM)
Q9G250,swiss_tm_sample,standard,0.6701,0.35,0,trim a long extramembrane loop,sequence resembles TargetTrack purified (given expression),1% w/v DDM,0.03% w/v DDM (IMAC/SEC),LMNG / DMNG / GDN,fos-choline and PEG as 'stability' detergents (Kotov); glucosides weaker on IMAC (Högbom),Lin/Kotov/Högbom first-line helical IMP extract (DDM)
Q5DWV1,swiss_tm_sample,standard,0.554,0.45,0,drop sequons or use a prokaryotic host; trim a long extramembrane loop,sequence resembles TargetTrack purified (given expression),1% w/v DDM,0.03% w/v DDM (IMAC/SEC),LMNG / DMNG / GDN,fos-choline and PEG as 'stability' detergents (Kotov); glucosides weaker on IMAC (Högbom),Lin/Kotov/Högbom first-line helical IMP extract (DDM)
Q15SF2,swiss_tm_sample,redesign,0.4489,0.15,0,trim a long extramembrane loop,trim a long extramembrane loop,1% w/v DDM,0.03% w/v DDM (IMAC/SEC),LMNG / DMNG / GDN,fos-choline and PEG as 'stability' detergents (Kotov); glucosides weaker on IMAC (Högbom),Lin/Kotov/Högbom first-line helical IMP extract (DDM)
Q2VND0,swiss_tm_sample,standard,0.6965,0.05,0,drop sequons or use a prokaryotic host; reduce disulfides / skip eukaryotic folding; trim a long extramembrane loop,sequence resembles TargetTrack purified (given expression),1% w/v DDM,0.03% w/v DDM (IMAC/SEC),LMNG / DMNG / GDN,fos-choline and PEG as 'stability' detergents (Kotov); glucosides weaker on IMAC (Högbom),Lin/Kotov/Högbom first-line helical IMP extract (DDM)
B5YKJ2,swiss_tm_sample,wrap_rescue,0.5121,0.75,1,add a fusion-able N- or C-terminus; trim a long extramembrane loop,standard purify looks unlikely; termini/TM belt look WRAP-amenable,1% w/v DDM,0.03% w/v DDM (IMAC/SEC),LMNG / DMNG / GDN,fos-choline and PEG as 'stability' detergents (Kotov); glucosides weaker on IMAC (Högbom),Lin/Kotov/Högbom first-line helical IMP extract (DDM)
A6VL63,swiss_tm_sample,standard,0.5553,0.75,1,,sequence resembles TargetTrack purified (given expression),1% w/v DDM,0.03% w/v DDM (IMAC/SEC),LMNG / DMNG / GDN,fos-choline and PEG as 'stability' detergents (Kotov); glucosides weaker on IMAC (Högbom),Lin/Kotov/Högbom first-line helical IMP extract (DDM)
A9I7J3,swiss_tm_sample,deprioritize,0.3792,0.15,0,,"low purify score, not WRAP-amenable, no obvious construct lever",1% w/v DDM,0.03% w/v DDM (IMAC/SEC),LMNG / DMNG / GDN,fos-choline and PEG as 'stability' detergents (Kotov); glucosides weaker on IMAC (Högbom),Lin/Kotov/Högbom first-line helical IMP extract (DDM)
O14626,swiss_tm_sample,standard,0.649,0.35,0,reduce disulfides / skip eukaryotic folding; trim a long extramembrane loop,sequence resembles TargetTrack purified (given expression),1% w/v DDM,0.03% w/v DDM (IMAC/SEC),LMNG / DMNG / GDN,fos-choline and PEG as 'stability' detergents (Kotov); glucosides weaker on IMAC (Högbom),Lin/Kotov/Högbom first-line helical IMP extract (DDM)
A0A0M9EQT6,swiss_tm_sample,redesign,0.4812,0.35,0,trim a long extramembrane loop,trim a long extramembrane loop,1% w/v DDM,0.03% w/v DDM (IMAC/SEC),LMNG / DMNG / GDN,fos-choline and PEG as 'stability' detergents (Kotov); glucosides weaker on IMAC (Högbom),Lin/Kotov/Högbom first-line helical IMP extract (DDM)
Q3Z3M2,swiss_tm_sample,standard,0.6254,0.35,0,trim a long extramembrane loop,sequence resembles TargetTrack purified (given expression),1% w/v DDM,0.03% w/v DDM (IMAC/SEC),LMNG / DMNG / GDN,fos-choline and PEG as 'stability' detergents (Kotov); glucosides weaker on IMAC (Högbom),Lin/Kotov/Högbom first-line helical IMP extract (DDM)
P49341,swiss_tm_sample,standard,0.5521,0.35,0,trim a long extramembrane loop,sequence resembles TargetTrack purified (given expression),1% w/v DDM,0.03% w/v DDM (IMAC/SEC),LMNG / DMNG / GDN,fos-choline and PEG as 'stability' detergents (Kotov); glucosides weaker on IMAC (Högbom),Lin/Kotov/Högbom first-line helical IMP extract (DDM)
Q96Q80,swiss_tm_sample,wrap_rescue,0.3626,0.75,1,,standard purify looks unlikely; termini/TM belt look WRAP-amenable,1% w/v DDM,0.03% w/v DDM (IMAC/SEC),LMNG / DMNG / GDN,fos-choline and PEG as 'stability' detergents (Kotov); glucosides weaker on IMAC (Högbom),Lin/Kotov/Högbom first-line helical IMP extract (DDM)
Q0G9K2,swiss_tm_sample,deprioritize,0.2749,0.15,0,,"low purify score, not WRAP-amenable, no obvious construct lever",1% w/v DDM,0.03% w/v DDM (IMAC/SEC),LMNG / DMNG / GDN,fos-choline and PEG as 'stability' detergents (Kotov); glucosides weaker on IMAC (Högbom),Lin/Kotov/Högbom first-line helical IMP extract (DDM)
P46785,swiss_tm_sample,redesign,0.4955,0.35,0,trim a long extramembrane loop,trim a long extramembrane loop,1% w/v DDM,0.03% w/v DDM (IMAC/SEC),LMNG / DMNG / GDN,fos-choline and PEG as 'stability' detergents (Kotov); glucosides weaker on IMAC (Högbom),Lin/Kotov/Högbom first-line helical IMP extract (DDM)
Q49WI3,swiss_tm_sample,standard,0.6791,0.65,1,drop sequons or use a prokaryotic host; add a fusion-able N- or C-terminus; trim a long extramembrane loop,sequence resembles TargetTrack purified (given expression),1% w/v DDM,0.03% w/v DDM (IMAC/SEC),LMNG / DMNG / GDN,fos-choline and PEG as 'stability' detergents (Kotov); glucosides weaker on IMAC (Högbom),Lin/Kotov/Högbom first-line helical IMP extract (DDM)
P40309,swiss_tm_sample,standard,0.6334,0.25,0,drop sequons or use a prokaryotic host; reduce disulfides / skip eukaryotic folding; trim a long extramembrane loop,sequence resembles TargetTrack purified (given expression),1% w/v DDM,0.03% w/v DDM (IMAC/SEC),LMNG / DMNG / GDN,fos-choline and PEG as 'stability' detergents (Kotov); glucosides weaker on IMAC (Högbom),Lin/Kotov/Högbom first-line helical IMP extract (DDM)
Q4UQF0,swiss_tm_sample,deprioritize,0.44,0.15,0,,"low purify score, not WRAP-amenable, no obvious construct lever",1% w/v DDM,0.03% w/v DDM (IMAC/SEC),LMNG / DMNG / GDN,fos-choline and PEG as 'stability' detergents (Kotov); glucosides weaker on IMAC (Högbom),Lin/Kotov/Högbom first-line helical IMP extract (DDM)
Q8FS11,swiss_tm_sample,standard,0.69,0.65,1,drop sequons or use a prokaryotic host; trim a long extramembrane loop,sequence resembles TargetTrack purified (given expression),1% w/v DDM,0.03% w/v DDM (IMAC/SEC),LMNG / DMNG / GDN,fos-choline and PEG as 'stability' detergents (Kotov); glucosides weaker on IMAC (Högbom),Lin/Kotov/Högbom first-line helical IMP extract (DDM)
Q57D97,swiss_tm_sample,redesign,0.4449,0.15,0,trim a long extramembrane loop,trim a long extramembrane loop,1% w/v DDM,0.03% w/v DDM (IMAC/SEC),LMNG / DMNG / GDN,fos-choline and PEG as 'stability' detergents (Kotov); glucosides weaker on IMAC (Högbom),Lin/Kotov/Högbom first-line helical IMP extract (DDM)
Q0GC71,swiss_tm_sample,redesign,0.5058,0.05,0,drop sequons or use a prokaryotic host; reduce disulfides / skip eukaryotic folding; trim a long extramembrane loop,drop sequons or use a prokaryotic host; reduce disulfides / skip eukaryotic folding; trim a long extramembrane loop,1% w/v DDM,0.03% w/v DDM (IMAC/SEC),LMNG / DMNG / GDN,fos-choline and PEG as 'stability' detergents (Kotov); glucosides weaker on IMAC (Högbom),Lin/Kotov/Högbom first-line helical IMP extract (DDM)
Q9ZDC6,swiss_tm_sample,standard,0.718,0.45,0,drop sequons or use a prokaryotic host,sequence resembles TargetTrack purified (given expression),1% w/v DDM,0.03% w/v DDM (IMAC/SEC),LMNG / DMNG / GDN,fos-choline and PEG as 'stability' detergents (Kotov); glucosides weaker on IMAC (Högbom),Lin/Kotov/Högbom first-line helical IMP extract (DDM)
Q3IXW9,swiss_tm_sample,redesign,0.4893,0.35,0,trim a long extramembrane loop,trim a long extramembrane loop,1% w/v DDM,0.03% w/v DDM (IMAC/SEC),LMNG / DMNG / GDN,fos-choline and PEG as 'stability' detergents (Kotov); glucosides weaker on IMAC (Högbom),Lin/Kotov/Högbom first-line helical IMP extract (DDM)
Q00515,swiss_tm_sample,wrap_rescue,0.2614,0.55,1,,standard purify looks unlikely; termini/TM belt look WRAP-amenable,1% w/v DDM,0.03% w/v DDM (IMAC/SEC),LMNG / DMNG / GDN,fos-choline and PEG as 'stability' detergents (Kotov); glucosides weaker on IMAC (Högbom),Lin/Kotov/Högbom first-line helical IMP extract (DDM)
Q6BY05,swiss_tm_sample,deprioritize,0.2569,0.15,0,,"low purify score, not WRAP-amenable, no obvious construct lever",1% w/v DDM,0.03% w/v DDM (IMAC/SEC),LMNG / DMNG / GDN,fos-choline and PEG as 'stability' detergents (Kotov); glucosides weaker on IMAC (Högbom),Lin/Kotov/Högbom first-line helical IMP extract (DDM)
P96169,swiss_tm_sample,redesign,0.5292,0.35,0,trim a long extramembrane loop,trim a long extramembrane loop,1% w/v DDM,0.03% w/v DDM (IMAC/SEC),LMNG / DMNG / GDN,fos-choline and PEG as 'stability' detergents (Kotov); glucosides weaker on IMAC (Högbom),Lin/Kotov/Högbom first-line helical IMP extract (DDM)
P04709,swiss_tm_sample,redesign,0.3852,0.15,0,trim a long extramembrane loop,trim a long extramembrane loop,1% w/v DDM,0.03% w/v DDM (IMAC/SEC),LMNG / DMNG / GDN,fos-choline and PEG as 'stability' detergents (Kotov); glucosides weaker on IMAC (Högbom),Lin/Kotov/Högbom first-line helical IMP extract (DDM)
O00481,swiss_tm_sample,redesign,0.3982,0.15,0,reduce disulfides / skip eukaryotic folding; trim a long extramembrane loop,reduce disulfides / skip eukaryotic folding; trim a long extramembrane loop,1% w/v DDM,0.03% w/v DDM (IMAC/SEC),LMNG / DMNG / GDN,fos-choline and PEG as 'stability' detergents (Kotov); glucosides weaker on IMAC (Högbom),Lin/Kotov/Högbom first-line helical IMP extract (DDM)
Q8NGH6,swiss_tm_sample,standard,0.6438,0.75,1,,sequence resembles TargetTrack purified (given expression),1% w/v DDM,0.03% w/v DDM (IMAC/SEC),LMNG / DMNG / GDN,fos-choline and PEG as 'stability' detergents (Kotov); glucosides weaker on IMAC (Högbom),Lin/Kotov/Högbom first-line helical IMP extract (DDM)
Q12732,swiss_tm_sample,redesign,0.4679,0.15,0,trim a long extramembrane loop,trim a long extramembrane loop,1% w/v DDM,0.03% w/v DDM (IMAC/SEC),LMNG / DMNG / GDN,fos-choline and PEG as 'stability' detergents (Kotov); glucosides weaker on IMAC (Högbom),Lin/Kotov/Högbom first-line helical IMP extract (DDM)
O13787,swiss_tm_sample,wrap_rescue,0.4282,0.55,1,,standard purify looks unlikely; termini/TM belt look WRAP-amenable,1% w/v DDM,0.03% w/v DDM (IMAC/SEC),LMNG / DMNG / GDN,fos-choline and PEG as 'stability' detergents (Kotov); glucosides weaker on IMAC (Högbom),Lin/Kotov/Högbom first-line helical IMP extract (DDM)
B2U820,swiss_tm_sample,standard,0.5888,0.15,0,trim a long extramembrane loop,sequence resembles TargetTrack purified (given expression),1% w/v DDM,0.03% w/v DDM (IMAC/SEC),LMNG / DMNG / GDN,fos-choline and PEG as 'stability' detergents (Kotov); glucosides weaker on IMAC (Högbom),Lin/Kotov/Högbom first-line helical IMP extract (DDM)
P27148,swiss_tm_sample,redesign,0.4895,0.35,0,trim a long extramembrane loop,trim a long extramembrane loop,1% w/v DDM,0.03% w/v DDM (IMAC/SEC),LMNG / DMNG / GDN,fos-choline and PEG as 'stability' detergents (Kotov); glucosides weaker on IMAC (Högbom),Lin/Kotov/Högbom first-line helical IMP extract (DDM)
Q894D4,swiss_tm_sample,deprioritize,0.3643,0.35,0,,"low purify score, not WRAP-amenable, no obvious construct lever",1% w/v DDM,0.03% w/v DDM (IMAC/SEC),LMNG / DMNG / GDN,fos-choline and PEG as 'stability' detergents (Kotov); glucosides weaker on IMAC (Högbom),Lin/Kotov/Högbom first-line helical IMP extract (DDM)
Q9D701,swiss_tm_sample,wrap_rescue,0.5204,0.55,1,,standard purify looks unlikely; termini/TM belt look WRAP-amenable,1% w/v DDM,0.03% w/v DDM (IMAC/SEC),LMNG / DMNG / GDN,fos-choline and PEG as 'stability' detergents (Kotov); glucosides weaker on IMAC (Högbom),Lin/Kotov/Högbom first-line helical IMP extract (DDM)
Q96DX8,swiss_tm_sample,standard,0.5622,0.15,0,reduce disulfides / skip eukaryotic folding,sequence resembles TargetTrack purified (given expression),1% w/v DDM,0.03% w/v DDM (IMAC/SEC),LMNG / DMNG / GDN,fos-choline and PEG as 'stability' detergents (Kotov); glucosides weaker on IMAC (Högbom),Lin/Kotov/Högbom first-line helical IMP extract (DDM)
Q22397,swiss_tm_sample,redesign,0.5161,0.35,0,reduce disulfides / skip eukaryotic folding; trim a long extramembrane loop,reduce disulfides / skip eukaryotic folding; trim a long extramembrane loop,1% w/v DDM,0.03% w/v DDM (IMAC/SEC),LMNG / DMNG / GDN,fos-choline and PEG as 'stability' detergents (Kotov); glucosides weaker on IMAC (Högbom),Lin/Kotov/Högbom first-line helical IMP extract (DDM)
P65713,swiss_tm_sample,standard,0.6467,0.75,1,add a fusion-able N- or C-terminus; trim a long extramembrane loop,sequence resembles TargetTrack purified (given expression),1% w/v DDM,0.03% w/v DDM (IMAC/SEC),LMNG / DMNG / GDN,fos-choline and PEG as 'stability' detergents (Kotov); glucosides weaker on IMAC (Högbom),Lin/Kotov/Högbom first-line helical IMP extract (DDM)
P9WH23,swiss_tm_sample,redesign,0.3182,0.15,0,trim a long extramembrane loop,trim a long extramembrane loop,1% w/v DDM,0.03% w/v DDM (IMAC/SEC),LMNG / DMNG / GDN,fos-choline and PEG as 'stability' detergents (Kotov); glucosides weaker on IMAC (Högbom),Lin/Kotov/Högbom first-line helical IMP extract (DDM)
A6QJJ7,swiss_tm_sample,redesign,0.5489,0.05,0,drop sequons or use a prokaryotic host; trim a long extramembrane loop,drop sequons or use a prokaryotic host; trim a long extramembrane loop,1% w/v DDM,0.03% w/v DDM (IMAC/SEC),LMNG / DMNG / GDN,fos-choline and PEG as 'stability' detergents (Kotov); glucosides weaker on IMAC (Högbom),Lin/Kotov/Högbom first-line helical IMP extract (DDM)
Q4WRW0,swiss_tm_sample,redesign,0.3459,0.15,0,trim a long extramembrane loop,trim a long extramembrane loop,1% w/v DDM,0.03% w/v DDM (IMAC/SEC),LMNG / DMNG / GDN,fos-choline and PEG as 'stability' detergents (Kotov); glucosides weaker on IMAC (Högbom),Lin/Kotov/Högbom first-line helical IMP extract (DDM)
Q0AWD5,swiss_tm_sample,standard,0.5726,0.75,1,,sequence resembles TargetTrack purified (given expression),1% w/v DDM,0.03% w/v DDM (IMAC/SEC),LMNG / DMNG / GDN,fos-choline and PEG as 'stability' detergents (Kotov); glucosides weaker on IMAC (Högbom),Lin/Kotov/Högbom first-line helical IMP extract (DDM)
C3K0P6,swiss_tm_sample,wrap_rescue,0.5161,0.75,1,,standard purify looks unlikely; termini/TM belt look WRAP-amenable,1% w/v DDM,0.03% w/v DDM (IMAC/SEC),LMNG / DMNG / GDN,fos-choline and PEG as 'stability' detergents (Kotov); glucosides weaker on IMAC (Högbom),Lin/Kotov/Högbom first-line helical IMP extract (DDM)
Q87CI7,swiss_tm_sample,deprioritize,0.4641,0.15,0,,"low purify score, not WRAP-amenable, no obvious construct lever",1% w/v DDM,0.03% w/v DDM (IMAC/SEC),LMNG / DMNG / GDN,fos-choline and PEG as 'stability' detergents (Kotov); glucosides weaker on IMAC (Högbom),Lin/Kotov/Högbom first-line helical IMP extract (DDM)
Q86VY9,swiss_tm_sample,standard,0.6249,0.05,0,drop sequons or use a prokaryotic host; trim a long extramembrane loop,sequence resembles TargetTrack purified (given expression),1% w/v DDM,0.03% w/v DDM (IMAC/SEC),LMNG / DMNG / GDN,fos-choline and PEG as 'stability' detergents (Kotov); glucosides weaker on IMAC (Högbom),Lin/Kotov/Högbom first-line helical IMP extract (DDM)
Q36455,swiss_tm_sample,redesign,0.5226,0.35,0,trim a long extramembrane loop,trim a long extramembrane loop,1% w/v DDM,0.03% w/v DDM (IMAC/SEC),LMNG / DMNG / GDN,fos-choline and PEG as 'stability' detergents (Kotov); glucosides weaker on IMAC (Högbom),Lin/Kotov/Högbom first-line helical IMP extract (DDM)
B4R133,swiss_tm_sample,wrap_rescue,0.4484,0.55,1,trim a long extramembrane loop,standard purify looks unlikely; termini/TM belt look WRAP-amenable,1% w/v DDM,0.03% w/v DDM (IMAC/SEC),LMNG / DMNG / GDN,fos-choline and PEG as 'stability' detergents (Kotov); glucosides weaker on IMAC (Högbom),Lin/Kotov/Högbom first-line helical IMP extract (DDM)
Q1MEX2,swiss_tm_sample,wrap_rescue,0.457,0.75,1,add a fusion-able N- or C-terminus,standard purify looks unlikely; termini/TM belt look WRAP-amenable,1% w/v DDM,0.03% w/v DDM (IMAC/SEC),LMNG / DMNG / GDN,fos-choline and PEG as 'stability' detergents (Kotov); glucosides weaker on IMAC (Högbom),Lin/Kotov/Högbom first-line helical IMP extract (DDM)
Q3T075,swiss_tm_sample,wrap_rescue,0.4902,0.55,1,,standard purify looks unlikely; termini/TM belt look WRAP-amenable,1% w/v DDM,0.03% w/v DDM (IMAC/SEC),LMNG / DMNG / GDN,fos-choline and PEG as 'stability' detergents (Kotov); glucosides weaker on IMAC (Högbom),Lin/Kotov/Högbom first-line helical IMP extract (DDM)
Q5IS72,swiss_tm_sample,standard,0.6812,0.25,0,drop sequons or use a prokaryotic host; reduce disulfides / skip eukaryotic folding; trim a long extramembrane loop,sequence resembles TargetTrack purified (given expression),1% w/v DDM,0.03% w/v DDM (IMAC/SEC),LMNG / DMNG / GDN,fos-choline and PEG as 'stability' detergents (Kotov); glucosides weaker on IMAC (Högbom),Lin/Kotov/Högbom first-line helical IMP extract (DDM)
C6H7W0,swiss_tm_sample,standard,0.5738,0.55,1,,sequence resembles TargetTrack purified (given expression),1% w/v DDM,0.03% w/v DDM (IMAC/SEC),LMNG / DMNG / GDN,fos-choline and PEG as 'stability' detergents (Kotov); glucosides weaker on IMAC (Högbom),Lin/Kotov/Högbom first-line helical IMP extract (DDM)
P05489,swiss_tm_sample,standard,0.6533,0.65,1,drop sequons or use a prokaryotic host; trim a long extramembrane loop,sequence resembles TargetTrack purified (given expression),1% w/v DDM,0.03% w/v DDM (IMAC/SEC),LMNG / DMNG / GDN,fos-choline and PEG as 'stability' detergents (Kotov); glucosides weaker on IMAC (Högbom),Lin/Kotov/Högbom first-line helical IMP extract (DDM)
Q8GUJ1,swiss_tm_sample,standard,0.6109,0.35,0,reduce disulfides / skip eukaryotic folding; trim a long extramembrane loop,sequence resembles TargetTrack purified (given expression),1% w/v DDM,0.03% w/v DDM (IMAC/SEC),LMNG / DMNG / GDN,fos-choline and PEG as 'stability' detergents (Kotov); glucosides weaker on IMAC (Högbom),Lin/Kotov/Högbom first-line helical IMP extract (DDM)
Q9WX61,swiss_tm_sample,redesign,0.5334,0.15,0,reduce disulfides / skip eukaryotic folding; trim a long extramembrane loop,reduce disulfides / skip eukaryotic folding; trim a long extramembrane loop,1% w/v DDM,0.03% w/v DDM (IMAC/SEC),LMNG / DMNG / GDN,fos-choline and PEG as 'stability' detergents (Kotov); glucosides weaker on IMAC (Högbom),Lin/Kotov/Högbom first-line helical IMP extract (DDM)
Q6NV12,swiss_tm_sample,standard,0.6001,0.65,1,drop sequons or use a prokaryotic host; reduce disulfides / skip eukaryotic folding; add a fusion-able N- or C-terminus; trim a long extramembrane loop,sequence resembles TargetTrack purified (given expression),1% w/v DDM,0.03% w/v DDM (IMAC/SEC),LMNG / DMNG / GDN,fos-choline and PEG as 'stability' detergents (Kotov); glucosides weaker on IMAC (Högbom),Lin/Kotov/Högbom first-line helical IMP extract (DDM)
P35349,swiss_tm_sample,redesign,0.5204,0.05,0,drop sequons or use a prokaryotic host; reduce disulfides / skip eukaryotic folding; trim a long extramembrane loop,drop sequons or use a prokaryotic host; reduce disulfides / skip eukaryotic folding; trim a long extramembrane loop,1% w/v DDM,0.03% w/v DDM (IMAC/SEC),LMNG / DMNG / GDN,fos-choline and PEG as 'stability' detergents (Kotov); glucosides weaker on IMAC (Högbom),Lin/Kotov/Högbom first-line helical IMP extract (DDM)
Q8P2K0,swiss_tm_sample,redesign,0.4468,0.15,0,trim a long extramembrane loop,trim a long extramembrane loop,1% w/v DDM,0.03% w/v DDM (IMAC/SEC),LMNG / DMNG / GDN,fos-choline and PEG as 'stability' detergents (Kotov); glucosides weaker on IMAC (Högbom),Lin/Kotov/Högbom first-line helical IMP extract (DDM)
Q9VVT2,swiss_tm_sample,standard,0.6498,0.75,1,reduce disulfides / skip eukaryotic folding; trim a long extramembrane loop,sequence resembles TargetTrack purified (given expression),1% w/v DDM,0.03% w/v DDM (IMAC/SEC),LMNG / DMNG / GDN,fos-choline and PEG as 'stability' detergents (Kotov); glucosides weaker on IMAC (Högbom),Lin/Kotov/Högbom first-line helical IMP extract (DDM)
Q27002,swiss_tm_sample,redesign,0.2988,0.15,0,trim a long extramembrane loop,trim a long extramembrane loop,1% w/v DDM,0.03% w/v DDM (IMAC/SEC),LMNG / DMNG / GDN,fos-choline and PEG as 'stability' detergents (Kotov); glucosides weaker on IMAC (Högbom),Lin/Kotov/Högbom first-line helical IMP extract (DDM)
A9BDY3,swiss_tm_sample,deprioritize,0.3153,0.35,0,,"low purify score, not WRAP-amenable, no obvious construct lever",1% w/v DDM,0.03% w/v DDM (IMAC/SEC),LMNG / DMNG / GDN,fos-choline and PEG as 'stability' detergents (Kotov); glucosides weaker on IMAC (Högbom),Lin/Kotov/Högbom first-line helical IMP extract (DDM)
B3PJS2,swiss_tm_sample,standard,0.5899,0.35,0,trim a long extramembrane loop,sequence resembles TargetTrack purified (given expression),1% w/v DDM,0.03% w/v DDM (IMAC/SEC),LMNG / DMNG / GDN,fos-choline and PEG as 'stability' detergents (Kotov); glucosides weaker on IMAC (Högbom),Lin/Kotov/Högbom first-line helical IMP extract (DDM)
Q9ZEC2,swiss_tm_sample,redesign,0.2844,0.8,0,add a fusion-able N- or C-terminus,add a fusion-able N- or C-terminus,1% w/v DDM,0.03% w/v DDM (IMAC/SEC),LMNG / DMNG / GDN,fos-choline and PEG as 'stability' detergents (Kotov); glucosides weaker on IMAC (Högbom),Lin/Kotov/Högbom first-line helical IMP extract (DDM)
P38320,swiss_tm_sample,deprioritize,0.4929,0.35,0,,"low purify score, not WRAP-amenable, no obvious construct lever",1% w/v DDM,0.03% w/v DDM (IMAC/SEC),LMNG / DMNG / GDN,fos-choline and PEG as 'stability' detergents (Kotov); glucosides weaker on IMAC (Högbom),Lin/Kotov/Högbom first-line helical IMP extract (DDM)
Q9AVE6,swiss_tm_sample,redesign,0.2692,0.35,0,trim a long extramembrane loop,trim a long extramembrane loop,1% w/v DDM,0.03% w/v DDM (IMAC/SEC),LMNG / DMNG / GDN,fos-choline and PEG as 'stability' detergents (Kotov); glucosides weaker on IMAC (Högbom),Lin/Kotov/Högbom first-line helical IMP extract (DDM)
B1WUI0,swiss_tm_sample,deprioritize,0.4168,0.15,0,,"low purify score, not WRAP-amenable, no obvious construct lever",1% w/v DDM,0.03% w/v DDM (IMAC/SEC),LMNG / DMNG / GDN,fos-choline and PEG as 'stability' detergents (Kotov); glucosides weaker on IMAC (Högbom),Lin/Kotov/Högbom first-line helical IMP extract (DDM)
A8YUN7,swiss_tm_sample,wrap_rescue,0.5449,0.75,1,,standard purify looks unlikely; termini/TM belt look WRAP-amenable,1% w/v DDM,0.03% w/v DDM (IMAC/SEC),LMNG / DMNG / GDN,fos-choline and PEG as 'stability' detergents (Kotov); glucosides weaker on IMAC (Högbom),Lin/Kotov/Högbom first-line helical IMP extract (DDM)
Q79669,swiss_tm_sample,deprioritize,0.4056,0.15,0,,"low purify score, not WRAP-amenable, no obvious construct lever",1% w/v DDM,0.03% w/v DDM (IMAC/SEC),LMNG / DMNG / GDN,fos-choline and PEG as 'stability' detergents (Kotov); glucosides weaker on IMAC (Högbom),Lin/Kotov/Högbom first-line helical IMP extract (DDM)
P49144,swiss_tm_sample,standard,0.7231,0.75,1,reduce disulfides / skip eukaryotic folding; trim a long extramembrane loop,sequence resembles TargetTrack purified (given expression),1% w/v DDM,0.03% w/v DDM (IMAC/SEC),LMNG / DMNG / GDN,fos-choline and PEG as 'stability' detergents (Kotov); glucosides weaker on IMAC (Högbom),Lin/Kotov/Högbom first-line helical IMP extract (DDM)
Q5HGV0,swiss_tm_sample,wrap_rescue,0.5023,0.75,1,,standard purify looks unlikely; termini/TM belt look WRAP-amenable,1% w/v DDM,0.03% w/v DDM (IMAC/SEC),LMNG / DMNG / GDN,fos-choline and PEG as 'stability' detergents (Kotov); glucosides weaker on IMAC (Högbom),Lin/Kotov/Högbom first-line helical IMP extract (DDM)
O60928,swiss_tm_sample,redesign,0.5342,0.15,0,trim a long extramembrane loop,trim a long extramembrane loop,1% w/v DDM,0.03% w/v DDM (IMAC/SEC),LMNG / DMNG / GDN,fos-choline and PEG as 'stability' detergents (Kotov); glucosides weaker on IMAC (Högbom),Lin/Kotov/Högbom first-line helical IMP extract (DDM)
A5PLC9,swiss_tm_sample,deprioritize,0.3499,0.2,0,,"low purify score, not WRAP-amenable, no obvious construct lever",1% w/v DDM,0.03% w/v DDM (IMAC/SEC),LMNG / DMNG / GDN,fos-choline and PEG as 'stability' detergents (Kotov); glucosides weaker on IMAC (Högbom),Lin/Kotov/Högbom first-line helical IMP extract (DDM)
P29528,swiss_tm_sample,wrap_rescue,0.5095,0.75,1,,standard purify looks unlikely; termini/TM belt look WRAP-amenable,1% w/v DDM,0.03% w/v DDM (IMAC/SEC),LMNG / DMNG / GDN,fos-choline and PEG as 'stability' detergents (Kotov); glucosides weaker on IMAC (Högbom),Lin/Kotov/Högbom first-line helical IMP extract (DDM)
A1VXT4,swiss_tm_sample,wrap_rescue,0.2915,0.75,1,,standard purify looks unlikely; termini/TM belt look WRAP-amenable,1% w/v DDM,0.03% w/v DDM (IMAC/SEC),LMNG / DMNG / GDN,fos-choline and PEG as 'stability' detergents (Kotov); glucosides weaker on IMAC (Högbom),Lin/Kotov/Högbom first-line helical IMP extract (DDM)
A4GG66,swiss_tm_sample,redesign,0.4087,0.15,0,trim a long extramembrane loop,trim a long extramembrane loop,1% w/v DDM,0.03% w/v DDM (IMAC/SEC),LMNG / DMNG / GDN,fos-choline and PEG as 'stability' detergents (Kotov); glucosides weaker on IMAC (Högbom),Lin/Kotov/Högbom first-line helical IMP extract (DDM)
Q5RCZ8,swiss_tm_sample,redesign,0.5051,0.45,0,drop sequons or use a prokaryotic host; reduce disulfides / skip eukaryotic folding; add a fusion-able N- or C-terminus; trim a long extramembrane loop,drop sequons or use a prokaryotic host; reduce disulfides / skip eukaryotic folding; add a fusion-able N- or C-terminus; trim a long extramembrane loop,1% w/v DDM,0.03% w/v DDM (IMAC/SEC),LMNG / DMNG / GDN,fos-choline and PEG as 'stability' detergents (Kotov); glucosides weaker on IMAC (Högbom),Lin/Kotov/Högbom first-line helical IMP extract (DDM)
Q9FUT3,swiss_tm_sample,redesign,0.5456,0.05,0,drop sequons or use a prokaryotic host; trim a long extramembrane loop,drop sequons or use a prokaryotic host; trim a long extramembrane loop,1% w/v DDM,0.03% w/v DDM (IMAC/SEC),LMNG / DMNG / GDN,fos-choline and PEG as 'stability' detergents (Kotov); glucosides weaker on IMAC (Högbom),Lin/Kotov/Högbom first-line helical IMP extract (DDM)
B7L1M9,swiss_tm_sample,wrap_rescue,0.5451,0.75,1,add a fusion-able N- or C-terminus; trim a long extramembrane loop,standard purify looks unlikely; termini/TM belt look WRAP-amenable,1% w/v DDM,0.03% w/v DDM (IMAC/SEC),LMNG / DMNG / GDN,fos-choline and PEG as 'stability' detergents (Kotov); glucosides weaker on IMAC (Högbom),Lin/Kotov/Högbom first-line helical IMP extract (DDM)
O30085,swiss_tm_sample,redesign,0.3979,0.15,0,trim a long extramembrane loop,trim a long extramembrane loop,1% w/v DDM,0.03% w/v DDM (IMAC/SEC),LMNG / DMNG / GDN,fos-choline and PEG as 'stability' detergents (Kotov); glucosides weaker on IMAC (Högbom),Lin/Kotov/Högbom first-line helical IMP extract (DDM)
B7IV78,swiss_tm_sample,deprioritize,0.0667,0.6,0,,"low purify score, not WRAP-amenable, no obvious construct lever",1% w/v DDM,0.03% w/v DDM (IMAC/SEC),LMNG / DMNG / GDN,fos-choline and PEG as 'stability' detergents (Kotov); glucosides weaker on IMAC (Högbom),Lin/Kotov/Högbom first-line helical IMP extract (DDM)
A8Z149,swiss_tm_sample,wrap_rescue,0.4058,0.95,1,add a fusion-able N- or C-terminus,standard purify looks unlikely; termini/TM belt look WRAP-amenable,1% w/v DDM,0.03% w/v DDM (IMAC/SEC),LMNG / DMNG / GDN,fos-choline and PEG as 'stability' detergents (Kotov); glucosides weaker on IMAC (Högbom),Lin/Kotov/Högbom first-line helical IMP extract (DDM)
Q94UY0,swiss_tm_sample,standard,0.6017,0.75,1,,sequence resembles TargetTrack purified (given expression),1% w/v DDM,0.03% w/v DDM (IMAC/SEC),LMNG / DMNG / GDN,fos-choline and PEG as 'stability' detergents (Kotov); glucosides weaker on IMAC (Högbom),Lin/Kotov/Högbom first-line helical IMP extract (DDM)
P9WKD0,swiss_tm_sample,redesign,0.5484,0.05,0,drop sequons or use a prokaryotic host; trim a long extramembrane loop,drop sequons or use a prokaryotic host; trim a long extramembrane loop,1% w/v DDM,0.03% w/v DDM (IMAC/SEC),LMNG / DMNG / GDN,fos-choline and PEG as 'stability' detergents (Kotov); glucosides weaker on IMAC (Högbom),Lin/Kotov/Högbom first-line helical IMP extract (DDM)
Q9P544,swiss_tm_sample,standard,0.5999,0.05,0,drop sequons or use a prokaryotic host; trim a long extramembrane loop,sequence resembles TargetTrack purified (given expression),1% w/v DDM,0.03% w/v DDM (IMAC/SEC),LMNG / DMNG / GDN,fos-choline and PEG as 'stability' detergents (Kotov); glucosides weaker on IMAC (Högbom),Lin/Kotov/Högbom first-line helical IMP extract (DDM)
P50012,swiss_tm_sample,redesign,0.4969,0.35,0,trim a long extramembrane loop,trim a long extramembrane loop,1% w/v DDM,0.03% w/v DDM (IMAC/SEC),LMNG / DMNG / GDN,fos-choline and PEG as 'stability' detergents (Kotov); glucosides weaker on IMAC (Högbom),Lin/Kotov/Högbom first-line helical IMP extract (DDM)
P45794,swiss_tm_sample,redesign,0.3987,0.35,0,trim a long extramembrane loop,trim a long extramembrane loop,1% w/v DDM,0.03% w/v DDM (IMAC/SEC),LMNG / DMNG / GDN,fos-choline and PEG as 'stability' detergents (Kotov); glucosides weaker on IMAC (Högbom),Lin/Kotov/Högbom first-line helical IMP extract (DDM)
Q96LA5,swiss_tm_sample,redesign,0.4752,0.05,0,drop sequons or use a prokaryotic host; reduce disulfides / skip eukaryotic folding; trim a long extramembrane loop,drop sequons or use a prokaryotic host; reduce disulfides / skip eukaryotic folding; trim a long extramembrane loop,1% w/v DDM,0.03% w/v DDM (IMAC/SEC),LMNG / DMNG / GDN,fos-choline and PEG as 'stability' detergents (Kotov); glucosides weaker on IMAC (Högbom),Lin/Kotov/Högbom first-line helical IMP extract (DDM)
P26013,swiss_tm_sample,standard,0.569,0.45,0,drop sequons or use a prokaryotic host; reduce disulfides / skip eukaryotic folding; trim a long extramembrane loop,sequence resembles TargetTrack purified (given expression),1% w/v DDM,0.03% w/v DDM (IMAC/SEC),LMNG / DMNG / GDN,fos-choline and PEG as 'stability' detergents (Kotov); glucosides weaker on IMAC (Högbom),Lin/Kotov/Högbom first-line helical IMP extract (DDM)
P30968,swiss_tm_sample,standard,0.6781,0.65,1,drop sequons or use a prokaryotic host; reduce disulfides / skip eukaryotic folding,sequence resembles TargetTrack purified (given expression),1% w/v DDM,0.03% w/v DDM (IMAC/SEC),LMNG / DMNG / GDN,fos-choline and PEG as 'stability' detergents (Kotov); glucosides weaker on IMAC (Högbom),Lin/Kotov/Högbom first-line helical IMP extract (DDM)
A0AVI4,swiss_tm_sample,standard,0.6622,0.15,0,reduce disulfides / skip eukaryotic folding; trim a long extramembrane loop,sequence resembles TargetTrack purified (given expression),1% w/v DDM,0.03% w/v DDM (IMAC/SEC),LMNG / DMNG / GDN,fos-choline and PEG as 'stability' detergents (Kotov); glucosides weaker on IMAC (Högbom),Lin/Kotov/Högbom first-line helical IMP extract (DDM)
Q92CL6,swiss_tm_sample,wrap_rescue,0.5136,0.75,1,add a fusion-able N- or C-terminus; trim a long extramembrane loop,standard purify looks unlikely; termini/TM belt look WRAP-amenable,1% w/v DDM,0.03% w/v DDM (IMAC/SEC),LMNG / DMNG / GDN,fos-choline and PEG as 'stability' detergents (Kotov); glucosides weaker on IMAC (Högbom),Lin/Kotov/Högbom first-line helical IMP extract (DDM)
P9WIG9,swiss_tm_sample,redesign,0.507,0.35,0,trim a long extramembrane loop,trim a long extramembrane loop,1% w/v DDM,0.03% w/v DDM (IMAC/SEC),LMNG / DMNG / GDN,fos-choline and PEG as 'stability' detergents (Kotov); glucosides weaker on IMAC (Högbom),Lin/Kotov/Högbom first-line helical IMP extract (DDM)
Q66AV8,swiss_tm_sample,redesign,0.4306,0.35,0,trim a long extramembrane loop,trim a long extramembrane loop,1% w/v DDM,0.03% w/v DDM (IMAC/SEC),LMNG / DMNG / GDN,fos-choline and PEG as 'stability' detergents (Kotov); glucosides weaker on IMAC (Högbom),Lin/Kotov/Högbom first-line helical IMP extract (DDM)
B8DGM3,swiss_tm_sample,standard,0.6957,0.05,0,drop sequons or use a prokaryotic host; trim a long extramembrane loop,sequence resembles TargetTrack purified (given expression),1% w/v DDM,0.03% w/v DDM (IMAC/SEC),LMNG / DMNG / GDN,fos-choline and PEG as 'stability' detergents (Kotov); glucosides weaker on IMAC (Högbom),Lin/Kotov/Högbom first-line helical IMP extract (DDM)
Q97TA9,swiss_tm_sample,wrap_rescue,0.4931,0.75,1,trim a long extramembrane loop,standard purify looks unlikely; termini/TM belt look WRAP-amenable,1% w/v DDM,0.03% w/v DDM (IMAC/SEC),LMNG / DMNG / GDN,fos-choline and PEG as 'stability' detergents (Kotov); glucosides weaker on IMAC (Högbom),Lin/Kotov/Högbom first-line helical IMP extract (DDM)
Q9C7I1,swiss_tm_sample,redesign,0.4566,0.15,0,reduce disulfides / skip eukaryotic folding; trim a long extramembrane loop,reduce disulfides / skip eukaryotic folding; trim a long extramembrane loop,1% w/v DDM,0.03% w/v DDM (IMAC/SEC),LMNG / DMNG / GDN,fos-choline and PEG as 'stability' detergents (Kotov); glucosides weaker on IMAC (Högbom),Lin/Kotov/Högbom first-line helical IMP extract (DDM)
Q8V3T9,swiss_tm_sample,standard,0.5516,0.55,1,reduce disulfides / skip eukaryotic folding; trim a long extramembrane loop,sequence resembles TargetTrack purified (given expression),1% w/v DDM,0.03% w/v DDM (IMAC/SEC),LMNG / DMNG / GDN,fos-choline and PEG as 'stability' detergents (Kotov); glucosides weaker on IMAC (Högbom),Lin/Kotov/Högbom first-line helical IMP extract (DDM)
Q9ERM3,swiss_tm_sample,redesign,0.5437,0.15,0,reduce disulfides / skip eukaryotic folding; trim a long extramembrane loop,reduce disulfides / skip eukaryotic folding; trim a long extramembrane loop,1% w/v DDM,0.03% w/v DDM (IMAC/SEC),LMNG / DMNG / GDN,fos-choline and PEG as 'stability' detergents (Kotov); glucosides weaker on IMAC (Högbom),Lin/Kotov/Högbom first-line helical IMP extract (DDM)
B3DWK0,swiss_tm_sample,wrap_rescue,0.509,0.65,1,drop sequons or use a prokaryotic host; add a fusion-able N- or C-terminus; trim a long extramembrane loop,standard purify looks unlikely; termini/TM belt look WRAP-amenable,1% w/v DDM,0.03% w/v DDM (IMAC/SEC),LMNG / DMNG / GDN,fos-choline and PEG as 'stability' detergents (Kotov); glucosides weaker on IMAC (Högbom),Lin/Kotov/Högbom first-line helical IMP extract (DDM)
Q6IYH0,swiss_tm_sample,standard,0.6988,0.95,1,,sequence resembles TargetTrack purified (given expression),1% w/v DDM,0.03% w/v DDM (IMAC/SEC),LMNG / DMNG / GDN,fos-choline and PEG as 'stability' detergents (Kotov); glucosides weaker on IMAC (Högbom),Lin/Kotov/Högbom first-line helical IMP extract (DDM)
Q330F2,swiss_tm_sample,standard,0.7389,0.25,0,drop sequons or use a prokaryotic host; trim a long extramembrane loop,sequence resembles TargetTrack purified (given expression),1% w/v DDM,0.03% w/v DDM (IMAC/SEC),LMNG / DMNG / GDN,fos-choline and PEG as 'stability' detergents (Kotov); glucosides weaker on IMAC (Högbom),Lin/Kotov/Högbom first-line helical IMP extract (DDM)
B0C6C4,swiss_tm_sample,wrap_rescue,0.3783,0.95,1,,standard purify looks unlikely; termini/TM belt look WRAP-amenable,1% w/v DDM,0.03% w/v DDM (IMAC/SEC),LMNG / DMNG / GDN,fos-choline and PEG as 'stability' detergents (Kotov); glucosides weaker on IMAC (Högbom),Lin/Kotov/Högbom first-line helical IMP extract (DDM)
Q5YKK4,swiss_tm_sample,standard,0.5587,0.35,0,trim a long extramembrane loop,sequence resembles TargetTrack purified (given expression),1% w/v DDM,0.03% w/v DDM (IMAC/SEC),LMNG / DMNG / GDN,fos-choline and PEG as 'stability' detergents (Kotov); glucosides weaker on IMAC (Högbom),Lin/Kotov/Högbom first-line helical IMP extract (DDM)
Q64359,swiss_tm_sample,redesign,0.4249,0.15,0,trim a long extramembrane loop,trim a long extramembrane loop,1% w/v DDM,0.03% w/v DDM (IMAC/SEC),LMNG / DMNG / GDN,fos-choline and PEG as 'stability' detergents (Kotov); glucosides weaker on IMAC (Högbom),Lin/Kotov/Högbom first-line helical IMP extract (DDM)
P48105,swiss_tm_sample,deprioritize,0.5452,0.2,0,,"low purify score, not WRAP-amenable, no obvious construct lever",1% w/v DDM,0.03% w/v DDM (IMAC/SEC),LMNG / DMNG / GDN,fos-choline and PEG as 'stability' detergents (Kotov); glucosides weaker on IMAC (Högbom),Lin/Kotov/Högbom first-line helical IMP extract (DDM)
P16926,swiss_tm_sample,redesign,0.4772,0.15,0,trim a long extramembrane loop,trim a long extramembrane loop,1% w/v DDM,0.03% w/v DDM (IMAC/SEC),LMNG / DMNG / GDN,fos-choline and PEG as 'stability' detergents (Kotov); glucosides weaker on IMAC (Högbom),Lin/Kotov/Högbom first-line helical IMP extract (DDM)
F4IKF6,swiss_tm_sample,redesign,0.4816,0.35,0,reduce disulfides / skip eukaryotic folding; trim a long extramembrane loop,reduce disulfides / skip eukaryotic folding; trim a long extramembrane loop,1% w/v DDM,0.03% w/v DDM (IMAC/SEC),LMNG / DMNG / GDN,fos-choline and PEG as 'stability' detergents (Kotov); glucosides weaker on IMAC (Högbom),Lin/Kotov/Högbom first-line helical IMP extract (DDM)
C5YHP6,swiss_tm_sample,standard,0.6954,0.35,0,,sequence resembles TargetTrack purified (given expression),1% w/v DDM,0.03% w/v DDM (IMAC/SEC),LMNG / DMNG / GDN,fos-choline and PEG as 'stability' detergents (Kotov); glucosides weaker on IMAC (Högbom),Lin/Kotov/Högbom first-line helical IMP extract (DDM)
P38189,swiss_tm_sample,deprioritize,0.3795,0.35,0,,"low purify score, not WRAP-amenable, no obvious construct lever",1% w/v DDM,0.03% w/v DDM (IMAC/SEC),LMNG / DMNG / GDN,fos-choline and PEG as 'stability' detergents (Kotov); glucosides weaker on IMAC (Högbom),Lin/Kotov/Högbom first-line helical IMP extract (DDM)
Q90308,swiss_tm_sample,standard,0.7263,0.05,0,drop sequons or use a prokaryotic host; reduce disulfides / skip eukaryotic folding; trim a long extramembrane loop,sequence resembles TargetTrack purified (given expression),1% w/v DDM,0.03% w/v DDM (IMAC/SEC),LMNG / DMNG / GDN,fos-choline and PEG as 'stability' detergents (Kotov); glucosides weaker on IMAC (Högbom),Lin/Kotov/Högbom first-line helical IMP extract (DDM)
Q60660,swiss_tm_sample,standard,0.6355,0.45,0,drop sequons or use a prokaryotic host; reduce disulfides / skip eukaryotic folding,sequence resembles TargetTrack purified (given expression),1% w/v DDM,0.03% w/v DDM (IMAC/SEC),LMNG / DMNG / GDN,fos-choline and PEG as 'stability' detergents (Kotov); glucosides weaker on IMAC (Högbom),Lin/Kotov/Högbom first-line helical IMP extract (DDM)
P69604,swiss_tm_sample,standard,0.5728,0.15,0,reduce disulfides / skip eukaryotic folding,sequence resembles TargetTrack purified (given expression),1% w/v DDM,0.03% w/v DDM (IMAC/SEC),LMNG / DMNG / GDN,fos-choline and PEG as 'stability' detergents (Kotov); glucosides weaker on IMAC (Högbom),Lin/Kotov/Högbom first-line helical IMP extract (DDM)
P69938,swiss_tm_sample,deprioritize,0.5455,0.35,0,,"low purify score, not WRAP-amenable, no obvious construct lever",1% w/v DDM,0.03% w/v DDM (IMAC/SEC),LMNG / DMNG / GDN,fos-choline and PEG as 'stability' detergents (Kotov); glucosides weaker on IMAC (Högbom),Lin/Kotov/Högbom first-line helical IMP extract (DDM)
A0R627,swiss_tm_sample,deprioritize,0.4948,0.35,0,,"low purify score, not WRAP-amenable, no obvious construct lever",1% w/v DDM,0.03% w/v DDM (IMAC/SEC),LMNG / DMNG / GDN,fos-choline and PEG as 'stability' detergents (Kotov); glucosides weaker on IMAC (Högbom),Lin/Kotov/Högbom first-line helical IMP extract (DDM)
Q0TJ26,swiss_tm_sample,redesign,0.521,0.35,0,trim a long extramembrane loop,trim a long extramembrane loop,1% w/v DDM,0.03% w/v DDM (IMAC/SEC),LMNG / DMNG / GDN,fos-choline and PEG as 'stability' detergents (Kotov); glucosides weaker on IMAC (Högbom),Lin/Kotov/Högbom first-line helical IMP extract (DDM)
Q20405,swiss_tm_sample,standard,0.6731,0.75,1,trim a long extramembrane loop,sequence resembles TargetTrack purified (given expression),1% w/v DDM,0.03% w/v DDM (IMAC/SEC),LMNG / DMNG / GDN,fos-choline and PEG as 'stability' detergents (Kotov); glucosides weaker on IMAC (Högbom),Lin/Kotov/Högbom first-line helical IMP extract (DDM)
O79671,swiss_tm_sample,standard,0.7389,0.35,0,trim a long extramembrane loop,sequence resembles TargetTrack purified (given expression),1% w/v DDM,0.03% w/v DDM (IMAC/SEC),LMNG / DMNG / GDN,fos-choline and PEG as 'stability' detergents (Kotov); glucosides weaker on IMAC (Högbom),Lin/Kotov/Högbom first-line helical IMP extract (DDM)
O74537,swiss_tm_sample,standard,0.7026,0.65,1,drop sequons or use a prokaryotic host; trim a long extramembrane loop,sequence resembles TargetTrack purified (given expression),1% w/v DDM,0.03% w/v DDM (IMAC/SEC),LMNG / DMNG / GDN,fos-choline and PEG as 'stability' detergents (Kotov); glucosides weaker on IMAC (Högbom),Lin/Kotov/Högbom first-line helical IMP extract (DDM)
C6Y4C7,swiss_tm_sample,deprioritize,0.2759,0.0,0,,"low purify score, not WRAP-amenable, no obvious construct lever",1% w/v DDM,0.03% w/v DDM (IMAC/SEC),LMNG / DMNG / GDN,fos-choline and PEG as 'stability' detergents (Kotov); glucosides weaker on IMAC (Högbom),Lin/Kotov/Högbom first-line helical IMP extract (DDM)
Q1CLD9,swiss_tm_sample,deprioritize,0.4793,0.35,0,,"low purify score, not WRAP-amenable, no obvious construct lever",1% w/v DDM,0.03% w/v DDM (IMAC/SEC),LMNG / DMNG / GDN,fos-choline and PEG as 'stability' detergents (Kotov); glucosides weaker on IMAC (Högbom),Lin/Kotov/Högbom first-line helical IMP extract (DDM)
Q4QPK9,swiss_tm_sample,redesign,0.4688,0.35,0,trim a long extramembrane loop,trim a long extramembrane loop,1% w/v DDM,0.03% w/v DDM (IMAC/SEC),LMNG / DMNG / GDN,fos-choline and PEG as 'stability' detergents (Kotov); glucosides weaker on IMAC (Högbom),Lin/Kotov/Högbom first-line helical IMP extract (DDM)
Q885M2,swiss_tm_sample,deprioritize,0.4607,0.35,0,,"low purify score, not WRAP-amenable, no obvious construct lever",1% w/v DDM,0.03% w/v DDM (IMAC/SEC),LMNG / DMNG / GDN,fos-choline and PEG as 'stability' detergents (Kotov); glucosides weaker on IMAC (Högbom),Lin/Kotov/Högbom first-line helical IMP extract (DDM)
A1B8C2,swiss_tm_sample,redesign,0.5136,0.35,0,trim a long extramembrane loop,trim a long extramembrane loop,1% w/v DDM,0.03% w/v DDM (IMAC/SEC),LMNG / DMNG / GDN,fos-choline and PEG as 'stability' detergents (Kotov); glucosides weaker on IMAC (Högbom),Lin/Kotov/Högbom first-line helical IMP extract (DDM)
P58219,swiss_tm_sample,standard,0.7048,0.65,1,drop sequons or use a prokaryotic host; add a fusion-able N- or C-terminus,sequence resembles TargetTrack purified (given expression),1% w/v DDM,0.03% w/v DDM (IMAC/SEC),LMNG / DMNG / GDN,fos-choline and PEG as 'stability' detergents (Kotov); glucosides weaker on IMAC (Högbom),Lin/Kotov/Högbom first-line helical IMP extract (DDM)
Q9MG84,swiss_tm_sample,redesign,0.5407,0.35,0,trim a long extramembrane loop,trim a long extramembrane loop,1% w/v DDM,0.03% w/v DDM (IMAC/SEC),LMNG / DMNG / GDN,fos-choline and PEG as 'stability' detergents (Kotov); glucosides weaker on IMAC (Högbom),Lin/Kotov/Högbom first-line helical IMP extract (DDM)
Q99KD6,swiss_tm_sample,deprioritize,0.3709,0.15,0,,"low purify score, not WRAP-amenable, no obvious construct lever",1% w/v DDM,0.03% w/v DDM (IMAC/SEC),LMNG / DMNG / GDN,fos-choline and PEG as 'stability' detergents (Kotov); glucosides weaker on IMAC (Högbom),Lin/Kotov/Högbom first-line helical IMP extract (DDM)
O34927,swiss_tm_sample,deprioritize,0.3896,0.35,0,,"low purify score, not WRAP-amenable, no obvious construct lever",1% w/v DDM,0.03% w/v DDM (IMAC/SEC),LMNG / DMNG / GDN,fos-choline and PEG as 'stability' detergents (Kotov); glucosides weaker on IMAC (Högbom),Lin/Kotov/Högbom first-line helical IMP extract (DDM)
Q61609,swiss_tm_sample,standard,0.5637,0.55,1,reduce disulfides / skip eukaryotic folding; add a fusion-able N- or C-terminus; trim a long extramembrane loop,sequence resembles TargetTrack purified (given expression),1% w/v DDM,0.03% w/v DDM (IMAC/SEC),LMNG / DMNG / GDN,fos-choline and PEG as 'stability' detergents (Kotov); glucosides weaker on IMAC (Högbom),Lin/Kotov/Högbom first-line helical IMP extract (DDM)
Q54QM0,swiss_tm_sample,deprioritize,0.4649,0.15,0,,"low purify score, not WRAP-amenable, no obvious construct lever",1% w/v DDM,0.03% w/v DDM (IMAC/SEC),LMNG / DMNG / GDN,fos-choline and PEG as 'stability' detergents (Kotov); glucosides weaker on IMAC (Högbom),Lin/Kotov/Högbom first-line helical IMP extract (DDM)
P76417,swiss_tm_sample,redesign,0.4874,0.35,0,trim a long extramembrane loop,trim a long extramembrane loop,1% w/v DDM,0.03% w/v DDM (IMAC/SEC),LMNG / DMNG / GDN,fos-choline and PEG as 'stability' detergents (Kotov); glucosides weaker on IMAC (Högbom),Lin/Kotov/Högbom first-line helical IMP extract (DDM)
Q3T144,swiss_tm_sample,standard,0.6214,0.15,0,,sequence resembles TargetTrack purified (given expression),1% w/v DDM,0.03% w/v DDM (IMAC/SEC),LMNG / DMNG / GDN,fos-choline and PEG as 'stability' detergents (Kotov); glucosides weaker on IMAC (Högbom),Lin/Kotov/Högbom first-line helical IMP extract (DDM)
P83781,swiss_tm_sample,redesign,0.512,0.15,0,trim a long extramembrane loop,trim a long extramembrane loop,1% w/v DDM,0.03% w/v DDM (IMAC/SEC),LMNG / DMNG / GDN,fos-choline and PEG as 'stability' detergents (Kotov); glucosides weaker on IMAC (Högbom),Lin/Kotov/Högbom first-line helical IMP extract (DDM)
Q2G991,swiss_tm_sample,redesign,0.5305,0.15,0,trim a long extramembrane loop,trim a long extramembrane loop,1% w/v DDM,0.03% w/v DDM (IMAC/SEC),LMNG / DMNG / GDN,fos-choline and PEG as 'stability' detergents (Kotov); glucosides weaker on IMAC (Högbom),Lin/Kotov/Högbom first-line helical IMP extract (DDM)
Q4WKA1,swiss_tm_sample,standard,0.5913,0.35,0,reduce disulfides / skip eukaryotic folding; trim a long extramembrane loop,sequence resembles TargetTrack purified (given expression),1% w/v DDM,0.03% w/v DDM (IMAC/SEC),LMNG / DMNG / GDN,fos-choline and PEG as 'stability' detergents (Kotov); glucosides weaker on IMAC (Högbom),Lin/Kotov/Högbom first-line helical IMP extract (DDM)
B7LAU1,swiss_tm_sample,wrap_rescue,0.4463,0.95,1,,standard purify looks unlikely; termini/TM belt look WRAP-amenable,1% w/v DDM,0.03% w/v DDM (IMAC/SEC),LMNG / DMNG / GDN,fos-choline and PEG as 'stability' detergents (Kotov); glucosides weaker on IMAC (Högbom),Lin/Kotov/Högbom first-line helical IMP extract (DDM)
Q9RJ68,swiss_tm_sample,wrap_rescue,0.2934,0.75,1,,standard purify looks unlikely; termini/TM belt look WRAP-amenable,1% w/v DDM,0.03% w/v DDM (IMAC/SEC),LMNG / DMNG / GDN,fos-choline and PEG as 'stability' detergents (Kotov); glucosides weaker on IMAC (Högbom),Lin/Kotov/Högbom first-line helical IMP extract (DDM)
Q4R6E8,swiss_tm_sample,standard,0.739,0.75,1,reduce disulfides / skip eukaryotic folding,sequence resembles TargetTrack purified (given expression),1% w/v DDM,0.03% w/v DDM (IMAC/SEC),LMNG / DMNG / GDN,fos-choline and PEG as 'stability' detergents (Kotov); glucosides weaker on IMAC (Högbom),Lin/Kotov/Högbom first-line helical IMP extract (DDM)
Q9FLV9,swiss_tm_sample,standard,0.6243,0.55,1,trim a long extramembrane loop,sequence resembles TargetTrack purified (given expression),1% w/v DDM,0.03% w/v DDM (IMAC/SEC),LMNG / DMNG / GDN,fos-choline and PEG as 'stability' detergents (Kotov); glucosides weaker on IMAC (Högbom),Lin/Kotov/Högbom first-line helical IMP extract (DDM)
C5BB35,swiss_tm_sample,wrap_rescue,0.493,0.75,1,add a fusion-able N- or C-terminus,standard purify looks unlikely; termini/TM belt look WRAP-amenable,1% w/v DDM,0.03% w/v DDM (IMAC/SEC),LMNG / DMNG / GDN,fos-choline and PEG as 'stability' detergents (Kotov); glucosides weaker on IMAC (Högbom),Lin/Kotov/Högbom first-line helical IMP extract (DDM)
O34586,swiss_tm_sample,redesign,0.3878,0.15,0,trim a long extramembrane loop,trim a long extramembrane loop,1% w/v DDM,0.03% w/v DDM (IMAC/SEC),LMNG / DMNG / GDN,fos-choline and PEG as 'stability' detergents (Kotov); glucosides weaker on IMAC (Högbom),Lin/Kotov/Högbom first-line helical IMP extract (DDM)
Q5HHW5,swiss_tm_sample,standard,0.5546,0.15,0,trim a long extramembrane loop,sequence resembles TargetTrack purified (given expression),1% w/v DDM,0.03% w/v DDM (IMAC/SEC),LMNG / DMNG / GDN,fos-choline and PEG as 'stability' detergents (Kotov); glucosides weaker on IMAC (Högbom),Lin/Kotov/Högbom first-line helical IMP extract (DDM)
Q8B115,swiss_tm_sample,standard,0.7311,0.05,0,drop sequons or use a prokaryotic host; reduce disulfides / skip eukaryotic folding; trim a long extramembrane loop,sequence resembles TargetTrack purified (given expression),1% w/v DDM,0.03% w/v DDM (IMAC/SEC),LMNG / DMNG / GDN,fos-choline and PEG as 'stability' detergents (Kotov); glucosides weaker on IMAC (Högbom),Lin/Kotov/Högbom first-line helical IMP extract (DDM)
B4TNY1,swiss_tm_sample,redesign,0.4161,0.15,0,trim a long extramembrane loop,trim a long extramembrane loop,1% w/v DDM,0.03% w/v DDM (IMAC/SEC),LMNG / DMNG / GDN,fos-choline and PEG as 'stability' detergents (Kotov); glucosides weaker on IMAC (Högbom),Lin/Kotov/Högbom first-line helical IMP extract (DDM)
A1L515,swiss_tm_sample,redesign,0.26,0.15,0,reduce disulfides / skip eukaryotic folding; trim a long extramembrane loop,reduce disulfides / skip eukaryotic folding; trim a long extramembrane loop,1% w/v DDM,0.03% w/v DDM (IMAC/SEC),LMNG / DMNG / GDN,fos-choline and PEG as 'stability' detergents (Kotov); glucosides weaker on IMAC (Högbom),Lin/Kotov/Högbom first-line helical IMP extract (DDM)
P51579,swiss_tm_sample,standard,0.6009,0.15,0,reduce disulfides / skip eukaryotic folding; trim a long extramembrane loop,sequence resembles TargetTrack purified (given expression),1% w/v DDM,0.03% w/v DDM (IMAC/SEC),LMNG / DMNG / GDN,fos-choline and PEG as 'stability' detergents (Kotov); glucosides weaker on IMAC (Högbom),Lin/Kotov/Högbom first-line helical IMP extract (DDM)
Q6B8P5,swiss_tm_sample,deprioritize,0.2832,0.35,0,,"low purify score, not WRAP-amenable, no obvious construct lever",1% w/v DDM,0.03% w/v DDM (IMAC/SEC),LMNG / DMNG / GDN,fos-choline and PEG as 'stability' detergents (Kotov); glucosides weaker on IMAC (Högbom),Lin/Kotov/Högbom first-line helical IMP extract (DDM)
B6JP50,swiss_tm_sample,redesign,0.3222,0.35,0,trim a long extramembrane loop,trim a long extramembrane loop,1% w/v DDM,0.03% w/v DDM (IMAC/SEC),LMNG / DMNG / GDN,fos-choline and PEG as 'stability' detergents (Kotov); glucosides weaker on IMAC (Högbom),Lin/Kotov/Högbom first-line helical IMP extract (DDM)
P9WFP3,swiss_tm_sample,redesign,0.5093,0.15,0,trim a long extramembrane loop,trim a long extramembrane loop,1% w/v DDM,0.03% w/v DDM (IMAC/SEC),LMNG / DMNG / GDN,fos-choline and PEG as 'stability' detergents (Kotov); glucosides weaker on IMAC (Högbom),Lin/Kotov/Högbom first-line helical IMP extract (DDM)
A0LIP0,swiss_tm_sample,deprioritize,0.3594,0.35,0,,"low purify score, not WRAP-amenable, no obvious construct lever",1% w/v DDM,0.03% w/v DDM (IMAC/SEC),LMNG / DMNG / GDN,fos-choline and PEG as 'stability' detergents (Kotov); glucosides weaker on IMAC (Högbom),Lin/Kotov/Högbom first-line helical IMP extract (DDM)
Q9ZV51,swiss_tm_sample,wrap_rescue,0.426,0.55,1,reduce disulfides / skip eukaryotic folding,standard purify looks unlikely; termini/TM belt look WRAP-amenable,1% w/v DDM,0.03% w/v DDM (IMAC/SEC),LMNG / DMNG / GDN,fos-choline and PEG as 'stability' detergents (Kotov); glucosides weaker on IMAC (Högbom),Lin/Kotov/Högbom first-line helical IMP extract (DDM)
Q8NH83,swiss_tm_sample,standard,0.6581,0.75,1,reduce disulfides / skip eukaryotic folding,sequence resembles TargetTrack purified (given expression),1% w/v DDM,0.03% w/v DDM (IMAC/SEC),LMNG / DMNG / GDN,fos-choline and PEG as 'stability' detergents (Kotov); glucosides weaker on IMAC (Högbom),Lin/Kotov/Högbom first-line helical IMP extract (DDM)
Q92643,swiss_tm_sample,redesign,0.4699,0.15,0,trim a long extramembrane loop,trim a long extramembrane loop,1% w/v DDM,0.03% w/v DDM (IMAC/SEC),LMNG / DMNG / GDN,fos-choline and PEG as 'stability' detergents (Kotov); glucosides weaker on IMAC (Högbom),Lin/Kotov/Högbom first-line helical IMP extract (DDM)
Q9LTM7,swiss_tm_sample,wrap_rescue,0.5164,0.55,1,trim a long extramembrane loop,standard purify looks unlikely; termini/TM belt look WRAP-amenable,1% w/v DDM,0.03% w/v DDM (IMAC/SEC),LMNG / DMNG / GDN,fos-choline and PEG as 'stability' detergents (Kotov); glucosides weaker on IMAC (Högbom),Lin/Kotov/Högbom first-line helical IMP extract (DDM)
Q3L6Y4,swiss_tm_sample,standard,0.751,0.35,0,,sequence resembles TargetTrack purified (given expression),1% w/v DDM,0.03% w/v DDM (IMAC/SEC),LMNG / DMNG / GDN,fos-choline and PEG as 'stability' detergents (Kotov); glucosides weaker on IMAC (Högbom),Lin/Kotov/Högbom first-line helical IMP extract (DDM)
Q9LNV3,swiss_tm_sample,wrap_rescue,0.4931,0.75,1,reduce disulfides / skip eukaryotic folding; trim a long extramembrane loop,standard purify looks unlikely; termini/TM belt look WRAP-amenable,1% w/v DDM,0.03% w/v DDM (IMAC/SEC),LMNG / DMNG / GDN,fos-choline and PEG as 'stability' detergents (Kotov); glucosides weaker on IMAC (Högbom),Lin/Kotov/Högbom first-line helical IMP extract (DDM)
B9IH36,swiss_tm_sample,standard,0.5926,0.35,0,,sequence resembles TargetTrack purified (given expression),1% w/v DDM,0.03% w/v DDM (IMAC/SEC),LMNG / DMNG / GDN,fos-choline and PEG as 'stability' detergents (Kotov); glucosides weaker on IMAC (Högbom),Lin/Kotov/Högbom first-line helical IMP extract (DDM)
Q12UB0,swiss_tm_sample,wrap_rescue,0.5156,0.75,1,,standard purify looks unlikely; termini/TM belt look WRAP-amenable,1% w/v DDM,0.03% w/v DDM (IMAC/SEC),LMNG / DMNG / GDN,fos-choline and PEG as 'stability' detergents (Kotov); glucosides weaker on IMAC (Högbom),Lin/Kotov/Högbom first-line helical IMP extract (DDM)
O09111,swiss_tm_sample,deprioritize,0.4206,0.15,0,,"low purify score, not WRAP-amenable, no obvious construct lever",1% w/v DDM,0.03% w/v DDM (IMAC/SEC),LMNG / DMNG / GDN,fos-choline and PEG as 'stability' detergents (Kotov); glucosides weaker on IMAC (Högbom),Lin/Kotov/Högbom first-line helical IMP extract (DDM)
Q61038,swiss_tm_sample,standard,0.7069,0.15,0,reduce disulfides / skip eukaryotic folding; trim a long extramembrane loop,sequence resembles TargetTrack purified (given expression),1% w/v DDM,0.03% w/v DDM (IMAC/SEC),LMNG / DMNG / GDN,fos-choline and PEG as 'stability' detergents (Kotov); glucosides weaker on IMAC (Högbom),Lin/Kotov/Högbom first-line helical IMP extract (DDM)
Q9Y5E1,swiss_tm_sample,redesign,0.4551,0.05,0,drop sequons or use a prokaryotic host; reduce disulfides / skip eukaryotic folding; trim a long extramembrane loop,drop sequons or use a prokaryotic host; reduce disulfides / skip eukaryotic folding; trim a long extramembrane loop,1% w/v DDM,0.03% w/v DDM (IMAC/SEC),LMNG / DMNG / GDN,fos-choline and PEG as 'stability' detergents (Kotov); glucosides weaker on IMAC (Högbom),Lin/Kotov/Högbom first-line helical IMP extract (DDM)
P29255,swiss_tm_sample,standard,0.5699,0.15,0,trim a long extramembrane loop,sequence resembles TargetTrack purified (given expression),1% w/v DDM,0.03% w/v DDM (IMAC/SEC),LMNG / DMNG / GDN,fos-choline and PEG as 'stability' detergents (Kotov); glucosides weaker on IMAC (Högbom),Lin/Kotov/Högbom first-line helical IMP extract (DDM)
Q95252,swiss_tm_sample,standard,0.6269,0.75,1,reduce disulfides / skip eukaryotic folding; trim a long extramembrane loop,sequence resembles TargetTrack purified (given expression),1% w/v DDM,0.03% w/v DDM (IMAC/SEC),LMNG / DMNG / GDN,fos-choline and PEG as 'stability' detergents (Kotov); glucosides weaker on IMAC (Högbom),Lin/Kotov/Högbom first-line helical IMP extract (DDM)
P15754,swiss_tm_sample,wrap_rescue,0.377,0.75,1,,standard purify looks unlikely; termini/TM belt look WRAP-amenable,1% w/v DDM,0.03% w/v DDM (IMAC/SEC),LMNG / DMNG / GDN,fos-choline and PEG as 'stability' detergents (Kotov); glucosides weaker on IMAC (Högbom),Lin/Kotov/Högbom first-line helical IMP extract (DDM)
Q8VC82,swiss_tm_sample,redesign,0.4648,0.15,0,reduce disulfides / skip eukaryotic folding; trim a long extramembrane loop,reduce disulfides / skip eukaryotic folding; trim a long extramembrane loop,1% w/v DDM,0.03% w/v DDM (IMAC/SEC),LMNG / DMNG / GDN,fos-choline and PEG as 'stability' detergents (Kotov); glucosides weaker on IMAC (Högbom),Lin/Kotov/Högbom first-line helical IMP extract (DDM)
Q7AA80,swiss_tm_sample,wrap_rescue,0.4943,0.75,1,,standard purify looks unlikely; termini/TM belt look WRAP-amenable,1% w/v DDM,0.03% w/v DDM (IMAC/SEC),LMNG / DMNG / GDN,fos-choline and PEG as 'stability' detergents (Kotov); glucosides weaker on IMAC (Högbom),Lin/Kotov/Högbom first-line helical IMP extract (DDM)
A7X3V5,swiss_tm_sample,standard,0.6323,0.55,1,trim a long extramembrane loop,sequence resembles TargetTrack purified (given expression),1% w/v DDM,0.03% w/v DDM (IMAC/SEC),LMNG / DMNG / GDN,fos-choline and PEG as 'stability' detergents (Kotov); glucosides weaker on IMAC (Högbom),Lin/Kotov/Högbom first-line helical IMP extract (DDM)
Q48624,swiss_tm_sample,wrap_rescue,0.539,0.75,1,add a fusion-able N- or C-terminus; trim a long extramembrane loop,standard purify looks unlikely; termini/TM belt look WRAP-amenable,1% w/v DDM,0.03% w/v DDM (IMAC/SEC),LMNG / DMNG / GDN,fos-choline and PEG as 'stability' detergents (Kotov); glucosides weaker on IMAC (Högbom),Lin/Kotov/Högbom first-line helical IMP extract (DDM)
P14378,swiss_tm_sample,redesign,0.5259,0.45,0,drop sequons or use a prokaryotic host; reduce disulfides / skip eukaryotic folding; trim a long extramembrane loop,drop sequons or use a prokaryotic host; reduce disulfides / skip eukaryotic folding; trim a long extramembrane loop,1% w/v DDM,0.03% w/v DDM (IMAC/SEC),LMNG / DMNG / GDN,fos-choline and PEG as 'stability' detergents (Kotov); glucosides weaker on IMAC (Högbom),Lin/Kotov/Högbom first-line helical IMP extract (DDM)
Q8YCQ9,swiss_tm_sample,deprioritize,0.506,0.35,0,,"low purify score, not WRAP-amenable, no obvious construct lever",1% w/v DDM,0.03% w/v DDM (IMAC/SEC),LMNG / DMNG / GDN,fos-choline and PEG as 'stability' detergents (Kotov); glucosides weaker on IMAC (Högbom),Lin/Kotov/Högbom first-line helical IMP extract (DDM)
Q3T013,swiss_tm_sample,deprioritize,0.2618,0.15,0,,"low purify score, not WRAP-amenable, no obvious construct lever",1% w/v DDM,0.03% w/v DDM (IMAC/SEC),LMNG / DMNG / GDN,fos-choline and PEG as 'stability' detergents (Kotov); glucosides weaker on IMAC (Högbom),Lin/Kotov/Högbom first-line helical IMP extract (DDM)
B2K842,swiss_tm_sample,redesign,0.3915,0.8,0,add a fusion-able N- or C-terminus,add a fusion-able N- or C-terminus,1% w/v DDM,0.03% w/v DDM (IMAC/SEC),LMNG / DMNG / GDN,fos-choline and PEG as 'stability' detergents (Kotov); glucosides weaker on IMAC (Högbom),Lin/Kotov/Högbom first-line helical IMP extract (DDM)
Q9AGA7,swiss_tm_sample,wrap_rescue,0.4162,0.75,1,add a fusion-able N- or C-terminus,standard purify looks unlikely; termini/TM belt look WRAP-amenable,1% w/v DDM,0.03% w/v DDM (IMAC/SEC),LMNG / DMNG / GDN,fos-choline and PEG as 'stability' detergents (Kotov); glucosides weaker on IMAC (Högbom),Lin/Kotov/Högbom first-line helical IMP extract (DDM)
Q8VY40,swiss_tm_sample,deprioritize,0.2673,0.0,0,,"low purify score, not WRAP-amenable, no obvious construct lever",1% w/v DDM,0.03% w/v DDM (IMAC/SEC),LMNG / DMNG / GDN,fos-choline and PEG as 'stability' detergents (Kotov); glucosides weaker on IMAC (Högbom),Lin/Kotov/Högbom first-line helical IMP extract (DDM)
P89059,swiss_tm_sample,standard,0.5505,0.15,0,,sequence resembles TargetTrack purified (given expression),1% w/v DDM,0.03% w/v DDM (IMAC/SEC),LMNG / DMNG / GDN,fos-choline and PEG as 'stability' detergents (Kotov); glucosides weaker on IMAC (Högbom),Lin/Kotov/Högbom first-line helical IMP extract (DDM)
Q9LZD0,swiss_tm_sample,redesign,0.4166,0.35,0,trim a long extramembrane loop,trim a long extramembrane loop,1% w/v DDM,0.03% w/v DDM (IMAC/SEC),LMNG / DMNG / GDN,fos-choline and PEG as 'stability' detergents (Kotov); glucosides weaker on IMAC (Högbom),Lin/Kotov/Högbom first-line helical IMP extract (DDM)
Q53GD3,swiss_tm_sample,standard,0.7078,0.65,1,drop sequons or use a prokaryotic host; reduce disulfides / skip eukaryotic folding; add a fusion-able N- or C-terminus; trim a long extramembrane loop,sequence resembles TargetTrack purified (given expression),1% w/v DDM,0.03% w/v DDM (IMAC/SEC),LMNG / DMNG / GDN,fos-choline and PEG as 'stability' detergents (Kotov); glucosides weaker on IMAC (Högbom),Lin/Kotov/Högbom first-line helical IMP extract (DDM)
Q09422,swiss_tm_sample,redesign,0.4145,0.15,0,trim a long extramembrane loop,trim a long extramembrane loop,1% w/v DDM,0.03% w/v DDM (IMAC/SEC),LMNG / DMNG / GDN,fos-choline and PEG as 'stability' detergents (Kotov); glucosides weaker on IMAC (Högbom),Lin/Kotov/Högbom first-line helical IMP extract (DDM)
A9MYZ7,swiss_tm_sample,standard,0.6132,0.75,1,trim a long extramembrane loop,sequence resembles TargetTrack purified (given expression),1% w/v DDM,0.03% w/v DDM (IMAC/SEC),LMNG / DMNG / GDN,fos-choline and PEG as 'stability' detergents (Kotov); glucosides weaker on IMAC (Högbom),Lin/Kotov/Högbom first-line helical IMP extract (DDM)
Q5PMJ0,swiss_tm_sample,standard,0.5535,0.55,1,trim a long extramembrane loop,sequence resembles TargetTrack purified (given expression),1% w/v DDM,0.03% w/v DDM (IMAC/SEC),LMNG / DMNG / GDN,fos-choline and PEG as 'stability' detergents (Kotov); glucosides weaker on IMAC (Högbom),Lin/Kotov/Högbom first-line helical IMP extract (DDM)
Q70XV9,swiss_tm_sample,redesign,0.336,0.35,0,trim a long extramembrane loop,trim a long extramembrane loop,1% w/v DDM,0.03% w/v DDM (IMAC/SEC),LMNG / DMNG / GDN,fos-choline and PEG as 'stability' detergents (Kotov); glucosides weaker on IMAC (Högbom),Lin/Kotov/Högbom first-line helical IMP extract (DDM)
P9WG62,swiss_tm_sample,standard,0.5534,0.55,1,reduce disulfides / skip eukaryotic folding; trim a long extramembrane loop,sequence resembles TargetTrack purified (given expression),1% w/v DDM,0.03% w/v DDM (IMAC/SEC),LMNG / DMNG / GDN,fos-choline and PEG as 'stability' detergents (Kotov); glucosides weaker on IMAC (Högbom),Lin/Kotov/Högbom first-line helical IMP extract (DDM)
Q864H0,swiss_tm_sample,standard,0.7199,0.75,1,reduce disulfides / skip eukaryotic folding,sequence resembles TargetTrack purified (given expression),1% w/v DDM,0.03% w/v DDM (IMAC/SEC),LMNG / DMNG / GDN,fos-choline and PEG as 'stability' detergents (Kotov); glucosides weaker on IMAC (Högbom),Lin/Kotov/Högbom first-line helical IMP extract (DDM)
Q6CBS9,swiss_tm_sample,redesign,0.3553,0.15,0,trim a long extramembrane loop,trim a long extramembrane loop,1% w/v DDM,0.03% w/v DDM (IMAC/SEC),LMNG / DMNG / GDN,fos-choline and PEG as 'stability' detergents (Kotov); glucosides weaker on IMAC (Högbom),Lin/Kotov/Högbom first-line helical IMP extract (DDM)
A1VK09,swiss_tm_sample,standard,0.627,0.35,0,,sequence resembles TargetTrack purified (given expression),1% w/v DDM,0.03% w/v DDM (IMAC/SEC),LMNG / DMNG / GDN,fos-choline and PEG as 'stability' detergents (Kotov); glucosides weaker on IMAC (Högbom),Lin/Kotov/Högbom first-line helical IMP extract (DDM)
Q9TEY6,swiss_tm_sample,standard,0.5542,0.35,0,trim a long extramembrane loop,sequence resembles TargetTrack purified (given expression),1% w/v DDM,0.03% w/v DDM (IMAC/SEC),LMNG / DMNG / GDN,fos-choline and PEG as 'stability' detergents (Kotov); glucosides weaker on IMAC (Högbom),Lin/Kotov/Högbom first-line helical IMP extract (DDM)
A1JJC1,swiss_tm_sample,deprioritize,0.4307,0.15,0,,"low purify score, not WRAP-amenable, no obvious construct lever",1% w/v DDM,0.03% w/v DDM (IMAC/SEC),LMNG / DMNG / GDN,fos-choline and PEG as 'stability' detergents (Kotov); glucosides weaker on IMAC (Högbom),Lin/Kotov/Högbom first-line helical IMP extract (DDM)
P51802,swiss_tm_sample,redesign,0.5035,0.25,0,drop sequons or use a prokaryotic host; reduce disulfides / skip eukaryotic folding; trim a long extramembrane loop,drop sequons or use a prokaryotic host; reduce disulfides / skip eukaryotic folding; trim a long extramembrane loop,1% w/v DDM,0.03% w/v DDM (IMAC/SEC),LMNG / DMNG / GDN,fos-choline and PEG as 'stability' detergents (Kotov); glucosides weaker on IMAC (Högbom),Lin/Kotov/Högbom first-line helical IMP extract (DDM)
Q1HVE9,swiss_tm_sample,standard,0.6042,0.35,0,reduce disulfides / skip eukaryotic folding; trim a long extramembrane loop,sequence resembles TargetTrack purified (given expression),1% w/v DDM,0.03% w/v DDM (IMAC/SEC),LMNG / DMNG / GDN,fos-choline and PEG as 'stability' detergents (Kotov); glucosides weaker on IMAC (Högbom),Lin/Kotov/Högbom first-line helical IMP extract (DDM)
O14103,swiss_tm_sample,deprioritize,0.4964,0.15,0,,"low purify score, not WRAP-amenable, no obvious construct lever",1% w/v DDM,0.03% w/v DDM (IMAC/SEC),LMNG / DMNG / GDN,fos-choline and PEG as 'stability' detergents (Kotov); glucosides weaker on IMAC (Högbom),Lin/Kotov/Högbom first-line helical IMP extract (DDM)
Q7YRZ9,swiss_tm_sample,redesign,0.2297,0.15,0,trim a long extramembrane loop,trim a long extramembrane loop,1% w/v DDM,0.03% w/v DDM (IMAC/SEC),LMNG / DMNG / GDN,fos-choline and PEG as 'stability' detergents (Kotov); glucosides weaker on IMAC (Högbom),Lin/Kotov/Högbom first-line helical IMP extract (DDM)
Q05888,swiss_tm_sample,wrap_rescue,0.3944,0.95,1,add a fusion-able N- or C-terminus,standard purify looks unlikely; termini/TM belt look WRAP-amenable,1% w/v DDM,0.03% w/v DDM (IMAC/SEC),LMNG / DMNG / GDN,fos-choline and PEG as 'stability' detergents (Kotov); glucosides weaker on IMAC (Högbom),Lin/Kotov/Högbom first-line helical IMP extract (DDM)
Q8FFD5,swiss_tm_sample,redesign,0.4223,0.35,0,trim a long extramembrane loop,trim a long extramembrane loop,1% w/v DDM,0.03% w/v DDM (IMAC/SEC),LMNG / DMNG / GDN,fos-choline and PEG as 'stability' detergents (Kotov); glucosides weaker on IMAC (Högbom),Lin/Kotov/Högbom first-line helical IMP extract (DDM)
A0A1V6NWP3,swiss_tm_sample,redesign,0.4714,0.15,0,reduce disulfides / skip eukaryotic folding; trim a long extramembrane loop,reduce disulfides / skip eukaryotic folding; trim a long extramembrane loop,1% w/v DDM,0.03% w/v DDM (IMAC/SEC),LMNG / DMNG / GDN,fos-choline and PEG as 'stability' detergents (Kotov); glucosides weaker on IMAC (Högbom),Lin/Kotov/Högbom first-line helical IMP extract (DDM)
B3LTC5,swiss_tm_sample,standard,0.6739,0.15,0,reduce disulfides / skip eukaryotic folding,sequence resembles TargetTrack purified (given expression),1% w/v DDM,0.03% w/v DDM (IMAC/SEC),LMNG / DMNG / GDN,fos-choline and PEG as 'stability' detergents (Kotov); glucosides weaker on IMAC (Högbom),Lin/Kotov/Högbom first-line helical IMP extract (DDM)
O94727,swiss_tm_sample,standard,0.5854,0.05,0,drop sequons or use a prokaryotic host; reduce disulfides / skip eukaryotic folding; trim a long extramembrane loop,sequence resembles TargetTrack purified (given expression),1% w/v DDM,0.03% w/v DDM (IMAC/SEC),LMNG / DMNG / GDN,fos-choline and PEG as 'stability' detergents (Kotov); glucosides weaker on IMAC (Högbom),Lin/Kotov/Högbom first-line helical IMP extract (DDM)
Q9JFA1,swiss_tm_sample,redesign,0.5032,0.05,0,drop sequons or use a prokaryotic host; trim a long extramembrane loop,drop sequons or use a prokaryotic host; trim a long extramembrane loop,1% w/v DDM,0.03% w/v DDM (IMAC/SEC),LMNG / DMNG / GDN,fos-choline and PEG as 'stability' detergents (Kotov); glucosides weaker on IMAC (Högbom),Lin/Kotov/Högbom first-line helical IMP extract (DDM)
Q8LE26,swiss_tm_sample,deprioritize,0.451,0.15,0,,"low purify score, not WRAP-amenable, no obvious construct lever",1% w/v DDM,0.03% w/v DDM (IMAC/SEC),LMNG / DMNG / GDN,fos-choline and PEG as 'stability' detergents (Kotov); glucosides weaker on IMAC (Högbom),Lin/Kotov/Högbom first-line helical IMP extract (DDM)
B7LA15,swiss_tm_sample,standard,0.5582,0.55,1,,sequence resembles TargetTrack purified (given expression),1% w/v DDM,0.03% w/v DDM (IMAC/SEC),LMNG / DMNG / GDN,fos-choline and PEG as 'stability' detergents (Kotov); glucosides weaker on IMAC (Högbom),Lin/Kotov/Högbom first-line helical IMP extract (DDM)
Q646F7,swiss_tm_sample,redesign,0.5385,0.35,0,trim a long extramembrane loop,trim a long extramembrane loop,1% w/v DDM,0.03% w/v DDM (IMAC/SEC),LMNG / DMNG / GDN,fos-choline and PEG as 'stability' detergents (Kotov); glucosides weaker on IMAC (Högbom),Lin/Kotov/Högbom first-line helical IMP extract (DDM)
Q5T4D3,swiss_tm_sample,redesign,0.5286,0.15,0,reduce disulfides / skip eukaryotic folding; trim a long extramembrane loop,reduce disulfides / skip eukaryotic folding; trim a long extramembrane loop,1% w/v DDM,0.03% w/v DDM (IMAC/SEC),LMNG / DMNG / GDN,fos-choline and PEG as 'stability' detergents (Kotov); glucosides weaker on IMAC (Högbom),Lin/Kotov/Högbom first-line helical IMP extract (DDM)
A0QU26,swiss_tm_sample,standard,0.7793,0.35,0,,sequence resembles TargetTrack purified (given expression),1% w/v DDM,0.03% w/v DDM (IMAC/SEC),LMNG / DMNG / GDN,fos-choline and PEG as 'stability' detergents (Kotov); glucosides weaker on IMAC (Högbom),Lin/Kotov/Högbom first-line helical IMP extract (DDM)
Q9H5K3,swiss_tm_sample,standard,0.561,0.05,0,drop sequons or use a prokaryotic host; reduce disulfides / skip eukaryotic folding; trim a long extramembrane loop,sequence resembles TargetTrack purified (given expression),1% w/v DDM,0.03% w/v DDM (IMAC/SEC),LMNG / DMNG / GDN,fos-choline and PEG as 'stability' detergents (Kotov); glucosides weaker on IMAC (Högbom),Lin/Kotov/Högbom first-line helical IMP extract (DDM)
Q9JVQ1,swiss_tm_sample,deprioritize,0.4535,0.35,0,,"low purify score, not WRAP-amenable, no obvious construct lever",1% w/v DDM,0.03% w/v DDM (IMAC/SEC),LMNG / DMNG / GDN,fos-choline and PEG as 'stability' detergents (Kotov); glucosides weaker on IMAC (Högbom),Lin/Kotov/Högbom first-line helical IMP extract (DDM)
P9WJG4,swiss_tm_sample,deprioritize,0.3466,0.15,0,,"low purify score, not WRAP-amenable, no obvious construct lever",1% w/v DDM,0.03% w/v DDM (IMAC/SEC),LMNG / DMNG / GDN,fos-choline and PEG as 'stability' detergents (Kotov); glucosides weaker on IMAC (Högbom),Lin/Kotov/Högbom first-line helical IMP extract (DDM)
A9R1W0,swiss_tm_sample,deprioritize,0.3338,0.8,0,,"low purify score, not WRAP-amenable, no obvious construct lever",1% w/v DDM,0.03% w/v DDM (IMAC/SEC),LMNG / DMNG / GDN,fos-choline and PEG as 'stability' detergents (Kotov); glucosides weaker on IMAC (Högbom),Lin/Kotov/Högbom first-line helical IMP extract (DDM)
P61776,swiss_tm_sample,wrap_rescue,0.511,0.75,1,,standard purify looks unlikely; termini/TM belt look WRAP-amenable,1% w/v DDM,0.03% w/v DDM (IMAC/SEC),LMNG / DMNG / GDN,fos-choline and PEG as 'stability' detergents (Kotov); glucosides weaker on IMAC (Högbom),Lin/Kotov/Högbom first-line helical IMP extract (DDM)
O14804,swiss_tm_sample,standard,0.6482,0.75,1,reduce disulfides / skip eukaryotic folding; trim a long extramembrane loop,sequence resembles TargetTrack purified (given expression),1% w/v DDM,0.03% w/v DDM (IMAC/SEC),LMNG / DMNG / GDN,fos-choline and PEG as 'stability' detergents (Kotov); glucosides weaker on IMAC (Högbom),Lin/Kotov/Högbom first-line helical IMP extract (DDM)
Q26421,swiss_tm_sample,wrap_rescue,0.413,0.95,1,,standard purify looks unlikely; termini/TM belt look WRAP-amenable,1% w/v DDM,0.03% w/v DDM (IMAC/SEC),LMNG / DMNG / GDN,fos-choline and PEG as 'stability' detergents (Kotov); glucosides weaker on IMAC (Högbom),Lin/Kotov/Högbom first-line helical IMP extract (DDM)
P16672,swiss_tm_sample,wrap_rescue,0.4909,0.75,1,trim a long extramembrane loop,standard purify looks unlikely; termini/TM belt look WRAP-amenable,1% w/v DDM,0.03% w/v DDM (IMAC/SEC),LMNG / DMNG / GDN,fos-choline and PEG as 'stability' detergents (Kotov); glucosides weaker on IMAC (Högbom),Lin/Kotov/Högbom first-line helical IMP extract (DDM)
Q9W497,swiss_tm_sample,standard,0.5559,0.15,0,reduce disulfides / skip eukaryotic folding; trim a long extramembrane loop,sequence resembles TargetTrack purified (given expression),1% w/v DDM,0.03% w/v DDM (IMAC/SEC),LMNG / DMNG / GDN,fos-choline and PEG as 'stability' detergents (Kotov); glucosides weaker on IMAC (Högbom),Lin/Kotov/Högbom first-line helical IMP extract (DDM)
Q32KN2,swiss_tm_sample,deprioritize,0.2987,0.15,0,,"low purify score, not WRAP-amenable, no obvious construct lever",1% w/v DDM,0.03% w/v DDM (IMAC/SEC),LMNG / DMNG / GDN,fos-choline and PEG as 'stability' detergents (Kotov); glucosides weaker on IMAC (Högbom),Lin/Kotov/Högbom first-line helical IMP extract (DDM)
P92477,swiss_tm_sample,standard,0.6788,0.65,1,drop sequons or use a prokaryotic host; trim a long extramembrane loop,sequence resembles TargetTrack purified (given expression),1% w/v DDM,0.03% w/v DDM (IMAC/SEC),LMNG / DMNG / GDN,fos-choline and PEG as 'stability' detergents (Kotov); glucosides weaker on IMAC (Högbom),Lin/Kotov/Högbom first-line helical IMP extract (DDM)
B1JNE6,swiss_tm_sample,redesign,0.5287,0.35,0,trim a long extramembrane loop,trim a long extramembrane loop,1% w/v DDM,0.03% w/v DDM (IMAC/SEC),LMNG / DMNG / GDN,fos-choline and PEG as 'stability' detergents (Kotov); glucosides weaker on IMAC (Högbom),Lin/Kotov/Högbom first-line helical IMP extract (DDM)
B7LSP0,swiss_tm_sample,deprioritize,0.4365,0.35,0,,"low purify score, not WRAP-amenable, no obvious construct lever",1% w/v DDM,0.03% w/v DDM (IMAC/SEC),LMNG / DMNG / GDN,fos-choline and PEG as 'stability' detergents (Kotov); glucosides weaker on IMAC (Högbom),Lin/Kotov/Högbom first-line helical IMP extract (DDM)
A6QS12,swiss_tm_sample,standard,0.5701,0.45,0,drop sequons or use a prokaryotic host; reduce disulfides / skip eukaryotic folding; add a fusion-able N- or C-terminus; trim a long extramembrane loop,sequence resembles TargetTrack purified (given expression),1% w/v DDM,0.03% w/v DDM (IMAC/SEC),LMNG / DMNG / GDN,fos-choline and PEG as 'stability' detergents (Kotov); glucosides weaker on IMAC (Högbom),Lin/Kotov/Högbom first-line helical IMP extract (DDM)
Q8L9C4,swiss_tm_sample,redesign,0.3855,0.15,0,trim a long extramembrane loop,trim a long extramembrane loop,1% w/v DDM,0.03% w/v DDM (IMAC/SEC),LMNG / DMNG / GDN,fos-choline and PEG as 'stability' detergents (Kotov); glucosides weaker on IMAC (Högbom),Lin/Kotov/Högbom first-line helical IMP extract (DDM)
Q508N0,swiss_tm_sample,redesign,0.5171,0.35,0,trim a long extramembrane loop,trim a long extramembrane loop,1% w/v DDM,0.03% w/v DDM (IMAC/SEC),LMNG / DMNG / GDN,fos-choline and PEG as 'stability' detergents (Kotov); glucosides weaker on IMAC (Högbom),Lin/Kotov/Högbom first-line helical IMP extract (DDM)
Q5RIV7,swiss_tm_sample,standard,0.7187,0.45,0,drop sequons or use a prokaryotic host; reduce disulfides / skip eukaryotic folding; trim a long extramembrane loop,sequence resembles TargetTrack purified (given expression),1% w/v DDM,0.03% w/v DDM (IMAC/SEC),LMNG / DMNG / GDN,fos-choline and PEG as 'stability' detergents (Kotov); glucosides weaker on IMAC (Högbom),Lin/Kotov/Högbom first-line helical IMP extract (DDM)
A6Q7D4,swiss_tm_sample,redesign,0.4831,0.15,0,trim a long extramembrane loop,trim a long extramembrane loop,1% w/v DDM,0.03% w/v DDM (IMAC/SEC),LMNG / DMNG / GDN,fos-choline and PEG as 'stability' detergents (Kotov); glucosides weaker on IMAC (Högbom),Lin/Kotov/Högbom first-line helical IMP extract (DDM)
Q85IN3,swiss_tm_sample,standard,0.5629,0.35,0,trim a long extramembrane loop,sequence resembles TargetTrack purified (given expression),1% w/v DDM,0.03% w/v DDM (IMAC/SEC),LMNG / DMNG / GDN,fos-choline and PEG as 'stability' detergents (Kotov); glucosides weaker on IMAC (Högbom),Lin/Kotov/Högbom first-line helical IMP extract (DDM)
P0AFN4,swiss_tm_sample,wrap_rescue,0.4447,0.75,1,,standard purify looks unlikely; termini/TM belt look WRAP-amenable,1% w/v DDM,0.03% w/v DDM (IMAC/SEC),LMNG / DMNG / GDN,fos-choline and PEG as 'stability' detergents (Kotov); glucosides weaker on IMAC (Högbom),Lin/Kotov/Högbom first-line helical IMP extract (DDM)
Q34106,swiss_tm_sample,redesign,0.5211,0.35,0,trim a long extramembrane loop,trim a long extramembrane loop,1% w/v DDM,0.03% w/v DDM (IMAC/SEC),LMNG / DMNG / GDN,fos-choline and PEG as 'stability' detergents (Kotov); glucosides weaker on IMAC (Högbom),Lin/Kotov/Högbom first-line helical IMP extract (DDM)
Q7X911,swiss_tm_sample,redesign,0.4904,0.15,0,reduce disulfides / skip eukaryotic folding; trim a long extramembrane loop,reduce disulfides / skip eukaryotic folding; trim a long extramembrane loop,1% w/v DDM,0.03% w/v DDM (IMAC/SEC),LMNG / DMNG / GDN,fos-choline and PEG as 'stability' detergents (Kotov); glucosides weaker on IMAC (Högbom),Lin/Kotov/Högbom first-line helical IMP extract (DDM)
Q8KFJ7,swiss_tm_sample,redesign,0.4164,0.35,0,trim a long extramembrane loop,trim a long extramembrane loop,1% w/v DDM,0.03% w/v DDM (IMAC/SEC),LMNG / DMNG / GDN,fos-choline and PEG as 'stability' detergents (Kotov); glucosides weaker on IMAC (Högbom),Lin/Kotov/Högbom first-line helical IMP extract (DDM)
P96706,swiss_tm_sample,wrap_rescue,0.4447,0.75,1,add a fusion-able N- or C-terminus; trim a long extramembrane loop,standard purify looks unlikely; termini/TM belt look WRAP-amenable,1% w/v DDM,0.03% w/v DDM (IMAC/SEC),LMNG / DMNG / GDN,fos-choline and PEG as 'stability' detergents (Kotov); glucosides weaker on IMAC (Högbom),Lin/Kotov/Högbom first-line helical IMP extract (DDM)
Q573C7,swiss_tm_sample,standard,0.6881,0.15,0,trim a long extramembrane loop,sequence resembles TargetTrack purified (given expression),1% w/v DDM,0.03% w/v DDM (IMAC/SEC),LMNG / DMNG / GDN,fos-choline and PEG as 'stability' detergents (Kotov); glucosides weaker on IMAC (Högbom),Lin/Kotov/Högbom first-line helical IMP extract (DDM)
Q9VAQ8,swiss_tm_sample,redesign,0.5004,0.15,0,trim a long extramembrane loop,trim a long extramembrane loop,1% w/v DDM,0.03% w/v DDM (IMAC/SEC),LMNG / DMNG / GDN,fos-choline and PEG as 'stability' detergents (Kotov); glucosides weaker on IMAC (Högbom),Lin/Kotov/Högbom first-line helical IMP extract (DDM)
Q8K0U3,swiss_tm_sample,deprioritize,0.4745,0.35,0,,"low purify score, not WRAP-amenable, no obvious construct lever",1% w/v DDM,0.03% w/v DDM (IMAC/SEC),LMNG / DMNG / GDN,fos-choline and PEG as 'stability' detergents (Kotov); glucosides weaker on IMAC (Högbom),Lin/Kotov/Högbom first-line helical IMP extract (DDM)
Q04203,swiss_tm_sample,deprioritize,0.3345,0.15,0,,"low purify score, not WRAP-amenable, no obvious construct lever",1% w/v DDM,0.03% w/v DDM (IMAC/SEC),LMNG / DMNG / GDN,fos-choline and PEG as 'stability' detergents (Kotov); glucosides weaker on IMAC (Högbom),Lin/Kotov/Högbom first-line helical IMP extract (DDM)
Q9D035,swiss_tm_sample,redesign,0.5386,0.35,0,reduce disulfides / skip eukaryotic folding,reduce disulfides / skip eukaryotic folding,1% w/v DDM,0.03% w/v DDM (IMAC/SEC),LMNG / DMNG / GDN,fos-choline and PEG as 'stability' detergents (Kotov); glucosides weaker on IMAC (Högbom),Lin/Kotov/Högbom first-line helical IMP extract (DDM)
Q9XWW1,swiss_tm_sample,deprioritize,0.4288,0.15,0,,"low purify score, not WRAP-amenable, no obvious construct lever",1% w/v DDM,0.03% w/v DDM (IMAC/SEC),LMNG / DMNG / GDN,fos-choline and PEG as 'stability' detergents (Kotov); glucosides weaker on IMAC (Högbom),Lin/Kotov/Högbom first-line helical IMP extract (DDM)
P42070,swiss_tm_sample,standard,0.6474,0.05,0,drop sequons or use a prokaryotic host; reduce disulfides / skip eukaryotic folding; trim a long extramembrane loop,sequence resembles TargetTrack purified (given expression),1% w/v DDM,0.03% w/v DDM (IMAC/SEC),LMNG / DMNG / GDN,fos-choline and PEG as 'stability' detergents (Kotov); glucosides weaker on IMAC (Högbom),Lin/Kotov/Högbom first-line helical IMP extract (DDM)
Q6P752,swiss_tm_sample,redesign,0.2993,0.15,0,trim a long extramembrane loop,trim a long extramembrane loop,1% w/v DDM,0.03% w/v DDM (IMAC/SEC),LMNG / DMNG / GDN,fos-choline and PEG as 'stability' detergents (Kotov); glucosides weaker on IMAC (Högbom),Lin/Kotov/Högbom first-line helical IMP extract (DDM)
Q2JXK6,swiss_tm_sample,redesign,0.3505,0.15,0,trim a long extramembrane loop,trim a long extramembrane loop,1% w/v DDM,0.03% w/v DDM (IMAC/SEC),LMNG / DMNG / GDN,fos-choline and PEG as 'stability' detergents (Kotov); glucosides weaker on IMAC (Högbom),Lin/Kotov/Högbom first-line helical IMP extract (DDM)
P9WHR0,swiss_tm_sample,wrap_rescue,0.5291,0.75,1,,standard purify looks unlikely; termini/TM belt look WRAP-amenable,1% w/v DDM,0.03% w/v DDM (IMAC/SEC),LMNG / DMNG / GDN,fos-choline and PEG as 'stability' detergents (Kotov); glucosides weaker on IMAC (Högbom),Lin/Kotov/Högbom first-line helical IMP extract (DDM)
O51073,swiss_tm_sample,deprioritize,0.3878,0.15,0,,"low purify score, not WRAP-amenable, no obvious construct lever",1% w/v DDM,0.03% w/v DDM (IMAC/SEC),LMNG / DMNG / GDN,fos-choline and PEG as 'stability' detergents (Kotov); glucosides weaker on IMAC (Högbom),Lin/Kotov/Högbom first-line helical IMP extract (DDM)
Q8BJZ3,swiss_tm_sample,wrap_rescue,0.4797,0.75,1,add a fusion-able N- or C-terminus,standard purify looks unlikely; termini/TM belt look WRAP-amenable,1% w/v DDM,0.03% w/v DDM (IMAC/SEC),LMNG / DMNG / GDN,fos-choline and PEG as 'stability' detergents (Kotov); glucosides weaker on IMAC (Högbom),Lin/Kotov/Högbom first-line helical IMP extract (DDM)
Q2UCW8,swiss_tm_sample,redesign,0.4054,0.15,0,trim a long extramembrane loop,trim a long extramembrane loop,1% w/v DDM,0.03% w/v DDM (IMAC/SEC),LMNG / DMNG / GDN,fos-choline and PEG as 'stability' detergents (Kotov); glucosides weaker on IMAC (Högbom),Lin/Kotov/Högbom first-line helical IMP extract (DDM)
Q9XYS3,swiss_tm_sample,redesign,0.5436,0.15,0,reduce disulfides / skip eukaryotic folding; trim a long extramembrane loop,reduce disulfides / skip eukaryotic folding; trim a long extramembrane loop,1% w/v DDM,0.03% w/v DDM (IMAC/SEC),LMNG / DMNG / GDN,fos-choline and PEG as 'stability' detergents (Kotov); glucosides weaker on IMAC (Högbom),Lin/Kotov/Högbom first-line helical IMP extract (DDM)
Q0IIY2,swiss_tm_sample,standard,0.5544,0.05,0,drop sequons or use a prokaryotic host; reduce disulfides / skip eukaryotic folding; trim a long extramembrane loop,sequence resembles TargetTrack purified (given expression),1% w/v DDM,0.03% w/v DDM (IMAC/SEC),LMNG / DMNG / GDN,fos-choline and PEG as 'stability' detergents (Kotov); glucosides weaker on IMAC (Högbom),Lin/Kotov/Högbom first-line helical IMP extract (DDM)
O36633,swiss_tm_sample,standard,0.7418,0.05,0,drop sequons or use a prokaryotic host; trim a long extramembrane loop,sequence resembles TargetTrack purified (given expression),1% w/v DDM,0.03% w/v DDM (IMAC/SEC),LMNG / DMNG / GDN,fos-choline and PEG as 'stability' detergents (Kotov); glucosides weaker on IMAC (Högbom),Lin/Kotov/Högbom first-line helical IMP extract (DDM)
P23977,swiss_tm_sample,standard,0.5937,0.25,0,drop sequons or use a prokaryotic host; reduce disulfides / skip eukaryotic folding; trim a long extramembrane loop,sequence resembles TargetTrack purified (given expression),1% w/v DDM,0.03% w/v DDM (IMAC/SEC),LMNG / DMNG / GDN,fos-choline and PEG as 'stability' detergents (Kotov); glucosides weaker on IMAC (Högbom),Lin/Kotov/Högbom first-line helical IMP extract (DDM)
I2C645,swiss_tm_sample,standard,0.5513,0.55,1,,sequence resembles TargetTrack purified (given expression),1% w/v DDM,0.03% w/v DDM (IMAC/SEC),LMNG / DMNG / GDN,fos-choline and PEG as 'stability' detergents (Kotov); glucosides weaker on IMAC (Högbom),Lin/Kotov/Högbom first-line helical IMP extract (DDM)
Q3UU67,swiss_tm_sample,deprioritize,0.4855,0.15,0,,"low purify score, not WRAP-amenable, no obvious construct lever",1% w/v DDM,0.03% w/v DDM (IMAC/SEC),LMNG / DMNG / GDN,fos-choline and PEG as 'stability' detergents (Kotov); glucosides weaker on IMAC (Högbom),Lin/Kotov/Högbom first-line helical IMP extract (DDM)
Q9VLP9,swiss_tm_sample,redesign,0.5038,0.15,0,trim a long extramembrane loop,trim a long extramembrane loop,1% w/v DDM,0.03% w/v DDM (IMAC/SEC),LMNG / DMNG / GDN,fos-choline and PEG as 'stability' detergents (Kotov); glucosides weaker on IMAC (Högbom),Lin/Kotov/Högbom first-line helical IMP extract (DDM)
B5FTJ9,swiss_tm_sample,wrap_rescue,0.4297,0.75,1,,standard purify looks unlikely; termini/TM belt look WRAP-amenable,1% w/v DDM,0.03% w/v DDM (IMAC/SEC),LMNG / DMNG / GDN,fos-choline and PEG as 'stability' detergents (Kotov); glucosides weaker on IMAC (Högbom),Lin/Kotov/Högbom first-line helical IMP extract (DDM)
C0ZBY5,swiss_tm_sample,wrap_rescue,0.4041,0.95,1,,standard purify looks unlikely; termini/TM belt look WRAP-amenable,1% w/v DDM,0.03% w/v DDM (IMAC/SEC),LMNG / DMNG / GDN,fos-choline and PEG as 'stability' detergents (Kotov); glucosides weaker on IMAC (Högbom),Lin/Kotov/Högbom first-line helical IMP extract (DDM)
Q9UNL2,swiss_tm_sample,deprioritize,0.4994,0.15,0,,"low purify score, not WRAP-amenable, no obvious construct lever",1% w/v DDM,0.03% w/v DDM (IMAC/SEC),LMNG / DMNG / GDN,fos-choline and PEG as 'stability' detergents (Kotov); glucosides weaker on IMAC (Högbom),Lin/Kotov/Högbom first-line helical IMP extract (DDM)
Q9EQ09,swiss_tm_sample,redesign,0.5079,0.05,0,drop sequons or use a prokaryotic host; reduce disulfides / skip eukaryotic folding; trim a long extramembrane loop,drop sequons or use a prokaryotic host; reduce disulfides / skip eukaryotic folding; trim a long extramembrane loop,1% w/v DDM,0.03% w/v DDM (IMAC/SEC),LMNG / DMNG / GDN,fos-choline and PEG as 'stability' detergents (Kotov); glucosides weaker on IMAC (Högbom),Lin/Kotov/Högbom first-line helical IMP extract (DDM)
A2RUT3,swiss_tm_sample,deprioritize,0.4974,0.15,0,,"low purify score, not WRAP-amenable, no obvious construct lever",1% w/v DDM,0.03% w/v DDM (IMAC/SEC),LMNG / DMNG / GDN,fos-choline and PEG as 'stability' detergents (Kotov); glucosides weaker on IMAC (Högbom),Lin/Kotov/Högbom first-line helical IMP extract (DDM)
Q89WN1,swiss_tm_sample,standard,0.5568,0.95,1,,sequence resembles TargetTrack purified (given expression),1% w/v DDM,0.03% w/v DDM (IMAC/SEC),LMNG / DMNG / GDN,fos-choline and PEG as 'stability' detergents (Kotov); glucosides weaker on IMAC (Högbom),Lin/Kotov/Högbom first-line helical IMP extract (DDM)
Q6CNW2,swiss_tm_sample,deprioritize,0.3029,0.15,0,,"low purify score, not WRAP-amenable, no obvious construct lever",1% w/v DDM,0.03% w/v DDM (IMAC/SEC),LMNG / DMNG / GDN,fos-choline and PEG as 'stability' detergents (Kotov); glucosides weaker on IMAC (Högbom),Lin/Kotov/Högbom first-line helical IMP extract (DDM)
Q14EA8,swiss_tm_sample,standard,0.5866,0.95,1,,sequence resembles TargetTrack purified (given expression),1% w/v DDM,0.03% w/v DDM (IMAC/SEC),LMNG / DMNG / GDN,fos-choline and PEG as 'stability' detergents (Kotov); glucosides weaker on IMAC (Högbom),Lin/Kotov/Högbom first-line helical IMP extract (DDM)
Q54FH7,swiss_tm_sample,redesign,0.4375,0.15,0,trim a long extramembrane loop,trim a long extramembrane loop,1% w/v DDM,0.03% w/v DDM (IMAC/SEC),LMNG / DMNG / GDN,fos-choline and PEG as 'stability' detergents (Kotov); glucosides weaker on IMAC (Högbom),Lin/Kotov/Högbom first-line helical IMP extract (DDM)
Q9N587,swiss_tm_sample,wrap_rescue,0.4917,0.55,1,add a fusion-able N- or C-terminus; trim a long extramembrane loop,standard purify looks unlikely; termini/TM belt look WRAP-amenable,1% w/v DDM,0.03% w/v DDM (IMAC/SEC),LMNG / DMNG / GDN,fos-choline and PEG as 'stability' detergents (Kotov); glucosides weaker on IMAC (Högbom),Lin/Kotov/Högbom first-line helical IMP extract (DDM)
Q31C73,swiss_tm_sample,redesign,0.3638,0.15,0,trim a long extramembrane loop,trim a long extramembrane loop,1% w/v DDM,0.03% w/v DDM (IMAC/SEC),LMNG / DMNG / GDN,fos-choline and PEG as 'stability' detergents (Kotov); glucosides weaker on IMAC (Högbom),Lin/Kotov/Högbom first-line helical IMP extract (DDM)
Q8Y7A9,swiss_tm_sample,redesign,0.3925,0.35,0,trim a long extramembrane loop,trim a long extramembrane loop,1% w/v DDM,0.03% w/v DDM (IMAC/SEC),LMNG / DMNG / GDN,fos-choline and PEG as 'stability' detergents (Kotov); glucosides weaker on IMAC (Högbom),Lin/Kotov/Högbom first-line helical IMP extract (DDM)
Q8M4E6,swiss_tm_sample,redesign,0.5239,0.35,0,trim a long extramembrane loop,trim a long extramembrane loop,1% w/v DDM,0.03% w/v DDM (IMAC/SEC),LMNG / DMNG / GDN,fos-choline and PEG as 'stability' detergents (Kotov); glucosides weaker on IMAC (Högbom),Lin/Kotov/Högbom first-line helical IMP extract (DDM)
A6SUU0,swiss_tm_sample,standard,0.5806,0.35,0,trim a long extramembrane loop,sequence resembles TargetTrack purified (given expression),1% w/v DDM,0.03% w/v DDM (IMAC/SEC),LMNG / DMNG / GDN,fos-choline and PEG as 'stability' detergents (Kotov); glucosides weaker on IMAC (Högbom),Lin/Kotov/Högbom first-line helical IMP extract (DDM)
O29853,swiss_tm_sample,redesign,0.3272,0.15,0,trim a long extramembrane loop,trim a long extramembrane loop,1% w/v DDM,0.03% w/v DDM (IMAC/SEC),LMNG / DMNG / GDN,fos-choline and PEG as 'stability' detergents (Kotov); glucosides weaker on IMAC (Högbom),Lin/Kotov/Högbom first-line helical IMP extract (DDM)
Q4R512,swiss_tm_sample,deprioritize,0.3352,0.15,0,,"low purify score, not WRAP-amenable, no obvious construct lever",1% w/v DDM,0.03% w/v DDM (IMAC/SEC),LMNG / DMNG / GDN,fos-choline and PEG as 'stability' detergents (Kotov); glucosides weaker on IMAC (Högbom),Lin/Kotov/Högbom first-line helical IMP extract (DDM)
O83344,swiss_tm_sample,redesign,0.481,0.15,0,reduce disulfides / skip eukaryotic folding; trim a long extramembrane loop,reduce disulfides / skip eukaryotic folding; trim a long extramembrane loop,1% w/v DDM,0.03% w/v DDM (IMAC/SEC),LMNG / DMNG / GDN,fos-choline and PEG as 'stability' detergents (Kotov); glucosides weaker on IMAC (Högbom),Lin/Kotov/Högbom first-line helical IMP extract (DDM)
Q9NY72,swiss_tm_sample,standard,0.583,0.05,0,drop sequons or use a prokaryotic host,sequence resembles TargetTrack purified (given expression),1% w/v DDM,0.03% w/v DDM (IMAC/SEC),LMNG / DMNG / GDN,fos-choline and PEG as 'stability' detergents (Kotov); glucosides weaker on IMAC (Högbom),Lin/Kotov/Högbom first-line helical IMP extract (DDM)
Q58189,swiss_tm_sample,wrap_rescue,0.3842,0.75,1,,standard purify looks unlikely; termini/TM belt look WRAP-amenable,1% w/v DDM,0.03% w/v DDM (IMAC/SEC),LMNG / DMNG / GDN,fos-choline and PEG as 'stability' detergents (Kotov); glucosides weaker on IMAC (Högbom),Lin/Kotov/Högbom first-line helical IMP extract (DDM)
Q55C66,swiss_tm_sample,redesign,0.4079,0.35,0,trim a long extramembrane loop,trim a long extramembrane loop,1% w/v DDM,0.03% w/v DDM (IMAC/SEC),LMNG / DMNG / GDN,fos-choline and PEG as 'stability' detergents (Kotov); glucosides weaker on IMAC (Högbom),Lin/Kotov/Högbom first-line helical IMP extract (DDM)
P9WQN3,swiss_tm_sample,redesign,0.4122,0.05,0,drop sequons or use a prokaryotic host; trim a long extramembrane loop,drop sequons or use a prokaryotic host; trim a long extramembrane loop,1% w/v DDM,0.03% w/v DDM (IMAC/SEC),LMNG / DMNG / GDN,fos-choline and PEG as 'stability' detergents (Kotov); glucosides weaker on IMAC (Högbom),Lin/Kotov/Högbom first-line helical IMP extract (DDM)
Q0V947,swiss_tm_sample,redesign,0.4651,0.35,0,reduce disulfides / skip eukaryotic folding; trim a long extramembrane loop,reduce disulfides / skip eukaryotic folding; trim a long extramembrane loop,1% w/v DDM,0.03% w/v DDM (IMAC/SEC),LMNG / DMNG / GDN,fos-choline and PEG as 'stability' detergents (Kotov); glucosides weaker on IMAC (Högbom),Lin/Kotov/Högbom first-line helical IMP extract (DDM)
P15362,swiss_tm_sample,wrap_rescue,0.543,0.65,1,drop sequons or use a prokaryotic host; add a fusion-able N- or C-terminus,standard purify looks unlikely; termini/TM belt look WRAP-amenable,1% w/v DDM,0.03% w/v DDM (IMAC/SEC),LMNG / DMNG / GDN,fos-choline and PEG as 'stability' detergents (Kotov); glucosides weaker on IMAC (Högbom),Lin/Kotov/Högbom first-line helical IMP extract (DDM)
Q10323,swiss_tm_sample,wrap_rescue,0.5487,0.55,1,trim a long extramembrane loop,standard purify looks unlikely; termini/TM belt look WRAP-amenable,1% w/v DDM,0.03% w/v DDM (IMAC/SEC),LMNG / DMNG / GDN,fos-choline and PEG as 'stability' detergents (Kotov); glucosides weaker on IMAC (Högbom),Lin/Kotov/Högbom first-line helical IMP extract (DDM)
Q3YUI6,swiss_tm_sample,wrap_rescue,0.5035,0.75,1,add a fusion-able N- or C-terminus,standard purify looks unlikely; termini/TM belt look WRAP-amenable,1% w/v DDM,0.03% w/v DDM (IMAC/SEC),LMNG / DMNG / GDN,fos-choline and PEG as 'stability' detergents (Kotov); glucosides weaker on IMAC (Högbom),Lin/Kotov/Högbom first-line helical IMP extract (DDM)
Q6F1C9,swiss_tm_sample,standard,0.5509,0.75,1,,sequence resembles TargetTrack purified (given expression),1% w/v DDM,0.03% w/v DDM (IMAC/SEC),LMNG / DMNG / GDN,fos-choline and PEG as 'stability' detergents (Kotov); glucosides weaker on IMAC (Högbom),Lin/Kotov/Högbom first-line helical IMP extract (DDM)
Q9ZD41,swiss_tm_sample,standard,0.5652,0.05,0,drop sequons or use a prokaryotic host,sequence resembles TargetTrack purified (given expression),1% w/v DDM,0.03% w/v DDM (IMAC/SEC),LMNG / DMNG / GDN,fos-choline and PEG as 'stability' detergents (Kotov); glucosides weaker on IMAC (Högbom),Lin/Kotov/Högbom first-line helical IMP extract (DDM)
Q8TW26,swiss_tm_sample,deprioritize,0.497,0.35,0,,"low purify score, not WRAP-amenable, no obvious construct lever",1% w/v DDM,0.03% w/v DDM (IMAC/SEC),LMNG / DMNG / GDN,fos-choline and PEG as 'stability' detergents (Kotov); glucosides weaker on IMAC (Högbom),Lin/Kotov/Högbom first-line helical IMP extract (DDM)
G5CTG6,swiss_tm_sample,redesign,0.4141,0.35,0,trim a long extramembrane loop,trim a long extramembrane loop,1% w/v DDM,0.03% w/v DDM (IMAC/SEC),LMNG / DMNG / GDN,fos-choline and PEG as 'stability' detergents (Kotov); glucosides weaker on IMAC (Högbom),Lin/Kotov/Högbom first-line helical IMP extract (DDM)
Q9A7X6,swiss_tm_sample,deprioritize,0.4274,0.15,0,,"low purify score, not WRAP-amenable, no obvious construct lever",1% w/v DDM,0.03% w/v DDM (IMAC/SEC),LMNG / DMNG / GDN,fos-choline and PEG as 'stability' detergents (Kotov); glucosides weaker on IMAC (Högbom),Lin/Kotov/Högbom first-line helical IMP extract (DDM)
B7MCW6,swiss_tm_sample,wrap_rescue,0.4419,0.75,1,add a fusion-able N- or C-terminus; trim a long extramembrane loop,standard purify looks unlikely; termini/TM belt look WRAP-amenable,1% w/v DDM,0.03% w/v DDM (IMAC/SEC),LMNG / DMNG / GDN,fos-choline and PEG as 'stability' detergents (Kotov); glucosides weaker on IMAC (Högbom),Lin/Kotov/Högbom first-line helical IMP extract (DDM)
Q80T02,swiss_tm_sample,redesign,0.5401,0.35,0,trim a long extramembrane loop,trim a long extramembrane loop,1% w/v DDM,0.03% w/v DDM (IMAC/SEC),LMNG / DMNG / GDN,fos-choline and PEG as 'stability' detergents (Kotov); glucosides weaker on IMAC (Högbom),Lin/Kotov/Högbom first-line helical IMP extract (DDM)
B7N654,swiss_tm_sample,deprioritize,0.4864,0.0,0,,"low purify score, not WRAP-amenable, no obvious construct lever",1% w/v DDM,0.03% w/v DDM (IMAC/SEC),LMNG / DMNG / GDN,fos-choline and PEG as 'stability' detergents (Kotov); glucosides weaker on IMAC (Högbom),Lin/Kotov/Högbom first-line helical IMP extract (DDM)
B7VL36,swiss_tm_sample,deprioritize,0.37,0.15,0,,"low purify score, not WRAP-amenable, no obvious construct lever",1% w/v DDM,0.03% w/v DDM (IMAC/SEC),LMNG / DMNG / GDN,fos-choline and PEG as 'stability' detergents (Kotov); glucosides weaker on IMAC (Högbom),Lin/Kotov/Högbom first-line helical IMP extract (DDM)
Q9WTV8,swiss_tm_sample,standard,0.7706,0.05,0,drop sequons or use a prokaryotic host; reduce disulfides / skip eukaryotic folding; trim a long extramembrane loop,sequence resembles TargetTrack purified (given expression),1% w/v DDM,0.03% w/v DDM (IMAC/SEC),LMNG / DMNG / GDN,fos-choline and PEG as 'stability' detergents (Kotov); glucosides weaker on IMAC (Högbom),Lin/Kotov/Högbom first-line helical IMP extract (DDM)
A7M975,swiss_tm_sample,deprioritize,0.3573,0.35,0,,"low purify score, not WRAP-amenable, no obvious construct lever",1% w/v DDM,0.03% w/v DDM (IMAC/SEC),LMNG / DMNG / GDN,fos-choline and PEG as 'stability' detergents (Kotov); glucosides weaker on IMAC (Högbom),Lin/Kotov/Högbom first-line helical IMP extract (DDM)
P58163,swiss_tm_sample,wrap_rescue,0.5472,0.75,1,add a fusion-able N- or C-terminus; trim a long extramembrane loop,standard purify looks unlikely; termini/TM belt look WRAP-amenable,1% w/v DDM,0.03% w/v DDM (IMAC/SEC),LMNG / DMNG / GDN,fos-choline and PEG as 'stability' detergents (Kotov); glucosides weaker on IMAC (Högbom),Lin/Kotov/Högbom first-line helical IMP extract (DDM)
Q6P2L7,swiss_tm_sample,redesign,0.3715,0.15,0,trim a long extramembrane loop,trim a long extramembrane loop,1% w/v DDM,0.03% w/v DDM (IMAC/SEC),LMNG / DMNG / GDN,fos-choline and PEG as 'stability' detergents (Kotov); glucosides weaker on IMAC (Högbom),Lin/Kotov/Högbom first-line helical IMP extract (DDM)
Q9CCJ1,swiss_tm_sample,redesign,0.4646,0.15,0,trim a long extramembrane loop,trim a long extramembrane loop,1% w/v DDM,0.03% w/v DDM (IMAC/SEC),LMNG / DMNG / GDN,fos-choline and PEG as 'stability' detergents (Kotov); glucosides weaker on IMAC (Högbom),Lin/Kotov/Högbom first-line helical IMP extract (DDM)
P58959,swiss_tm_sample,standard,0.6406,0.75,1,reduce disulfides / skip eukaryotic folding; add a fusion-able N- or C-terminus,sequence resembles TargetTrack purified (given expression),1% w/v DDM,0.03% w/v DDM (IMAC/SEC),LMNG / DMNG / GDN,fos-choline and PEG as 'stability' detergents (Kotov); glucosides weaker on IMAC (Högbom),Lin/Kotov/Högbom first-line helical IMP extract (DDM)
A2C6X3,swiss_tm_sample,deprioritize,0.3555,0.15,0,,"low purify score, not WRAP-amenable, no obvious construct lever",1% w/v DDM,0.03% w/v DDM (IMAC/SEC),LMNG / DMNG / GDN,fos-choline and PEG as 'stability' detergents (Kotov); glucosides weaker on IMAC (Högbom),Lin/Kotov/Högbom first-line helical IMP extract (DDM)
Q12E37,swiss_tm_sample,standard,0.5889,0.35,0,trim a long extramembrane loop,sequence resembles TargetTrack purified (given expression),1% w/v DDM,0.03% w/v DDM (IMAC/SEC),LMNG / DMNG / GDN,fos-choline and PEG as 'stability' detergents (Kotov); glucosides weaker on IMAC (Högbom),Lin/Kotov/Högbom first-line helical IMP extract (DDM)
Q9FN50,swiss_tm_sample,redesign,0.3616,0.15,0,trim a long extramembrane loop,trim a long extramembrane loop,1% w/v DDM,0.03% w/v DDM (IMAC/SEC),LMNG / DMNG / GDN,fos-choline and PEG as 'stability' detergents (Kotov); glucosides weaker on IMAC (Högbom),Lin/Kotov/Högbom first-line helical IMP extract (DDM)
P58385,swiss_tm_sample,standard,0.5501,0.05,0,drop sequons or use a prokaryotic host; trim a long extramembrane loop,sequence resembles TargetTrack purified (given expression),1% w/v DDM,0.03% w/v DDM (IMAC/SEC),LMNG / DMNG / GDN,fos-choline and PEG as 'stability' detergents (Kotov); glucosides weaker on IMAC (Högbom),Lin/Kotov/Högbom first-line helical IMP extract (DDM)
Q01255,swiss_tm_sample,standard,0.5659,0.8,0,add a fusion-able N- or C-terminus,sequence resembles TargetTrack purified (given expression),1% w/v DDM,0.03% w/v DDM (IMAC/SEC),LMNG / DMNG / GDN,fos-choline and PEG as 'stability' detergents (Kotov); glucosides weaker on IMAC (Högbom),Lin/Kotov/Högbom first-line helical IMP extract (DDM)
B3CQT8,swiss_tm_sample,redesign,0.3395,0.8,0,add a fusion-able N- or C-terminus,add a fusion-able N- or C-terminus,1% w/v DDM,0.03% w/v DDM (IMAC/SEC),LMNG / DMNG / GDN,fos-choline and PEG as 'stability' detergents (Kotov); glucosides weaker on IMAC (Högbom),Lin/Kotov/Högbom first-line helical IMP extract (DDM)
Q5PQV5,swiss_tm_sample,standard,0.6363,0.05,0,drop sequons or use a prokaryotic host; reduce disulfides / skip eukaryotic folding; trim a long extramembrane loop,sequence resembles TargetTrack purified (given expression),1% w/v DDM,0.03% w/v DDM (IMAC/SEC),LMNG / DMNG / GDN,fos-choline and PEG as 'stability' detergents (Kotov); glucosides weaker on IMAC (Högbom),Lin/Kotov/Högbom first-line helical IMP extract (DDM)
A1JSS6,swiss_tm_sample,wrap_rescue,0.5412,0.75,1,,standard purify looks unlikely; termini/TM belt look WRAP-amenable,1% w/v DDM,0.03% w/v DDM (IMAC/SEC),LMNG / DMNG / GDN,fos-choline and PEG as 'stability' detergents (Kotov); glucosides weaker on IMAC (Högbom),Lin/Kotov/Högbom first-line helical IMP extract (DDM)
Q07X68,swiss_tm_sample,deprioritize,0.471,0.15,0,,"low purify score, not WRAP-amenable, no obvious construct lever",1% w/v DDM,0.03% w/v DDM (IMAC/SEC),LMNG / DMNG / GDN,fos-choline and PEG as 'stability' detergents (Kotov); glucosides weaker on IMAC (Högbom),Lin/Kotov/Högbom first-line helical IMP extract (DDM)
Q10917,swiss_tm_sample,redesign,0.5109,0.35,0,reduce disulfides / skip eukaryotic folding; trim a long extramembrane loop,reduce disulfides / skip eukaryotic folding; trim a long extramembrane loop,1% w/v DDM,0.03% w/v DDM (IMAC/SEC),LMNG / DMNG / GDN,fos-choline and PEG as 'stability' detergents (Kotov); glucosides weaker on IMAC (Högbom),Lin/Kotov/Högbom first-line helical IMP extract (DDM)
Q3TBT3,swiss_tm_sample,redesign,0.478,0.15,0,reduce disulfides / skip eukaryotic folding; trim a long extramembrane loop,reduce disulfides / skip eukaryotic folding; trim a long extramembrane loop,1% w/v DDM,0.03% w/v DDM (IMAC/SEC),LMNG / DMNG / GDN,fos-choline and PEG as 'stability' detergents (Kotov); glucosides weaker on IMAC (Högbom),Lin/Kotov/Högbom first-line helical IMP extract (DDM)
C0QYW6,swiss_tm_sample,wrap_rescue,0.513,0.75,1,,standard purify looks unlikely; termini/TM belt look WRAP-amenable,1% w/v DDM,0.03% w/v DDM (IMAC/SEC),LMNG / DMNG / GDN,fos-choline and PEG as 'stability' detergents (Kotov); glucosides weaker on IMAC (Högbom),Lin/Kotov/Högbom first-line helical IMP extract (DDM)
P50156,swiss_tm_sample,redesign,0.4477,0.35,0,trim a long extramembrane loop,trim a long extramembrane loop,1% w/v DDM,0.03% w/v DDM (IMAC/SEC),LMNG / DMNG / GDN,fos-choline and PEG as 'stability' detergents (Kotov); glucosides weaker on IMAC (Högbom),Lin/Kotov/Högbom first-line helical IMP extract (DDM)
Q8C0X7,swiss_tm_sample,standard,0.5807,0.05,0,drop sequons or use a prokaryotic host; reduce disulfides / skip eukaryotic folding; trim a long extramembrane loop,sequence resembles TargetTrack purified (given expression),1% w/v DDM,0.03% w/v DDM (IMAC/SEC),LMNG / DMNG / GDN,fos-choline and PEG as 'stability' detergents (Kotov); glucosides weaker on IMAC (Högbom),Lin/Kotov/Högbom first-line helical IMP extract (DDM)
Q9M2V5,swiss_tm_sample,redesign,0.5382,0.05,0,drop sequons or use a prokaryotic host; trim a long extramembrane loop,drop sequons or use a prokaryotic host; trim a long extramembrane loop,1% w/v DDM,0.03% w/v DDM (IMAC/SEC),LMNG / DMNG / GDN,fos-choline and PEG as 'stability' detergents (Kotov); glucosides weaker on IMAC (Högbom),Lin/Kotov/Högbom first-line helical IMP extract (DDM)
O46516,swiss_tm_sample,redesign,0.3889,0.15,0,trim a long extramembrane loop,trim a long extramembrane loop,1% w/v DDM,0.03% w/v DDM (IMAC/SEC),LMNG / DMNG / GDN,fos-choline and PEG as 'stability' detergents (Kotov); glucosides weaker on IMAC (Högbom),Lin/Kotov/Högbom first-line helical IMP extract (DDM)
B9KQX4,swiss_tm_sample,standard,0.579,0.35,0,,sequence resembles TargetTrack purified (given expression),1% w/v DDM,0.03% w/v DDM (IMAC/SEC),LMNG / DMNG / GDN,fos-choline and PEG as 'stability' detergents (Kotov); glucosides weaker on IMAC (Högbom),Lin/Kotov/Högbom first-line helical IMP extract (DDM)
D5JBX1,swiss_tm_sample,redesign,0.3764,0.15,0,trim a long extramembrane loop,trim a long extramembrane loop,1% w/v DDM,0.03% w/v DDM (IMAC/SEC),LMNG / DMNG / GDN,fos-choline and PEG as 'stability' detergents (Kotov); glucosides weaker on IMAC (Högbom),Lin/Kotov/Högbom first-line helical IMP extract (DDM)
A9MVW9,swiss_tm_sample,wrap_rescue,0.4936,0.75,1,trim a long extramembrane loop,standard purify looks unlikely; termini/TM belt look WRAP-amenable,1% w/v DDM,0.03% w/v DDM (IMAC/SEC),LMNG / DMNG / GDN,fos-choline and PEG as 'stability' detergents (Kotov); glucosides weaker on IMAC (Högbom),Lin/Kotov/Högbom first-line helical IMP extract (DDM)
Q8Z1Y7,swiss_tm_sample,wrap_rescue,0.4461,0.75,1,add a fusion-able N- or C-terminus; trim a long extramembrane loop,standard purify looks unlikely; termini/TM belt look WRAP-amenable,1% w/v DDM,0.03% w/v DDM (IMAC/SEC),LMNG / DMNG / GDN,fos-choline and PEG as 'stability' detergents (Kotov); glucosides weaker on IMAC (Högbom),Lin/Kotov/Högbom first-line helical IMP extract (DDM)
A2AE42,swiss_tm_sample,redesign,0.5211,0.35,0,reduce disulfides / skip eukaryotic folding,reduce disulfides / skip eukaryotic folding,1% w/v DDM,0.03% w/v DDM (IMAC/SEC),LMNG / DMNG / GDN,fos-choline and PEG as 'stability' detergents (Kotov); glucosides weaker on IMAC (Högbom),Lin/Kotov/Högbom first-line helical IMP extract (DDM)
Q9N0D0,swiss_tm_sample,wrap_rescue,0.4047,0.55,1,,standard purify looks unlikely; termini/TM belt look WRAP-amenable,1% w/v DDM,0.03% w/v DDM (IMAC/SEC),LMNG / DMNG / GDN,fos-choline and PEG as 'stability' detergents (Kotov); glucosides weaker on IMAC (Högbom),Lin/Kotov/Högbom first-line helical IMP extract (DDM)
B3QBQ3,swiss_tm_sample,deprioritize,0.2683,0.15,0,,"low purify score, not WRAP-amenable, no obvious construct lever",1% w/v DDM,0.03% w/v DDM (IMAC/SEC),LMNG / DMNG / GDN,fos-choline and PEG as 'stability' detergents (Kotov); glucosides weaker on IMAC (Högbom),Lin/Kotov/Högbom first-line helical IMP extract (DDM)
B5ZYM4,swiss_tm_sample,standard,0.6068,0.35,0,,sequence resembles TargetTrack purified (given expression),1% w/v DDM,0.03% w/v DDM (IMAC/SEC),LMNG / DMNG / GDN,fos-choline and PEG as 'stability' detergents (Kotov); glucosides weaker on IMAC (Högbom),Lin/Kotov/Högbom first-line helical IMP extract (DDM)
Q6A5N5,swiss_tm_sample,wrap_rescue,0.5081,0.75,1,add a fusion-able N- or C-terminus; trim a long extramembrane loop,standard purify looks unlikely; termini/TM belt look WRAP-amenable,1% w/v DDM,0.03% w/v DDM (IMAC/SEC),LMNG / DMNG / GDN,fos-choline and PEG as 'stability' detergents (Kotov); glucosides weaker on IMAC (Högbom),Lin/Kotov/Högbom first-line helical IMP extract (DDM)
B6EM11,swiss_tm_sample,wrap_rescue,0.4933,0.75,1,,standard purify looks unlikely; termini/TM belt look WRAP-amenable,1% w/v DDM,0.03% w/v DDM (IMAC/SEC),LMNG / DMNG / GDN,fos-choline and PEG as 'stability' detergents (Kotov); glucosides weaker on IMAC (Högbom),Lin/Kotov/Högbom first-line helical IMP extract (DDM)
A2VD01,swiss_tm_sample,redesign,0.4789,0.05,0,drop sequons or use a prokaryotic host; trim a long extramembrane loop,drop sequons or use a prokaryotic host; trim a long extramembrane loop,1% w/v DDM,0.03% w/v DDM (IMAC/SEC),LMNG / DMNG / GDN,fos-choline and PEG as 'stability' detergents (Kotov); glucosides weaker on IMAC (Högbom),Lin/Kotov/Högbom first-line helical IMP extract (DDM)
Q58023,swiss_tm_sample,wrap_rescue,0.2405,0.95,1,,standard purify looks unlikely; termini/TM belt look WRAP-amenable,1% w/v DDM,0.03% w/v DDM (IMAC/SEC),LMNG / DMNG / GDN,fos-choline and PEG as 'stability' detergents (Kotov); glucosides weaker on IMAC (Högbom),Lin/Kotov/Högbom first-line helical IMP extract (DDM)
Q5RH73,swiss_tm_sample,redesign,0.4967,0.05,0,drop sequons or use a prokaryotic host; reduce disulfides / skip eukaryotic folding; trim a long extramembrane loop,drop sequons or use a prokaryotic host; reduce disulfides / skip eukaryotic folding; trim a long extramembrane loop,1% w/v DDM,0.03% w/v DDM (IMAC/SEC),LMNG / DMNG / GDN,fos-choline and PEG as 'stability' detergents (Kotov); glucosides weaker on IMAC (Högbom),Lin/Kotov/Högbom first-line helical IMP extract (DDM)
B4S6X1,swiss_tm_sample,redesign,0.4758,0.15,0,trim a long extramembrane loop,trim a long extramembrane loop,1% w/v DDM,0.03% w/v DDM (IMAC/SEC),LMNG / DMNG / GDN,fos-choline and PEG as 'stability' detergents (Kotov); glucosides weaker on IMAC (Högbom),Lin/Kotov/Högbom first-line helical IMP extract (DDM)
P04441,swiss_tm_sample,redesign,0.5203,0.05,0,drop sequons or use a prokaryotic host; trim a long extramembrane loop,drop sequons or use a prokaryotic host; trim a long extramembrane loop,1% w/v DDM,0.03% w/v DDM (IMAC/SEC),LMNG / DMNG / GDN,fos-choline and PEG as 'stability' detergents (Kotov); glucosides weaker on IMAC (Högbom),Lin/Kotov/Högbom first-line helical IMP extract (DDM)
Q9ZU50,swiss_tm_sample,standard,0.5741,0.75,1,trim a long extramembrane loop,sequence resembles TargetTrack purified (given expression),1% w/v DDM,0.03% w/v DDM (IMAC/SEC),LMNG / DMNG / GDN,fos-choline and PEG as 'stability' detergents (Kotov); glucosides weaker on IMAC (Högbom),Lin/Kotov/Högbom first-line helical IMP extract (DDM)
Q500Z2,swiss_tm_sample,standard,0.6981,0.15,0,reduce disulfides / skip eukaryotic folding; trim a long extramembrane loop,sequence resembles TargetTrack purified (given expression),1% w/v DDM,0.03% w/v DDM (IMAC/SEC),LMNG / DMNG / GDN,fos-choline and PEG as 'stability' detergents (Kotov); glucosides weaker on IMAC (Högbom),Lin/Kotov/Högbom first-line helical IMP extract (DDM)
Q8G2E1,swiss_tm_sample,wrap_rescue,0.4558,0.95,1,add a fusion-able N- or C-terminus,standard purify looks unlikely; termini/TM belt look WRAP-amenable,1% w/v DDM,0.03% w/v DDM (IMAC/SEC),LMNG / DMNG / GDN,fos-choline and PEG as 'stability' detergents (Kotov); glucosides weaker on IMAC (Högbom),Lin/Kotov/Högbom first-line helical IMP extract (DDM)
B1J0Q9,swiss_tm_sample,standard,0.5604,0.75,1,trim a long extramembrane loop,sequence resembles TargetTrack purified (given expression),1% w/v DDM,0.03% w/v DDM (IMAC/SEC),LMNG / DMNG / GDN,fos-choline and PEG as 'stability' detergents (Kotov); glucosides weaker on IMAC (Högbom),Lin/Kotov/Högbom first-line helical IMP extract (DDM)
Q8XFY2,swiss_tm_sample,wrap_rescue,0.5282,0.75,1,,standard purify looks unlikely; termini/TM belt look WRAP-amenable,1% w/v DDM,0.03% w/v DDM (IMAC/SEC),LMNG / DMNG / GDN,fos-choline and PEG as 'stability' detergents (Kotov); glucosides weaker on IMAC (Högbom),Lin/Kotov/Högbom first-line helical IMP extract (DDM)
Q0WU02,swiss_tm_sample,redesign,0.5145,0.15,0,trim a long extramembrane loop,trim a long extramembrane loop,1% w/v DDM,0.03% w/v DDM (IMAC/SEC),LMNG / DMNG / GDN,fos-choline and PEG as 'stability' detergents (Kotov); glucosides weaker on IMAC (Högbom),Lin/Kotov/Högbom first-line helical IMP extract (DDM)
Q33487,swiss_tm_sample,redesign,0.5358,0.35,0,trim a long extramembrane loop,trim a long extramembrane loop,1% w/v DDM,0.03% w/v DDM (IMAC/SEC),LMNG / DMNG / GDN,fos-choline and PEG as 'stability' detergents (Kotov); glucosides weaker on IMAC (Högbom),Lin/Kotov/Högbom first-line helical IMP extract (DDM)
Q47YH9,swiss_tm_sample,redesign,0.3961,0.15,0,trim a long extramembrane loop,trim a long extramembrane loop,1% w/v DDM,0.03% w/v DDM (IMAC/SEC),LMNG / DMNG / GDN,fos-choline and PEG as 'stability' detergents (Kotov); glucosides weaker on IMAC (Högbom),Lin/Kotov/Högbom first-line helical IMP extract (DDM)
P28977,swiss_tm_sample,standard,0.634,0.45,0,drop sequons or use a prokaryotic host; reduce disulfides / skip eukaryotic folding; trim a long extramembrane loop,sequence resembles TargetTrack purified (given expression),1% w/v DDM,0.03% w/v DDM (IMAC/SEC),LMNG / DMNG / GDN,fos-choline and PEG as 'stability' detergents (Kotov); glucosides weaker on IMAC (Högbom),Lin/Kotov/Högbom first-line helical IMP extract (DDM)
Q68S06,swiss_tm_sample,redesign,0.5025,0.15,0,trim a long extramembrane loop,trim a long extramembrane loop,1% w/v DDM,0.03% w/v DDM (IMAC/SEC),LMNG / DMNG / GDN,fos-choline and PEG as 'stability' detergents (Kotov); glucosides weaker on IMAC (Högbom),Lin/Kotov/Högbom first-line helical IMP extract (DDM)
Q9Z7S5,swiss_tm_sample,wrap_rescue,0.5414,0.75,1,,standard purify looks unlikely; termini/TM belt look WRAP-amenable,1% w/v DDM,0.03% w/v DDM (IMAC/SEC),LMNG / DMNG / GDN,fos-choline and PEG as 'stability' detergents (Kotov); glucosides weaker on IMAC (Högbom),Lin/Kotov/Högbom first-line helical IMP extract (DDM)
Q61091,swiss_tm_sample,redesign,0.3929,0.15,0,reduce disulfides / skip eukaryotic folding; trim a long extramembrane loop,reduce disulfides / skip eukaryotic folding; trim a long extramembrane loop,1% w/v DDM,0.03% w/v DDM (IMAC/SEC),LMNG / DMNG / GDN,fos-choline and PEG as 'stability' detergents (Kotov); glucosides weaker on IMAC (Högbom),Lin/Kotov/Högbom first-line helical IMP extract (DDM)
Q5PDL8,swiss_tm_sample,deprioritize,0.5087,0.35,0,,"low purify score, not WRAP-amenable, no obvious construct lever",1% w/v DDM,0.03% w/v DDM (IMAC/SEC),LMNG / DMNG / GDN,fos-choline and PEG as 'stability' detergents (Kotov); glucosides weaker on IMAC (Högbom),Lin/Kotov/Högbom first-line helical IMP extract (DDM)
Q3IHN8,swiss_tm_sample,deprioritize,0.4544,0.35,0,,"low purify score, not WRAP-amenable, no obvious construct lever",1% w/v DDM,0.03% w/v DDM (IMAC/SEC),LMNG / DMNG / GDN,fos-choline and PEG as 'stability' detergents (Kotov); glucosides weaker on IMAC (Högbom),Lin/Kotov/Högbom first-line helical IMP extract (DDM)
P0AA68,swiss_tm_sample,redesign,0.3743,0.35,0,trim a long extramembrane loop,trim a long extramembrane loop,1% w/v DDM,0.03% w/v DDM (IMAC/SEC),LMNG / DMNG / GDN,fos-choline and PEG as 'stability' detergents (Kotov); glucosides weaker on IMAC (Högbom),Lin/Kotov/Högbom first-line helical IMP extract (DDM)
D5RAW5,swiss_tm_sample,redesign,0.4244,0.35,0,trim a long extramembrane loop,trim a long extramembrane loop,1% w/v DDM,0.03% w/v DDM (IMAC/SEC),LMNG / DMNG / GDN,fos-choline and PEG as 'stability' detergents (Kotov); glucosides weaker on IMAC (Högbom),Lin/Kotov/Högbom first-line helical IMP extract (DDM)
Q54QN4,swiss_tm_sample,deprioritize,0.4084,0.15,0,,"low purify score, not WRAP-amenable, no obvious construct lever",1% w/v DDM,0.03% w/v DDM (IMAC/SEC),LMNG / DMNG / GDN,fos-choline and PEG as 'stability' detergents (Kotov); glucosides weaker on IMAC (Högbom),Lin/Kotov/Högbom first-line helical IMP extract (DDM)
P75961,swiss_tm_sample,standard,0.6064,0.75,1,,sequence resembles TargetTrack purified (given expression),1% w/v DDM,0.03% w/v DDM (IMAC/SEC),LMNG / DMNG / GDN,fos-choline and PEG as 'stability' detergents (Kotov); glucosides weaker on IMAC (Högbom),Lin/Kotov/Högbom first-line helical IMP extract (DDM)
Q0HPF6,swiss_tm_sample,wrap_rescue,0.3318,0.95,1,,standard purify looks unlikely; termini/TM belt look WRAP-amenable,1% w/v DDM,0.03% w/v DDM (IMAC/SEC),LMNG / DMNG / GDN,fos-choline and PEG as 'stability' detergents (Kotov); glucosides weaker on IMAC (Högbom),Lin/Kotov/Högbom first-line helical IMP extract (DDM)
Q26365,swiss_tm_sample,redesign,0.4481,0.15,0,trim a long extramembrane loop,trim a long extramembrane loop,1% w/v DDM,0.03% w/v DDM (IMAC/SEC),LMNG / DMNG / GDN,fos-choline and PEG as 'stability' detergents (Kotov); glucosides weaker on IMAC (Högbom),Lin/Kotov/Högbom first-line helical IMP extract (DDM)
O07632,swiss_tm_sample,wrap_rescue,0.3569,0.95,1,,standard purify looks unlikely; termini/TM belt look WRAP-amenable,1% w/v DDM,0.03% w/v DDM (IMAC/SEC),LMNG / DMNG / GDN,fos-choline and PEG as 'stability' detergents (Kotov); glucosides weaker on IMAC (Högbom),Lin/Kotov/Högbom first-line helical IMP extract (DDM)
O31448,swiss_tm_sample,redesign,0.4774,0.35,0,trim a long extramembrane loop,trim a long extramembrane loop,1% w/v DDM,0.03% w/v DDM (IMAC/SEC),LMNG / DMNG / GDN,fos-choline and PEG as 'stability' detergents (Kotov); glucosides weaker on IMAC (Högbom),Lin/Kotov/Högbom first-line helical IMP extract (DDM)
Q750S6,swiss_tm_sample,deprioritize,0.423,0.35,0,,"low purify score, not WRAP-amenable, no obvious construct lever",1% w/v DDM,0.03% w/v DDM (IMAC/SEC),LMNG / DMNG / GDN,fos-choline and PEG as 'stability' detergents (Kotov); glucosides weaker on IMAC (Högbom),Lin/Kotov/Högbom first-line helical IMP extract (DDM)
Q3MCF9,swiss_tm_sample,redesign,0.246,0.65,0,add a fusion-able N- or C-terminus,add a fusion-able N- or C-terminus,1% w/v DDM,0.03% w/v DDM (IMAC/SEC),LMNG / DMNG / GDN,fos-choline and PEG as 'stability' detergents (Kotov); glucosides weaker on IMAC (Högbom),Lin/Kotov/Högbom first-line helical IMP extract (DDM)
Q5AGA9,swiss_tm_sample,redesign,0.4245,0.15,0,reduce disulfides / skip eukaryotic folding; trim a long extramembrane loop,reduce disulfides / skip eukaryotic folding; trim a long extramembrane loop,1% w/v DDM,0.03% w/v DDM (IMAC/SEC),LMNG / DMNG / GDN,fos-choline and PEG as 'stability' detergents (Kotov); glucosides weaker on IMAC (Högbom),Lin/Kotov/Högbom first-line helical IMP extract (DDM)
B9JBL3,swiss_tm_sample,deprioritize,0.2853,0.15,0,,"low purify score, not WRAP-amenable, no obvious construct lever",1% w/v DDM,0.03% w/v DDM (IMAC/SEC),LMNG / DMNG / GDN,fos-choline and PEG as 'stability' detergents (Kotov); glucosides weaker on IMAC (Högbom),Lin/Kotov/Högbom first-line helical IMP extract (DDM)
Q9P5X6,swiss_tm_sample,redesign,0.3858,0.15,0,trim a long extramembrane loop,trim a long extramembrane loop,1% w/v DDM,0.03% w/v DDM (IMAC/SEC),LMNG / DMNG / GDN,fos-choline and PEG as 'stability' detergents (Kotov); glucosides weaker on IMAC (Högbom),Lin/Kotov/Högbom first-line helical IMP extract (DDM)
P37630,swiss_tm_sample,redesign,0.5437,0.35,0,reduce disulfides / skip eukaryotic folding; trim a long extramembrane loop,reduce disulfides / skip eukaryotic folding; trim a long extramembrane loop,1% w/v DDM,0.03% w/v DDM (IMAC/SEC),LMNG / DMNG / GDN,fos-choline and PEG as 'stability' detergents (Kotov); glucosides weaker on IMAC (Högbom),Lin/Kotov/Högbom first-line helical IMP extract (DDM)
B0RMR4,swiss_tm_sample,standard,0.5796,0.75,1,,sequence resembles TargetTrack purified (given expression),1% w/v DDM,0.03% w/v DDM (IMAC/SEC),LMNG / DMNG / GDN,fos-choline and PEG as 'stability' detergents (Kotov); glucosides weaker on IMAC (Högbom),Lin/Kotov/Högbom first-line helical IMP extract (DDM)
Q9D9I4,swiss_tm_sample,redesign,0.4814,0.15,0,trim a long extramembrane loop,trim a long extramembrane loop,1% w/v DDM,0.03% w/v DDM (IMAC/SEC),LMNG / DMNG / GDN,fos-choline and PEG as 'stability' detergents (Kotov); glucosides weaker on IMAC (Högbom),Lin/Kotov/Högbom first-line helical IMP extract (DDM)
B2UUP4,swiss_tm_sample,deprioritize,0.2912,0.15,0,,"low purify score, not WRAP-amenable, no obvious construct lever",1% w/v DDM,0.03% w/v DDM (IMAC/SEC),LMNG / DMNG / GDN,fos-choline and PEG as 'stability' detergents (Kotov); glucosides weaker on IMAC (Högbom),Lin/Kotov/Högbom first-line helical IMP extract (DDM)
Q91MA2,swiss_tm_sample,standard,0.7094,0.05,0,drop sequons or use a prokaryotic host; reduce disulfides / skip eukaryotic folding; trim a long extramembrane loop,sequence resembles TargetTrack purified (given expression),1% w/v DDM,0.03% w/v DDM (IMAC/SEC),LMNG / DMNG / GDN,fos-choline and PEG as 'stability' detergents (Kotov); glucosides weaker on IMAC (Högbom),Lin/Kotov/Högbom first-line helical IMP extract (DDM)
P0CT18,swiss_tm_sample,redesign,0.5483,0.05,0,drop sequons or use a prokaryotic host; trim a long extramembrane loop,drop sequons or use a prokaryotic host; trim a long extramembrane loop,1% w/v DDM,0.03% w/v DDM (IMAC/SEC),LMNG / DMNG / GDN,fos-choline and PEG as 'stability' detergents (Kotov); glucosides weaker on IMAC (Högbom),Lin/Kotov/Högbom first-line helical IMP extract (DDM)
Q96ET8,swiss_tm_sample,standard,0.558,0.55,1,,sequence resembles TargetTrack purified (given expression),1% w/v DDM,0.03% w/v DDM (IMAC/SEC),LMNG / DMNG / GDN,fos-choline and PEG as 'stability' detergents (Kotov); glucosides weaker on IMAC (Högbom),Lin/Kotov/Högbom first-line helical IMP extract (DDM)
Q63FE8,swiss_tm_sample,wrap_rescue,0.454,0.55,1,add a fusion-able N- or C-terminus; trim a long extramembrane loop,standard purify looks unlikely; termini/TM belt look WRAP-amenable,1% w/v DDM,0.03% w/v DDM (IMAC/SEC),LMNG / DMNG / GDN,fos-choline and PEG as 'stability' detergents (Kotov); glucosides weaker on IMAC (Högbom),Lin/Kotov/Högbom first-line helical IMP extract (DDM)
Q8EWA4,swiss_tm_sample,redesign,0.4782,0.35,0,trim a long extramembrane loop,trim a long extramembrane loop,1% w/v DDM,0.03% w/v DDM (IMAC/SEC),LMNG / DMNG / GDN,fos-choline and PEG as 'stability' detergents (Kotov); glucosides weaker on IMAC (Högbom),Lin/Kotov/Högbom first-line helical IMP extract (DDM)
P51360,swiss_tm_sample,standard,0.6193,0.75,1,,sequence resembles TargetTrack purified (given expression),1% w/v DDM,0.03% w/v DDM (IMAC/SEC),LMNG / DMNG / GDN,fos-choline and PEG as 'stability' detergents (Kotov); glucosides weaker on IMAC (Högbom),Lin/Kotov/Högbom first-line helical IMP extract (DDM)
Q9XQA8,swiss_tm_sample,redesign,0.4882,0.35,0,trim a long extramembrane loop,trim a long extramembrane loop,1% w/v DDM,0.03% w/v DDM (IMAC/SEC),LMNG / DMNG / GDN,fos-choline and PEG as 'stability' detergents (Kotov); glucosides weaker on IMAC (Högbom),Lin/Kotov/Högbom first-line helical IMP extract (DDM)
P37172,swiss_tm_sample,redesign,0.5197,0.15,0,reduce disulfides / skip eukaryotic folding; trim a long extramembrane loop,reduce disulfides / skip eukaryotic folding; trim a long extramembrane loop,1% w/v DDM,0.03% w/v DDM (IMAC/SEC),LMNG / DMNG / GDN,fos-choline and PEG as 'stability' detergents (Kotov); glucosides weaker on IMAC (Högbom),Lin/Kotov/Högbom first-line helical IMP extract (DDM)
A1ABA7,swiss_tm_sample,standard,0.5637,0.35,0,trim a long extramembrane loop,sequence resembles TargetTrack purified (given expression),1% w/v DDM,0.03% w/v DDM (IMAC/SEC),LMNG / DMNG / GDN,fos-choline and PEG as 'stability' detergents (Kotov); glucosides weaker on IMAC (Högbom),Lin/Kotov/Högbom first-line helical IMP extract (DDM)
Q8BXA6,swiss_tm_sample,standard,0.6186,0.75,1,reduce disulfides / skip eukaryotic folding,sequence resembles TargetTrack purified (given expression),1% w/v DDM,0.03% w/v DDM (IMAC/SEC),LMNG / DMNG / GDN,fos-choline and PEG as 'stability' detergents (Kotov); glucosides weaker on IMAC (Högbom),Lin/Kotov/Högbom first-line helical IMP extract (DDM)
P95822,swiss_tm_sample,deprioritize,0.3186,0.35,0,,"low purify score, not WRAP-amenable, no obvious construct lever",1% w/v DDM,0.03% w/v DDM (IMAC/SEC),LMNG / DMNG / GDN,fos-choline and PEG as 'stability' detergents (Kotov); glucosides weaker on IMAC (Högbom),Lin/Kotov/Högbom first-line helical IMP extract (DDM)
Q9HNE5,swiss_tm_sample,standard,0.5787,0.35,0,,sequence resembles TargetTrack purified (given expression),1% w/v DDM,0.03% w/v DDM (IMAC/SEC),LMNG / DMNG / GDN,fos-choline and PEG as 'stability' detergents (Kotov); glucosides weaker on IMAC (Högbom),Lin/Kotov/Högbom first-line helical IMP extract (DDM)
A1E9T5,swiss_tm_sample,deprioritize,0.2836,0.15,0,,"low purify score, not WRAP-amenable, no obvious construct lever",1% w/v DDM,0.03% w/v DDM (IMAC/SEC),LMNG / DMNG / GDN,fos-choline and PEG as 'stability' detergents (Kotov); glucosides weaker on IMAC (Högbom),Lin/Kotov/Högbom first-line helical IMP extract (DDM)
A6LEU6,swiss_tm_sample,standard,0.5611,0.75,1,trim a long extramembrane loop,sequence resembles TargetTrack purified (given expression),1% w/v DDM,0.03% w/v DDM (IMAC/SEC),LMNG / DMNG / GDN,fos-choline and PEG as 'stability' detergents (Kotov); glucosides weaker on IMAC (Högbom),Lin/Kotov/Högbom first-line helical IMP extract (DDM)
Q39ZB0,swiss_tm_sample,standard,0.5712,0.95,1,,sequence resembles TargetTrack purified (given expression),1% w/v DDM,0.03% w/v DDM (IMAC/SEC),LMNG / DMNG / GDN,fos-choline and PEG as 'stability' detergents (Kotov); glucosides weaker on IMAC (Högbom),Lin/Kotov/Högbom first-line helical IMP extract (DDM)
A8FRQ9,swiss_tm_sample,deprioritize,0.4724,0.35,0,,"low purify score, not WRAP-amenable, no obvious construct lever",1% w/v DDM,0.03% w/v DDM (IMAC/SEC),LMNG / DMNG / GDN,fos-choline and PEG as 'stability' detergents (Kotov); glucosides weaker on IMAC (Högbom),Lin/Kotov/Högbom first-line helical IMP extract (DDM)
C0LGG6,swiss_tm_sample,standard,0.8552,0.45,0,drop sequons or use a prokaryotic host; reduce disulfides / skip eukaryotic folding; trim a long extramembrane loop,sequence resembles TargetTrack purified (given expression),1% w/v DDM,0.03% w/v DDM (IMAC/SEC),LMNG / DMNG / GDN,fos-choline and PEG as 'stability' detergents (Kotov); glucosides weaker on IMAC (Högbom),Lin/Kotov/Högbom first-line helical IMP extract (DDM)
A4W978,swiss_tm_sample,redesign,0.471,0.35,0,trim a long extramembrane loop,trim a long extramembrane loop,1% w/v DDM,0.03% w/v DDM (IMAC/SEC),LMNG / DMNG / GDN,fos-choline and PEG as 'stability' detergents (Kotov); glucosides weaker on IMAC (Högbom),Lin/Kotov/Högbom first-line helical IMP extract (DDM)
A9MNW8,swiss_tm_sample,deprioritize,0.3975,0.8,0,,"low purify score, not WRAP-amenable, no obvious construct lever",1% w/v DDM,0.03% w/v DDM (IMAC/SEC),LMNG / DMNG / GDN,fos-choline and PEG as 'stability' detergents (Kotov); glucosides weaker on IMAC (Högbom),Lin/Kotov/Högbom first-line helical IMP extract (DDM)
B2JA13,swiss_tm_sample,deprioritize,0.5089,0.2,0,,"low purify score, not WRAP-amenable, no obvious construct lever",1% w/v DDM,0.03% w/v DDM (IMAC/SEC),LMNG / DMNG / GDN,fos-choline and PEG as 'stability' detergents (Kotov); glucosides weaker on IMAC (Högbom),Lin/Kotov/Högbom first-line helical IMP extract (DDM)
Q3YXK1,swiss_tm_sample,wrap_rescue,0.3972,0.95,1,add a fusion-able N- or C-terminus,standard purify looks unlikely; termini/TM belt look WRAP-amenable,1% w/v DDM,0.03% w/v DDM (IMAC/SEC),LMNG / DMNG / GDN,fos-choline and PEG as 'stability' detergents (Kotov); glucosides weaker on IMAC (Högbom),Lin/Kotov/Högbom first-line helical IMP extract (DDM)
A8YZV4,swiss_tm_sample,wrap_rescue,0.4098,0.75,1,trim a long extramembrane loop,standard purify looks unlikely; termini/TM belt look WRAP-amenable,1% w/v DDM,0.03% w/v DDM (IMAC/SEC),LMNG / DMNG / GDN,fos-choline and PEG as 'stability' detergents (Kotov); glucosides weaker on IMAC (Högbom),Lin/Kotov/Högbom first-line helical IMP extract (DDM)
Q82AK9,swiss_tm_sample,wrap_rescue,0.4707,0.75,1,trim a long extramembrane loop,standard purify looks unlikely; termini/TM belt look WRAP-amenable,1% w/v DDM,0.03% w/v DDM (IMAC/SEC),LMNG / DMNG / GDN,fos-choline and PEG as 'stability' detergents (Kotov); glucosides weaker on IMAC (Högbom),Lin/Kotov/Högbom first-line helical IMP extract (DDM)
B3EJP7,swiss_tm_sample,wrap_rescue,0.3466,0.75,1,,standard purify looks unlikely; termini/TM belt look WRAP-amenable,1% w/v DDM,0.03% w/v DDM (IMAC/SEC),LMNG / DMNG / GDN,fos-choline and PEG as 'stability' detergents (Kotov); glucosides weaker on IMAC (Högbom),Lin/Kotov/Högbom first-line helical IMP extract (DDM)
A2BQ51,swiss_tm_sample,deprioritize,0.2748,0.2,0,,"low purify score, not WRAP-amenable, no obvious construct lever",1% w/v DDM,0.03% w/v DDM (IMAC/SEC),LMNG / DMNG / GDN,fos-choline and PEG as 'stability' detergents (Kotov); glucosides weaker on IMAC (Högbom),Lin/Kotov/Högbom first-line helical IMP extract (DDM)
Q3U9N9,swiss_tm_sample,wrap_rescue,0.4471,0.75,1,reduce disulfides / skip eukaryotic folding; trim a long extramembrane loop,standard purify looks unlikely; termini/TM belt look WRAP-amenable,1% w/v DDM,0.03% w/v DDM (IMAC/SEC),LMNG / DMNG / GDN,fos-choline and PEG as 'stability' detergents (Kotov); glucosides weaker on IMAC (Högbom),Lin/Kotov/Högbom first-line helical IMP extract (DDM)
Q0P9D4,swiss_tm_sample,redesign,0.3336,0.15,0,reduce disulfides / skip eukaryotic folding; trim a long extramembrane loop,reduce disulfides / skip eukaryotic folding; trim a long extramembrane loop,1% w/v DDM,0.03% w/v DDM (IMAC/SEC),LMNG / DMNG / GDN,fos-choline and PEG as 'stability' detergents (Kotov); glucosides weaker on IMAC (Högbom),Lin/Kotov/Högbom first-line helical IMP extract (DDM)
Q12L71,swiss_tm_sample,standard,0.5913,0.75,1,add a fusion-able N- or C-terminus,sequence resembles TargetTrack purified (given expression),1% w/v DDM,0.03% w/v DDM (IMAC/SEC),LMNG / DMNG / GDN,fos-choline and PEG as 'stability' detergents (Kotov); glucosides weaker on IMAC (Högbom),Lin/Kotov/Högbom first-line helical IMP extract (DDM)
P41085,swiss_tm_sample,standard,0.7262,0.75,1,add a fusion-able N- or C-terminus,sequence resembles TargetTrack purified (given expression),1% w/v DDM,0.03% w/v DDM (IMAC/SEC),LMNG / DMNG / GDN,fos-choline and PEG as 'stability' detergents (Kotov); glucosides weaker on IMAC (Högbom),Lin/Kotov/Högbom first-line helical IMP extract (DDM)
Q5T1A1,swiss_tm_sample,redesign,0.5209,0.05,0,drop sequons or use a prokaryotic host; reduce disulfides / skip eukaryotic folding; trim a long extramembrane loop,drop sequons or use a prokaryotic host; reduce disulfides / skip eukaryotic folding; trim a long extramembrane loop,1% w/v DDM,0.03% w/v DDM (IMAC/SEC),LMNG / DMNG / GDN,fos-choline and PEG as 'stability' detergents (Kotov); glucosides weaker on IMAC (Högbom),Lin/Kotov/Högbom first-line helical IMP extract (DDM)
Q94YL4,swiss_tm_sample,standard,0.5565,0.75,1,trim a long extramembrane loop,sequence resembles TargetTrack purified (given expression),1% w/v DDM,0.03% w/v DDM (IMAC/SEC),LMNG / DMNG / GDN,fos-choline and PEG as 'stability' detergents (Kotov); glucosides weaker on IMAC (Högbom),Lin/Kotov/Högbom first-line helical IMP extract (DDM)
Q9Z8A0,swiss_tm_sample,wrap_rescue,0.4201,0.55,1,trim a long extramembrane loop,standard purify looks unlikely; termini/TM belt look WRAP-amenable,1% w/v DDM,0.03% w/v DDM (IMAC/SEC),LMNG / DMNG / GDN,fos-choline and PEG as 'stability' detergents (Kotov); glucosides weaker on IMAC (Högbom),Lin/Kotov/Högbom first-line helical IMP extract (DDM)
W7N2B4,swiss_tm_sample,redesign,0.4423,0.15,0,trim a long extramembrane loop,trim a long extramembrane loop,1% w/v DDM,0.03% w/v DDM (IMAC/SEC),LMNG / DMNG / GDN,fos-choline and PEG as 'stability' detergents (Kotov); glucosides weaker on IMAC (Högbom),Lin/Kotov/Högbom first-line helical IMP extract (DDM)
Q9C8G5,swiss_tm_sample,standard,0.6222,0.45,0,drop sequons or use a prokaryotic host; trim a long extramembrane loop,sequence resembles TargetTrack purified (given expression),1% w/v DDM,0.03% w/v DDM (IMAC/SEC),LMNG / DMNG / GDN,fos-choline and PEG as 'stability' detergents (Kotov); glucosides weaker on IMAC (Högbom),Lin/Kotov/Högbom first-line helical IMP extract (DDM)
Q85A24,swiss_tm_sample,deprioritize,0.5262,0.35,0,,"low purify score, not WRAP-amenable, no obvious construct lever",1% w/v DDM,0.03% w/v DDM (IMAC/SEC),LMNG / DMNG / GDN,fos-choline and PEG as 'stability' detergents (Kotov); glucosides weaker on IMAC (Högbom),Lin/Kotov/Högbom first-line helical IMP extract (DDM)
Q8WGG5,swiss_tm_sample,redesign,0.5426,0.35,0,trim a long extramembrane loop,trim a long extramembrane loop,1% w/v DDM,0.03% w/v DDM (IMAC/SEC),LMNG / DMNG / GDN,fos-choline and PEG as 'stability' detergents (Kotov); glucosides weaker on IMAC (Högbom),Lin/Kotov/Högbom first-line helical IMP extract (DDM)
Q95QD1,swiss_tm_sample,redesign,0.5438,0.15,0,reduce disulfides / skip eukaryotic folding; trim a long extramembrane loop,reduce disulfides / skip eukaryotic folding; trim a long extramembrane loop,1% w/v DDM,0.03% w/v DDM (IMAC/SEC),LMNG / DMNG / GDN,fos-choline and PEG as 'stability' detergents (Kotov); glucosides weaker on IMAC (Högbom),Lin/Kotov/Högbom first-line helical IMP extract (DDM)
P60940,swiss_tm_sample,wrap_rescue,0.5077,0.75,1,,standard purify looks unlikely; termini/TM belt look WRAP-amenable,1% w/v DDM,0.03% w/v DDM (IMAC/SEC),LMNG / DMNG / GDN,fos-choline and PEG as 'stability' detergents (Kotov); glucosides weaker on IMAC (Högbom),Lin/Kotov/Högbom first-line helical IMP extract (DDM)
O77751,swiss_tm_sample,wrap_rescue,0.4581,0.75,1,,standard purify looks unlikely; termini/TM belt look WRAP-amenable,1% w/v DDM,0.03% w/v DDM (IMAC/SEC),LMNG / DMNG / GDN,fos-choline and PEG as 'stability' detergents (Kotov); glucosides weaker on IMAC (Högbom),Lin/Kotov/Högbom first-line helical IMP extract (DDM)
Q216N0,swiss_tm_sample,standard,0.6344,0.75,1,trim a long extramembrane loop,sequence resembles TargetTrack purified (given expression),1% w/v DDM,0.03% w/v DDM (IMAC/SEC),LMNG / DMNG / GDN,fos-choline and PEG as 'stability' detergents (Kotov); glucosides weaker on IMAC (Högbom),Lin/Kotov/Högbom first-line helical IMP extract (DDM)
B7UMT9,swiss_tm_sample,wrap_rescue,0.5279,0.75,1,trim a long extramembrane loop,standard purify looks unlikely; termini/TM belt look WRAP-amenable,1% w/v DDM,0.03% w/v DDM (IMAC/SEC),LMNG / DMNG / GDN,fos-choline and PEG as 'stability' detergents (Kotov); glucosides weaker on IMAC (Högbom),Lin/Kotov/Högbom first-line helical IMP extract (DDM)
P59845,swiss_tm_sample,redesign,0.3932,0.35,0,reduce disulfides / skip eukaryotic folding; trim a long extramembrane loop,reduce disulfides / skip eukaryotic folding; trim a long extramembrane loop,1% w/v DDM,0.03% w/v DDM (IMAC/SEC),LMNG / DMNG / GDN,fos-choline and PEG as 'stability' detergents (Kotov); glucosides weaker on IMAC (Högbom),Lin/Kotov/Högbom first-line helical IMP extract (DDM)
Q9A0D2,swiss_tm_sample,deprioritize,0.4921,0.35,0,,"low purify score, not WRAP-amenable, no obvious construct lever",1% w/v DDM,0.03% w/v DDM (IMAC/SEC),LMNG / DMNG / GDN,fos-choline and PEG as 'stability' detergents (Kotov); glucosides weaker on IMAC (Högbom),Lin/Kotov/Högbom first-line helical IMP extract (DDM)
Q63RM9,swiss_tm_sample,redesign,0.4979,0.35,0,trim a long extramembrane loop,trim a long extramembrane loop,1% w/v DDM,0.03% w/v DDM (IMAC/SEC),LMNG / DMNG / GDN,fos-choline and PEG as 'stability' detergents (Kotov); glucosides weaker on IMAC (Högbom),Lin/Kotov/Högbom first-line helical IMP extract (DDM)
Q0MQD0,swiss_tm_sample,deprioritize,0.2642,0.15,0,,"low purify score, not WRAP-amenable, no obvious construct lever",1% w/v DDM,0.03% w/v DDM (IMAC/SEC),LMNG / DMNG / GDN,fos-choline and PEG as 'stability' detergents (Kotov); glucosides weaker on IMAC (Högbom),Lin/Kotov/Högbom first-line helical IMP extract (DDM)
Q6PCT8,swiss_tm_sample,deprioritize,0.532,0.35,0,,"low purify score, not WRAP-amenable, no obvious construct lever",1% w/v DDM,0.03% w/v DDM (IMAC/SEC),LMNG / DMNG / GDN,fos-choline and PEG as 'stability' detergents (Kotov); glucosides weaker on IMAC (Högbom),Lin/Kotov/Högbom first-line helical IMP extract (DDM)
Q5R454,swiss_tm_sample,deprioritize,0.495,0.15,0,,"low purify score, not WRAP-amenable, no obvious construct lever",1% w/v DDM,0.03% w/v DDM (IMAC/SEC),LMNG / DMNG / GDN,fos-choline and PEG as 'stability' detergents (Kotov); glucosides weaker on IMAC (Högbom),Lin/Kotov/Högbom first-line helical IMP extract (DDM)
O60159,swiss_tm_sample,redesign,0.4378,0.15,0,reduce disulfides / skip eukaryotic folding; trim a long extramembrane loop,reduce disulfides / skip eukaryotic folding; trim a long extramembrane loop,1% w/v DDM,0.03% w/v DDM (IMAC/SEC),LMNG / DMNG / GDN,fos-choline and PEG as 'stability' detergents (Kotov); glucosides weaker on IMAC (Högbom),Lin/Kotov/Högbom first-line helical IMP extract (DDM)
Q9FFE8,swiss_tm_sample,standard,0.6082,0.05,0,drop sequons or use a prokaryotic host; trim a long extramembrane loop,sequence resembles TargetTrack purified (given expression),1% w/v DDM,0.03% w/v DDM (IMAC/SEC),LMNG / DMNG / GDN,fos-choline and PEG as 'stability' detergents (Kotov); glucosides weaker on IMAC (Högbom),Lin/Kotov/Högbom first-line helical IMP extract (DDM)
Q9H6U8,swiss_tm_sample,redesign,0.4376,0.15,0,reduce disulfides / skip eukaryotic folding; trim a long extramembrane loop,reduce disulfides / skip eukaryotic folding; trim a long extramembrane loop,1% w/v DDM,0.03% w/v DDM (IMAC/SEC),LMNG / DMNG / GDN,fos-choline and PEG as 'stability' detergents (Kotov); glucosides weaker on IMAC (Högbom),Lin/Kotov/Högbom first-line helical IMP extract (DDM)
Q838R5,swiss_tm_sample,redesign,0.5258,0.45,0,drop sequons or use a prokaryotic host; trim a long extramembrane loop,drop sequons or use a prokaryotic host; trim a long extramembrane loop,1% w/v DDM,0.03% w/v DDM (IMAC/SEC),LMNG / DMNG / GDN,fos-choline and PEG as 'stability' detergents (Kotov); glucosides weaker on IMAC (Högbom),Lin/Kotov/Högbom first-line helical IMP extract (DDM)
Q2G247,swiss_tm_sample,standard,0.7661,0.55,1,,sequence resembles TargetTrack purified (given expression),1% w/v DDM,0.03% w/v DDM (IMAC/SEC),LMNG / DMNG / GDN,fos-choline and PEG as 'stability' detergents (Kotov); glucosides weaker on IMAC (Högbom),Lin/Kotov/Högbom first-line helical IMP extract (DDM)
Q9BEA1,swiss_tm_sample,deprioritize,0.3605,0.15,0,,"low purify score, not WRAP-amenable, no obvious construct lever",1% w/v DDM,0.03% w/v DDM (IMAC/SEC),LMNG / DMNG / GDN,fos-choline and PEG as 'stability' detergents (Kotov); glucosides weaker on IMAC (Högbom),Lin/Kotov/Högbom first-line helical IMP extract (DDM)
Q02203,swiss_tm_sample,standard,0.5679,0.05,0,drop sequons or use a prokaryotic host; reduce disulfides / skip eukaryotic folding; trim a long extramembrane loop,sequence resembles TargetTrack purified (given expression),1% w/v DDM,0.03% w/v DDM (IMAC/SEC),LMNG / DMNG / GDN,fos-choline and PEG as 'stability' detergents (Kotov); glucosides weaker on IMAC (Högbom),Lin/Kotov/Högbom first-line helical IMP extract (DDM)
Q9XSL6,swiss_tm_sample,standard,0.6024,0.45,0,drop sequons or use a prokaryotic host; reduce disulfides / skip eukaryotic folding; trim a long extramembrane loop,sequence resembles TargetTrack purified (given expression),1% w/v DDM,0.03% w/v DDM (IMAC/SEC),LMNG / DMNG / GDN,fos-choline and PEG as 'stability' detergents (Kotov); glucosides weaker on IMAC (Högbom),Lin/Kotov/Högbom first-line helical IMP extract (DDM)
Q6YNB6,swiss_tm_sample,standard,0.5827,0.05,0,drop sequons or use a prokaryotic host; reduce disulfides / skip eukaryotic folding; trim a long extramembrane loop,sequence resembles TargetTrack purified (given expression),1% w/v DDM,0.03% w/v DDM (IMAC/SEC),LMNG / DMNG / GDN,fos-choline and PEG as 'stability' detergents (Kotov); glucosides weaker on IMAC (Högbom),Lin/Kotov/Högbom first-line helical IMP extract (DDM)
Q9SX90,swiss_tm_sample,wrap_rescue,0.5206,0.75,1,reduce disulfides / skip eukaryotic folding; trim a long extramembrane loop,standard purify looks unlikely; termini/TM belt look WRAP-amenable,1% w/v DDM,0.03% w/v DDM (IMAC/SEC),LMNG / DMNG / GDN,fos-choline and PEG as 'stability' detergents (Kotov); glucosides weaker on IMAC (Högbom),Lin/Kotov/Högbom first-line helical IMP extract (DDM)
A6QQT9,swiss_tm_sample,redesign,0.4611,0.15,0,reduce disulfides / skip eukaryotic folding; trim a long extramembrane loop,reduce disulfides / skip eukaryotic folding; trim a long extramembrane loop,1% w/v DDM,0.03% w/v DDM (IMAC/SEC),LMNG / DMNG / GDN,fos-choline and PEG as 'stability' detergents (Kotov); glucosides weaker on IMAC (Högbom),Lin/Kotov/Högbom first-line helical IMP extract (DDM)
Q09461,swiss_tm_sample,standard,0.5939,0.15,0,reduce disulfides / skip eukaryotic folding; trim a long extramembrane loop,sequence resembles TargetTrack purified (given expression),1% w/v DDM,0.03% w/v DDM (IMAC/SEC),LMNG / DMNG / GDN,fos-choline and PEG as 'stability' detergents (Kotov); glucosides weaker on IMAC (Högbom),Lin/Kotov/Högbom first-line helical IMP extract (DDM)
P80470,swiss_tm_sample,deprioritize,0.4829,0.35,0,,"low purify score, not WRAP-amenable, no obvious construct lever",1% w/v DDM,0.03% w/v DDM (IMAC/SEC),LMNG / DMNG / GDN,fos-choline and PEG as 'stability' detergents (Kotov); glucosides weaker on IMAC (Högbom),Lin/Kotov/Högbom first-line helical IMP extract (DDM)
A1C8C2,swiss_tm_sample,redesign,0.4067,0.15,0,trim a long extramembrane loop,trim a long extramembrane loop,1% w/v DDM,0.03% w/v DDM (IMAC/SEC),LMNG / DMNG / GDN,fos-choline and PEG as 'stability' detergents (Kotov); glucosides weaker on IMAC (Högbom),Lin/Kotov/Högbom first-line helical IMP extract (DDM)
Q75A56,swiss_tm_sample,deprioritize,0.3498,0.35,0,,"low purify score, not WRAP-amenable, no obvious construct lever",1% w/v DDM,0.03% w/v DDM (IMAC/SEC),LMNG / DMNG / GDN,fos-choline and PEG as 'stability' detergents (Kotov); glucosides weaker on IMAC (Högbom),Lin/Kotov/Högbom first-line helical IMP extract (DDM)
O03893,swiss_tm_sample,deprioritize,0.5211,0.35,0,,"low purify score, not WRAP-amenable, no obvious construct lever",1% w/v DDM,0.03% w/v DDM (IMAC/SEC),LMNG / DMNG / GDN,fos-choline and PEG as 'stability' detergents (Kotov); glucosides weaker on IMAC (Högbom),Lin/Kotov/Högbom first-line helical IMP extract (DDM)
B0VM11,swiss_tm_sample,redesign,0.4985,0.35,0,trim a long extramembrane loop,trim a long extramembrane loop,1% w/v DDM,0.03% w/v DDM (IMAC/SEC),LMNG / DMNG / GDN,fos-choline and PEG as 'stability' detergents (Kotov); glucosides weaker on IMAC (Högbom),Lin/Kotov/Högbom first-line helical IMP extract (DDM)
P0CM50,swiss_tm_sample,standard,0.6447,0.45,0,drop sequons or use a prokaryotic host; reduce disulfides / skip eukaryotic folding; trim a long extramembrane loop,sequence resembles TargetTrack purified (given expression),1% w/v DDM,0.03% w/v DDM (IMAC/SEC),LMNG / DMNG / GDN,fos-choline and PEG as 'stability' detergents (Kotov); glucosides weaker on IMAC (Högbom),Lin/Kotov/Högbom first-line helical IMP extract (DDM)
Q7SCY7,swiss_tm_sample,standard,0.629,0.15,0,,sequence resembles TargetTrack purified (given expression),1% w/v DDM,0.03% w/v DDM (IMAC/SEC),LMNG / DMNG / GDN,fos-choline and PEG as 'stability' detergents (Kotov); glucosides weaker on IMAC (Högbom),Lin/Kotov/Högbom first-line helical IMP extract (DDM)
A0A1D8PN14,swiss_tm_sample,redesign,0.4806,0.35,0,trim a long extramembrane loop,trim a long extramembrane loop,1% w/v DDM,0.03% w/v DDM (IMAC/SEC),LMNG / DMNG / GDN,fos-choline and PEG as 'stability' detergents (Kotov); glucosides weaker on IMAC (Högbom),Lin/Kotov/Högbom first-line helical IMP extract (DDM)
O30141,swiss_tm_sample,deprioritize,0.5496,0.15,0,,"low purify score, not WRAP-amenable, no obvious construct lever",1% w/v DDM,0.03% w/v DDM (IMAC/SEC),LMNG / DMNG / GDN,fos-choline and PEG as 'stability' detergents (Kotov); glucosides weaker on IMAC (Högbom),Lin/Kotov/Högbom first-line helical IMP extract (DDM)
P59198,swiss_tm_sample,redesign,0.4273,0.15,0,trim a long extramembrane loop,trim a long extramembrane loop,1% w/v DDM,0.03% w/v DDM (IMAC/SEC),LMNG / DMNG / GDN,fos-choline and PEG as 'stability' detergents (Kotov); glucosides weaker on IMAC (Högbom),Lin/Kotov/Högbom first-line helical IMP extract (DDM)
Q5RAY9,swiss_tm_sample,deprioritize,0.5085,0.15,0,,"low purify score, not WRAP-amenable, no obvious construct lever",1% w/v DDM,0.03% w/v DDM (IMAC/SEC),LMNG / DMNG / GDN,fos-choline and PEG as 'stability' detergents (Kotov); glucosides weaker on IMAC (Högbom),Lin/Kotov/Högbom first-line helical IMP extract (DDM)
Q50EK4,swiss_tm_sample,redesign,0.4163,0.15,0,reduce disulfides / skip eukaryotic folding; trim a long extramembrane loop,reduce disulfides / skip eukaryotic folding; trim a long extramembrane loop,1% w/v DDM,0.03% w/v DDM (IMAC/SEC),LMNG / DMNG / GDN,fos-choline and PEG as 'stability' detergents (Kotov); glucosides weaker on IMAC (Högbom),Lin/Kotov/Högbom first-line helical IMP extract (DDM)
Q9CPM6,swiss_tm_sample,deprioritize,0.3299,0.15,0,,"low purify score, not WRAP-amenable, no obvious construct lever",1% w/v DDM,0.03% w/v DDM (IMAC/SEC),LMNG / DMNG / GDN,fos-choline and PEG as 'stability' detergents (Kotov); glucosides weaker on IMAC (Högbom),Lin/Kotov/Högbom first-line helical IMP extract (DDM)
Q9EQJ0,swiss_tm_sample,standard,0.6596,0.45,0,drop sequons or use a prokaryotic host; reduce disulfides / skip eukaryotic folding; trim a long extramembrane loop,sequence resembles TargetTrack purified (given expression),1% w/v DDM,0.03% w/v DDM (IMAC/SEC),LMNG / DMNG / GDN,fos-choline and PEG as 'stability' detergents (Kotov); glucosides weaker on IMAC (Högbom),Lin/Kotov/Högbom first-line helical IMP extract (DDM)
A5U175,swiss_tm_sample,deprioritize,0.4633,0.15,0,,"low purify score, not WRAP-amenable, no obvious construct lever",1% w/v DDM,0.03% w/v DDM (IMAC/SEC),LMNG / DMNG / GDN,fos-choline and PEG as 'stability' detergents (Kotov); glucosides weaker on IMAC (Högbom),Lin/Kotov/Högbom first-line helical IMP extract (DDM)
Q956Z6,swiss_tm_sample,standard,0.5552,0.35,0,trim a long extramembrane loop,sequence resembles TargetTrack purified (given expression),1% w/v DDM,0.03% w/v DDM (IMAC/SEC),LMNG / DMNG / GDN,fos-choline and PEG as 'stability' detergents (Kotov); glucosides weaker on IMAC (Högbom),Lin/Kotov/Högbom first-line helical IMP extract (DDM)
P68833,swiss_tm_sample,standard,0.5723,0.2,0,,sequence resembles TargetTrack purified (given expression),1% w/v DDM,0.03% w/v DDM (IMAC/SEC),LMNG / DMNG / GDN,fos-choline and PEG as 'stability' detergents (Kotov); glucosides weaker on IMAC (Högbom),Lin/Kotov/Högbom first-line helical IMP extract (DDM)
Q86SJ2,swiss_tm_sample,standard,0.6859,0.05,0,drop sequons or use a prokaryotic host; reduce disulfides / skip eukaryotic folding; trim a long extramembrane loop,sequence resembles TargetTrack purified (given expression),1% w/v DDM,0.03% w/v DDM (IMAC/SEC),LMNG / DMNG / GDN,fos-choline and PEG as 'stability' detergents (Kotov); glucosides weaker on IMAC (Högbom),Lin/Kotov/Högbom first-line helical IMP extract (DDM)
P57216,swiss_tm_sample,redesign,0.5396,0.35,0,trim a long extramembrane loop,trim a long extramembrane loop,1% w/v DDM,0.03% w/v DDM (IMAC/SEC),LMNG / DMNG / GDN,fos-choline and PEG as 'stability' detergents (Kotov); glucosides weaker on IMAC (Högbom),Lin/Kotov/Högbom first-line helical IMP extract (DDM)
A4TIM6,swiss_tm_sample,standard,0.6009,0.75,1,trim a long extramembrane loop,sequence resembles TargetTrack purified (given expression),1% w/v DDM,0.03% w/v DDM (IMAC/SEC),LMNG / DMNG / GDN,fos-choline and PEG as 'stability' detergents (Kotov); glucosides weaker on IMAC (Högbom),Lin/Kotov/Högbom first-line helical IMP extract (DDM)
A7XUX6,swiss_tm_sample,wrap_rescue,0.5277,0.55,1,reduce disulfides / skip eukaryotic folding; trim a long extramembrane loop,standard purify looks unlikely; termini/TM belt look WRAP-amenable,1% w/v DDM,0.03% w/v DDM (IMAC/SEC),LMNG / DMNG / GDN,fos-choline and PEG as 'stability' detergents (Kotov); glucosides weaker on IMAC (Högbom),Lin/Kotov/Högbom first-line helical IMP extract (DDM)
Q6UX27,swiss_tm_sample,deprioritize,0.436,0.15,0,,"low purify score, not WRAP-amenable, no obvious construct lever",1% w/v DDM,0.03% w/v DDM (IMAC/SEC),LMNG / DMNG / GDN,fos-choline and PEG as 'stability' detergents (Kotov); glucosides weaker on IMAC (Högbom),Lin/Kotov/Högbom first-line helical IMP extract (DDM)
Q5PHE0,swiss_tm_sample,deprioritize,0.4787,0.35,0,,"low purify score, not WRAP-amenable, no obvious construct lever",1% w/v DDM,0.03% w/v DDM (IMAC/SEC),LMNG / DMNG / GDN,fos-choline and PEG as 'stability' detergents (Kotov); glucosides weaker on IMAC (Högbom),Lin/Kotov/Högbom first-line helical IMP extract (DDM)
Q3SWT5,swiss_tm_sample,standard,0.5695,0.75,1,reduce disulfides / skip eukaryotic folding; trim a long extramembrane loop,sequence resembles TargetTrack purified (given expression),1% w/v DDM,0.03% w/v DDM (IMAC/SEC),LMNG / DMNG / GDN,fos-choline and PEG as 'stability' detergents (Kotov); glucosides weaker on IMAC (Högbom),Lin/Kotov/Högbom first-line helical IMP extract (DDM)
B4K835,swiss_tm_sample,standard,0.6292,0.05,0,drop sequons or use a prokaryotic host; trim a long extramembrane loop,sequence resembles TargetTrack purified (given expression),1% w/v DDM,0.03% w/v DDM (IMAC/SEC),LMNG / DMNG / GDN,fos-choline and PEG as 'stability' detergents (Kotov); glucosides weaker on IMAC (Högbom),Lin/Kotov/Högbom first-line helical IMP extract (DDM)
B5XZ41,swiss_tm_sample,redesign,0.5363,0.35,0,trim a long extramembrane loop,trim a long extramembrane loop,1% w/v DDM,0.03% w/v DDM (IMAC/SEC),LMNG / DMNG / GDN,fos-choline and PEG as 'stability' detergents (Kotov); glucosides weaker on IMAC (Högbom),Lin/Kotov/Högbom first-line helical IMP extract (DDM)
O35052,swiss_tm_sample,wrap_rescue,0.4413,0.55,1,reduce disulfides / skip eukaryotic folding; trim a long extramembrane loop,standard purify looks unlikely; termini/TM belt look WRAP-amenable,1% w/v DDM,0.03% w/v DDM (IMAC/SEC),LMNG / DMNG / GDN,fos-choline and PEG as 'stability' detergents (Kotov); glucosides weaker on IMAC (Högbom),Lin/Kotov/Högbom first-line helical IMP extract (DDM)
Q8IZT8,swiss_tm_sample,redesign,0.4287,0.05,0,drop sequons or use a prokaryotic host; trim a long extramembrane loop,drop sequons or use a prokaryotic host; trim a long extramembrane loop,1% w/v DDM,0.03% w/v DDM (IMAC/SEC),LMNG / DMNG / GDN,fos-choline and PEG as 'stability' detergents (Kotov); glucosides weaker on IMAC (Högbom),Lin/Kotov/Högbom first-line helical IMP extract (DDM)
Q5Y4Q6,swiss_tm_sample,deprioritize,0.4832,0.0,0,,"low purify score, not WRAP-amenable, no obvious construct lever",1% w/v DDM,0.03% w/v DDM (IMAC/SEC),LMNG / DMNG / GDN,fos-choline and PEG as 'stability' detergents (Kotov); glucosides weaker on IMAC (Högbom),Lin/Kotov/Högbom first-line helical IMP extract (DDM)
Q5R6U3,swiss_tm_sample,redesign,0.5393,0.15,0,reduce disulfides / skip eukaryotic folding; trim a long extramembrane loop,reduce disulfides / skip eukaryotic folding; trim a long extramembrane loop,1% w/v DDM,0.03% w/v DDM (IMAC/SEC),LMNG / DMNG / GDN,fos-choline and PEG as 'stability' detergents (Kotov); glucosides weaker on IMAC (Högbom),Lin/Kotov/Högbom first-line helical IMP extract (DDM)
P77172,swiss_tm_sample,standard,0.5885,0.05,0,drop sequons or use a prokaryotic host; reduce disulfides / skip eukaryotic folding; trim a long extramembrane loop,sequence resembles TargetTrack purified (given expression),1% w/v DDM,0.03% w/v DDM (IMAC/SEC),LMNG / DMNG / GDN,fos-choline and PEG as 'stability' detergents (Kotov); glucosides weaker on IMAC (Högbom),Lin/Kotov/Högbom first-line helical IMP extract (DDM)
P04997,swiss_tm_sample,redesign,0.5388,0.35,0,trim a long extramembrane loop,trim a long extramembrane loop,1% w/v DDM,0.03% w/v DDM (IMAC/SEC),LMNG / DMNG / GDN,fos-choline and PEG as 'stability' detergents (Kotov); glucosides weaker on IMAC (Högbom),Lin/Kotov/Högbom first-line helical IMP extract (DDM)
Q9M115,swiss_tm_sample,wrap_rescue,0.4998,0.55,1,reduce disulfides / skip eukaryotic folding; trim a long extramembrane loop,standard purify looks unlikely; termini/TM belt look WRAP-amenable,1% w/v DDM,0.03% w/v DDM (IMAC/SEC),LMNG / DMNG / GDN,fos-choline and PEG as 'stability' detergents (Kotov); glucosides weaker on IMAC (Högbom),Lin/Kotov/Högbom first-line helical IMP extract (DDM)
P16262,swiss_tm_sample,redesign,0.5355,0.35,0,trim a long extramembrane loop,trim a long extramembrane loop,1% w/v DDM,0.03% w/v DDM (IMAC/SEC),LMNG / DMNG / GDN,fos-choline and PEG as 'stability' detergents (Kotov); glucosides weaker on IMAC (Högbom),Lin/Kotov/Högbom first-line helical IMP extract (DDM)
Q9GT50,swiss_tm_sample,standard,0.7601,0.05,0,drop sequons or use a prokaryotic host; reduce disulfides / skip eukaryotic folding; trim a long extramembrane loop,sequence resembles TargetTrack purified (given expression),1% w/v DDM,0.03% w/v DDM (IMAC/SEC),LMNG / DMNG / GDN,fos-choline and PEG as 'stability' detergents (Kotov); glucosides weaker on IMAC (Högbom),Lin/Kotov/Högbom first-line helical IMP extract (DDM)
P59977,swiss_tm_sample,deprioritize,0.3658,0.15,0,,"low purify score, not WRAP-amenable, no obvious construct lever",1% w/v DDM,0.03% w/v DDM (IMAC/SEC),LMNG / DMNG / GDN,fos-choline and PEG as 'stability' detergents (Kotov); glucosides weaker on IMAC (Högbom),Lin/Kotov/Högbom first-line helical IMP extract (DDM)
A7P756,swiss_tm_sample,deprioritize,0.4942,0.35,0,,"low purify score, not WRAP-amenable, no obvious construct lever",1% w/v DDM,0.03% w/v DDM (IMAC/SEC),LMNG / DMNG / GDN,fos-choline and PEG as 'stability' detergents (Kotov); glucosides weaker on IMAC (Högbom),Lin/Kotov/Högbom first-line helical IMP extract (DDM)
O32332,swiss_tm_sample,deprioritize,0.4451,0.35,0,,"low purify score, not WRAP-amenable, no obvious construct lever",1% w/v DDM,0.03% w/v DDM (IMAC/SEC),LMNG / DMNG / GDN,fos-choline and PEG as 'stability' detergents (Kotov); glucosides weaker on IMAC (Högbom),Lin/Kotov/Högbom first-line helical IMP extract (DDM)
Q66J27,swiss_tm_sample,deprioritize,0.511,0.35,0,,"low purify score, not WRAP-amenable, no obvious construct lever",1% w/v DDM,0.03% w/v DDM (IMAC/SEC),LMNG / DMNG / GDN,fos-choline and PEG as 'stability' detergents (Kotov); glucosides weaker on IMAC (Högbom),Lin/Kotov/Högbom first-line helical IMP extract (DDM)
D0KZ79,swiss_tm_sample,wrap_rescue,0.5386,0.75,1,add a fusion-able N- or C-terminus,standard purify looks unlikely; termini/TM belt look WRAP-amenable,1% w/v DDM,0.03% w/v DDM (IMAC/SEC),LMNG / DMNG / GDN,fos-choline and PEG as 'stability' detergents (Kotov); glucosides weaker on IMAC (Högbom),Lin/Kotov/Högbom first-line helical IMP extract (DDM)
Q9SXF8,swiss_tm_sample,redesign,0.4546,0.35,0,trim a long extramembrane loop,trim a long extramembrane loop,1% w/v DDM,0.03% w/v DDM (IMAC/SEC),LMNG / DMNG / GDN,fos-choline and PEG as 'stability' detergents (Kotov); glucosides weaker on IMAC (Högbom),Lin/Kotov/Högbom first-line helical IMP extract (DDM)
Q9WV78,swiss_tm_sample,redesign,0.5368,0.45,0,drop sequons or use a prokaryotic host; reduce disulfides / skip eukaryotic folding; trim a long extramembrane loop,drop sequons or use a prokaryotic host; reduce disulfides / skip eukaryotic folding; trim a long extramembrane loop,1% w/v DDM,0.03% w/v DDM (IMAC/SEC),LMNG / DMNG / GDN,fos-choline and PEG as 'stability' detergents (Kotov); glucosides weaker on IMAC (Högbom),Lin/Kotov/Högbom first-line helical IMP extract (DDM)
Q1JQE6,swiss_tm_sample,standard,0.5797,0.15,0,trim a long extramembrane loop,sequence resembles TargetTrack purified (given expression),1% w/v DDM,0.03% w/v DDM (IMAC/SEC),LMNG / DMNG / GDN,fos-choline and PEG as 'stability' detergents (Kotov); glucosides weaker on IMAC (Högbom),Lin/Kotov/Högbom first-line helical IMP extract (DDM)
O79206,swiss_tm_sample,standard,0.5557,0.35,0,trim a long extramembrane loop,sequence resembles TargetTrack purified (given expression),1% w/v DDM,0.03% w/v DDM (IMAC/SEC),LMNG / DMNG / GDN,fos-choline and PEG as 'stability' detergents (Kotov); glucosides weaker on IMAC (Högbom),Lin/Kotov/Högbom first-line helical IMP extract (DDM)
B7NU06,swiss_tm_sample,standard,0.6263,0.75,1,,sequence resembles TargetTrack purified (given expression),1% w/v DDM,0.03% w/v DDM (IMAC/SEC),LMNG / DMNG / GDN,fos-choline and PEG as 'stability' detergents (Kotov); glucosides weaker on IMAC (Högbom),Lin/Kotov/Högbom first-line helical IMP extract (DDM)
P9WFN6,swiss_tm_sample,standard,0.6696,0.35,0,,sequence resembles TargetTrack purified (given expression),1% w/v DDM,0.03% w/v DDM (IMAC/SEC),LMNG / DMNG / GDN,fos-choline and PEG as 'stability' detergents (Kotov); glucosides weaker on IMAC (Högbom),Lin/Kotov/Högbom first-line helical IMP extract (DDM)
Q47JC1,swiss_tm_sample,redesign,0.3215,0.35,0,trim a long extramembrane loop,trim a long extramembrane loop,1% w/v DDM,0.03% w/v DDM (IMAC/SEC),LMNG / DMNG / GDN,fos-choline and PEG as 'stability' detergents (Kotov); glucosides weaker on IMAC (Högbom),Lin/Kotov/Högbom first-line helical IMP extract (DDM)
Q82PI3,swiss_tm_sample,redesign,0.4853,0.35,0,trim a long extramembrane loop,trim a long extramembrane loop,1% w/v DDM,0.03% w/v DDM (IMAC/SEC),LMNG / DMNG / GDN,fos-choline and PEG as 'stability' detergents (Kotov); glucosides weaker on IMAC (Högbom),Lin/Kotov/Högbom first-line helical IMP extract (DDM)
P61804,swiss_tm_sample,deprioritize,0.4141,0.35,0,,"low purify score, not WRAP-amenable, no obvious construct lever",1% w/v DDM,0.03% w/v DDM (IMAC/SEC),LMNG / DMNG / GDN,fos-choline and PEG as 'stability' detergents (Kotov); glucosides weaker on IMAC (Högbom),Lin/Kotov/Högbom first-line helical IMP extract (DDM)
Q8ZBP5,swiss_tm_sample,deprioritize,0.4071,0.15,0,,"low purify score, not WRAP-amenable, no obvious construct lever",1% w/v DDM,0.03% w/v DDM (IMAC/SEC),LMNG / DMNG / GDN,fos-choline and PEG as 'stability' detergents (Kotov); glucosides weaker on IMAC (Högbom),Lin/Kotov/Högbom first-line helical IMP extract (DDM)
Q2FJ14,swiss_tm_sample,deprioritize,0.3376,0.35,0,,"low purify score, not WRAP-amenable, no obvious construct lever",1% w/v DDM,0.03% w/v DDM (IMAC/SEC),LMNG / DMNG / GDN,fos-choline and PEG as 'stability' detergents (Kotov); glucosides weaker on IMAC (Högbom),Lin/Kotov/Högbom first-line helical IMP extract (DDM)
Q8N1S5,swiss_tm_sample,redesign,0.2942,0.35,0,trim a long extramembrane loop,trim a long extramembrane loop,1% w/v DDM,0.03% w/v DDM (IMAC/SEC),LMNG / DMNG / GDN,fos-choline and PEG as 'stability' detergents (Kotov); glucosides weaker on IMAC (Högbom),Lin/Kotov/Högbom first-line helical IMP extract (DDM)
Q5N8J1,swiss_tm_sample,deprioritize,0.4167,0.35,0,,"low purify score, not WRAP-amenable, no obvious construct lever",1% w/v DDM,0.03% w/v DDM (IMAC/SEC),LMNG / DMNG / GDN,fos-choline and PEG as 'stability' detergents (Kotov); glucosides weaker on IMAC (Högbom),Lin/Kotov/Högbom first-line helical IMP extract (DDM)
O94956,swiss_tm_sample,wrap_rescue,0.4829,0.65,1,drop sequons or use a prokaryotic host; reduce disulfides / skip eukaryotic folding; trim a long extramembrane loop,standard purify looks unlikely; termini/TM belt look WRAP-amenable,1% w/v DDM,0.03% w/v DDM (IMAC/SEC),LMNG / DMNG / GDN,fos-choline and PEG as 'stability' detergents (Kotov); glucosides weaker on IMAC (Högbom),Lin/Kotov/Högbom first-line helical IMP extract (DDM)
O86220,swiss_tm_sample,deprioritize,0.3767,0.8,0,,"low purify score, not WRAP-amenable, no obvious construct lever",1% w/v DDM,0.03% w/v DDM (IMAC/SEC),LMNG / DMNG / GDN,fos-choline and PEG as 'stability' detergents (Kotov); glucosides weaker on IMAC (Högbom),Lin/Kotov/Högbom first-line helical IMP extract (DDM)
Q7MUS4,swiss_tm_sample,redesign,0.5077,0.35,0,trim a long extramembrane loop,trim a long extramembrane loop,1% w/v DDM,0.03% w/v DDM (IMAC/SEC),LMNG / DMNG / GDN,fos-choline and PEG as 'stability' detergents (Kotov); glucosides weaker on IMAC (Högbom),Lin/Kotov/Högbom first-line helical IMP extract (DDM)
B7UWJ4,swiss_tm_sample,standard,0.5717,0.75,1,,sequence resembles TargetTrack purified (given expression),1% w/v DDM,0.03% w/v DDM (IMAC/SEC),LMNG / DMNG / GDN,fos-choline and PEG as 'stability' detergents (Kotov); glucosides weaker on IMAC (Högbom),Lin/Kotov/Högbom first-line helical IMP extract (DDM)
Q9X5X3,swiss_tm_sample,wrap_rescue,0.5471,0.75,1,trim a long extramembrane loop,standard purify looks unlikely; termini/TM belt look WRAP-amenable,1% w/v DDM,0.03% w/v DDM (IMAC/SEC),LMNG / DMNG / GDN,fos-choline and PEG as 'stability' detergents (Kotov); glucosides weaker on IMAC (Högbom),Lin/Kotov/Högbom first-line helical IMP extract (DDM)
P31738,swiss_tm_sample,deprioritize,0.453,0.15,0,,"low purify score, not WRAP-amenable, no obvious construct lever",1% w/v DDM,0.03% w/v DDM (IMAC/SEC),LMNG / DMNG / GDN,fos-choline and PEG as 'stability' detergents (Kotov); glucosides weaker on IMAC (Högbom),Lin/Kotov/Högbom first-line helical IMP extract (DDM)
Q6GE74,swiss_tm_sample,standard,0.62,0.65,1,drop sequons or use a prokaryotic host,sequence resembles TargetTrack purified (given expression),1% w/v DDM,0.03% w/v DDM (IMAC/SEC),LMNG / DMNG / GDN,fos-choline and PEG as 'stability' detergents (Kotov); glucosides weaker on IMAC (Högbom),Lin/Kotov/Högbom first-line helical IMP extract (DDM)
P48439,swiss_tm_sample,redesign,0.4752,0.35,0,trim a long extramembrane loop,trim a long extramembrane loop,1% w/v DDM,0.03% w/v DDM (IMAC/SEC),LMNG / DMNG / GDN,fos-choline and PEG as 'stability' detergents (Kotov); glucosides weaker on IMAC (Högbom),Lin/Kotov/Högbom first-line helical IMP extract (DDM)
O43081,swiss_tm_sample,redesign,0.4877,0.35,0,trim a long extramembrane loop,trim a long extramembrane loop,1% w/v DDM,0.03% w/v DDM (IMAC/SEC),LMNG / DMNG / GDN,fos-choline and PEG as 'stability' detergents (Kotov); glucosides weaker on IMAC (Högbom),Lin/Kotov/Högbom first-line helical IMP extract (DDM)
Q9K1B0,swiss_tm_sample,standard,0.5581,0.35,0,trim a long extramembrane loop,sequence resembles TargetTrack purified (given expression),1% w/v DDM,0.03% w/v DDM (IMAC/SEC),LMNG / DMNG / GDN,fos-choline and PEG as 'stability' detergents (Kotov); glucosides weaker on IMAC (Högbom),Lin/Kotov/Högbom first-line helical IMP extract (DDM)
Q6BH65,swiss_tm_sample,redesign,0.4853,0.15,0,trim a long extramembrane loop,trim a long extramembrane loop,1% w/v DDM,0.03% w/v DDM (IMAC/SEC),LMNG / DMNG / GDN,fos-choline and PEG as 'stability' detergents (Kotov); glucosides weaker on IMAC (Högbom),Lin/Kotov/Högbom first-line helical IMP extract (DDM)
P23299,swiss_tm_sample,deprioritize,0.3703,0.15,0,,"low purify score, not WRAP-amenable, no obvious construct lever",1% w/v DDM,0.03% w/v DDM (IMAC/SEC),LMNG / DMNG / GDN,fos-choline and PEG as 'stability' detergents (Kotov); glucosides weaker on IMAC (Högbom),Lin/Kotov/Högbom first-line helical IMP extract (DDM)
Q8P993,swiss_tm_sample,wrap_rescue,0.4134,0.55,1,add a fusion-able N- or C-terminus; trim a long extramembrane loop,standard purify looks unlikely; termini/TM belt look WRAP-amenable,1% w/v DDM,0.03% w/v DDM (IMAC/SEC),LMNG / DMNG / GDN,fos-choline and PEG as 'stability' detergents (Kotov); glucosides weaker on IMAC (Högbom),Lin/Kotov/Högbom first-line helical IMP extract (DDM)
Q9FJD6,swiss_tm_sample,redesign,0.4642,0.15,0,reduce disulfides / skip eukaryotic folding; trim a long extramembrane loop,reduce disulfides / skip eukaryotic folding; trim a long extramembrane loop,1% w/v DDM,0.03% w/v DDM (IMAC/SEC),LMNG / DMNG / GDN,fos-choline and PEG as 'stability' detergents (Kotov); glucosides weaker on IMAC (Högbom),Lin/Kotov/Högbom first-line helical IMP extract (DDM)
P24412,swiss_tm_sample,standard,0.634,0.35,0,reduce disulfides / skip eukaryotic folding; trim a long extramembrane loop,sequence resembles TargetTrack purified (given expression),1% w/v DDM,0.03% w/v DDM (IMAC/SEC),LMNG / DMNG / GDN,fos-choline and PEG as 'stability' detergents (Kotov); glucosides weaker on IMAC (Högbom),Lin/Kotov/Högbom first-line helical IMP extract (DDM)
B8GNZ8,swiss_tm_sample,wrap_rescue,0.4495,0.75,1,,standard purify looks unlikely; termini/TM belt look WRAP-amenable,1% w/v DDM,0.03% w/v DDM (IMAC/SEC),LMNG / DMNG / GDN,fos-choline and PEG as 'stability' detergents (Kotov); glucosides weaker on IMAC (Högbom),Lin/Kotov/Högbom first-line helical IMP extract (DDM)
Q0SXC4,swiss_tm_sample,wrap_rescue,0.5035,0.75,1,add a fusion-able N- or C-terminus,standard purify looks unlikely; termini/TM belt look WRAP-amenable,1% w/v DDM,0.03% w/v DDM (IMAC/SEC),LMNG / DMNG / GDN,fos-choline and PEG as 'stability' detergents (Kotov); glucosides weaker on IMAC (Högbom),Lin/Kotov/Högbom first-line helical IMP extract (DDM)
P21559,swiss_tm_sample,redesign,0.5016,0.15,0,trim a long extramembrane loop,trim a long extramembrane loop,1% w/v DDM,0.03% w/v DDM (IMAC/SEC),LMNG / DMNG / GDN,fos-choline and PEG as 'stability' detergents (Kotov); glucosides weaker on IMAC (Högbom),Lin/Kotov/Högbom first-line helical IMP extract (DDM)
Q89KZ8,swiss_tm_sample,deprioritize,0.4066,0.15,0,,"low purify score, not WRAP-amenable, no obvious construct lever",1% w/v DDM,0.03% w/v DDM (IMAC/SEC),LMNG / DMNG / GDN,fos-choline and PEG as 'stability' detergents (Kotov); glucosides weaker on IMAC (Högbom),Lin/Kotov/Högbom first-line helical IMP extract (DDM)
L0E4F8,swiss_tm_sample,redesign,0.5033,0.15,0,trim a long extramembrane loop,trim a long extramembrane loop,1% w/v DDM,0.03% w/v DDM (IMAC/SEC),LMNG / DMNG / GDN,fos-choline and PEG as 'stability' detergents (Kotov); glucosides weaker on IMAC (Högbom),Lin/Kotov/Högbom first-line helical IMP extract (DDM)
P9WPD6,swiss_tm_sample,standard,0.644,0.75,1,add a fusion-able N- or C-terminus,sequence resembles TargetTrack purified (given expression),1% w/v DDM,0.03% w/v DDM (IMAC/SEC),LMNG / DMNG / GDN,fos-choline and PEG as 'stability' detergents (Kotov); glucosides weaker on IMAC (Högbom),Lin/Kotov/Högbom first-line helical IMP extract (DDM)
Q00102,swiss_tm_sample,wrap_rescue,0.3692,0.75,1,,standard purify looks unlikely; termini/TM belt look WRAP-amenable,1% w/v DDM,0.03% w/v DDM (IMAC/SEC),LMNG / DMNG / GDN,fos-choline and PEG as 'stability' detergents (Kotov); glucosides weaker on IMAC (Högbom),Lin/Kotov/Högbom first-line helical IMP extract (DDM)
P0AGM8,swiss_tm_sample,wrap_rescue,0.4442,0.95,1,,standard purify looks unlikely; termini/TM belt look WRAP-amenable,1% w/v DDM,0.03% w/v DDM (IMAC/SEC),LMNG / DMNG / GDN,fos-choline and PEG as 'stability' detergents (Kotov); glucosides weaker on IMAC (Högbom),Lin/Kotov/Högbom first-line helical IMP extract (DDM)
Q8HZN9,swiss_tm_sample,standard,0.6432,0.35,0,reduce disulfides / skip eukaryotic folding; trim a long extramembrane loop,sequence resembles TargetTrack purified (given expression),1% w/v DDM,0.03% w/v DDM (IMAC/SEC),LMNG / DMNG / GDN,fos-choline and PEG as 'stability' detergents (Kotov); glucosides weaker on IMAC (Högbom),Lin/Kotov/Högbom first-line helical IMP extract (DDM)
Q95123,swiss_tm_sample,standard,0.5872,0.35,0,,sequence resembles TargetTrack purified (given expression),1% w/v DDM,0.03% w/v DDM (IMAC/SEC),LMNG / DMNG / GDN,fos-choline and PEG as 'stability' detergents (Kotov); glucosides weaker on IMAC (Högbom),Lin/Kotov/Högbom first-line helical IMP extract (DDM)
P0ABT9,swiss_tm_sample,redesign,0.4915,0.35,0,trim a long extramembrane loop,trim a long extramembrane loop,1% w/v DDM,0.03% w/v DDM (IMAC/SEC),LMNG / DMNG / GDN,fos-choline and PEG as 'stability' detergents (Kotov); glucosides weaker on IMAC (Högbom),Lin/Kotov/Högbom first-line helical IMP extract (DDM)
B9RQG7,swiss_tm_sample,standard,0.6136,0.35,0,,sequence resembles TargetTrack purified (given expression),1% w/v DDM,0.03% w/v DDM (IMAC/SEC),LMNG / DMNG / GDN,fos-choline and PEG as 'stability' detergents (Kotov); glucosides weaker on IMAC (Högbom),Lin/Kotov/Högbom first-line helical IMP extract (DDM)
Q3IDN2,swiss_tm_sample,redesign,0.3053,0.35,0,trim a long extramembrane loop,trim a long extramembrane loop,1% w/v DDM,0.03% w/v DDM (IMAC/SEC),LMNG / DMNG / GDN,fos-choline and PEG as 'stability' detergents (Kotov); glucosides weaker on IMAC (Högbom),Lin/Kotov/Högbom first-line helical IMP extract (DDM)
B6HDM7,swiss_tm_sample,redesign,0.3408,0.15,0,trim a long extramembrane loop,trim a long extramembrane loop,1% w/v DDM,0.03% w/v DDM (IMAC/SEC),LMNG / DMNG / GDN,fos-choline and PEG as 'stability' detergents (Kotov); glucosides weaker on IMAC (Högbom),Lin/Kotov/Högbom first-line helical IMP extract (DDM)
Q20FQ1,swiss_tm_sample,standard,0.5666,0.35,0,trim a long extramembrane loop,sequence resembles TargetTrack purified (given expression),1% w/v DDM,0.03% w/v DDM (IMAC/SEC),LMNG / DMNG / GDN,fos-choline and PEG as 'stability' detergents (Kotov); glucosides weaker on IMAC (Högbom),Lin/Kotov/Högbom first-line helical IMP extract (DDM)
Q8Z1Z8,swiss_tm_sample,redesign,0.516,0.35,0,trim a long extramembrane loop,trim a long extramembrane loop,1% w/v DDM,0.03% w/v DDM (IMAC/SEC),LMNG / DMNG / GDN,fos-choline and PEG as 'stability' detergents (Kotov); glucosides weaker on IMAC (Högbom),Lin/Kotov/Högbom first-line helical IMP extract (DDM)
A5F382,swiss_tm_sample,standard,0.5888,0.25,0,drop sequons or use a prokaryotic host; trim a long extramembrane loop,sequence resembles TargetTrack purified (given expression),1% w/v DDM,0.03% w/v DDM (IMAC/SEC),LMNG / DMNG / GDN,fos-choline and PEG as 'stability' detergents (Kotov); glucosides weaker on IMAC (Högbom),Lin/Kotov/Högbom first-line helical IMP extract (DDM)
Q8A8H2,swiss_tm_sample,deprioritize,0.4173,0.15,0,,"low purify score, not WRAP-amenable, no obvious construct lever",1% w/v DDM,0.03% w/v DDM (IMAC/SEC),LMNG / DMNG / GDN,fos-choline and PEG as 'stability' detergents (Kotov); glucosides weaker on IMAC (Högbom),Lin/Kotov/Högbom first-line helical IMP extract (DDM)
Q4AAW1,swiss_tm_sample,deprioritize,0.3307,0.15,0,,"low purify score, not WRAP-amenable, no obvious construct lever",1% w/v DDM,0.03% w/v DDM (IMAC/SEC),LMNG / DMNG / GDN,fos-choline and PEG as 'stability' detergents (Kotov); glucosides weaker on IMAC (Högbom),Lin/Kotov/Högbom first-line helical IMP extract (DDM)
Q67X40,swiss_tm_sample,wrap_rescue,0.5226,0.75,1,,standard purify looks unlikely; termini/TM belt look WRAP-amenable,1% w/v DDM,0.03% w/v DDM (IMAC/SEC),LMNG / DMNG / GDN,fos-choline and PEG as 'stability' detergents (Kotov); glucosides weaker on IMAC (Högbom),Lin/Kotov/Högbom first-line helical IMP extract (DDM)
A5GWI2,swiss_tm_sample,deprioritize,0.4644,0.2,0,,"low purify score, not WRAP-amenable, no obvious construct lever",1% w/v DDM,0.03% w/v DDM (IMAC/SEC),LMNG / DMNG / GDN,fos-choline and PEG as 'stability' detergents (Kotov); glucosides weaker on IMAC (Högbom),Lin/Kotov/Högbom first-line helical IMP extract (DDM)
Q16538,swiss_tm_sample,wrap_rescue,0.399,0.55,1,reduce disulfides / skip eukaryotic folding; trim a long extramembrane loop,standard purify looks unlikely; termini/TM belt look WRAP-amenable,1% w/v DDM,0.03% w/v DDM (IMAC/SEC),LMNG / DMNG / GDN,fos-choline and PEG as 'stability' detergents (Kotov); glucosides weaker on IMAC (Högbom),Lin/Kotov/Högbom first-line helical IMP extract (DDM)
A4VLU8,swiss_tm_sample,deprioritize,0.4239,0.35,0,,"low purify score, not WRAP-amenable, no obvious construct lever",1% w/v DDM,0.03% w/v DDM (IMAC/SEC),LMNG / DMNG / GDN,fos-choline and PEG as 'stability' detergents (Kotov); glucosides weaker on IMAC (Högbom),Lin/Kotov/Högbom first-line helical IMP extract (DDM)
Q0BW71,swiss_tm_sample,wrap_rescue,0.4594,0.75,1,add a fusion-able N- or C-terminus,standard purify looks unlikely; termini/TM belt look WRAP-amenable,1% w/v DDM,0.03% w/v DDM (IMAC/SEC),LMNG / DMNG / GDN,fos-choline and PEG as 'stability' detergents (Kotov); glucosides weaker on IMAC (Högbom),Lin/Kotov/Högbom first-line helical IMP extract (DDM)
B7MY49,swiss_tm_sample,standard,0.5822,0.75,1,add a fusion-able N- or C-terminus; trim a long extramembrane loop,sequence resembles TargetTrack purified (given expression),1% w/v DDM,0.03% w/v DDM (IMAC/SEC),LMNG / DMNG / GDN,fos-choline and PEG as 'stability' detergents (Kotov); glucosides weaker on IMAC (Högbom),Lin/Kotov/Högbom first-line helical IMP extract (DDM)
I1RFN8,swiss_tm_sample,standard,0.6584,0.05,0,drop sequons or use a prokaryotic host; reduce disulfides / skip eukaryotic folding; trim a long extramembrane loop,sequence resembles TargetTrack purified (given expression),1% w/v DDM,0.03% w/v DDM (IMAC/SEC),LMNG / DMNG / GDN,fos-choline and PEG as 'stability' detergents (Kotov); glucosides weaker on IMAC (Högbom),Lin/Kotov/Högbom first-line helical IMP extract (DDM)
Q8NGN5,swiss_tm_sample,standard,0.656,0.75,1,reduce disulfides / skip eukaryotic folding; add a fusion-able N- or C-terminus,sequence resembles TargetTrack purified (given expression),1% w/v DDM,0.03% w/v DDM (IMAC/SEC),LMNG / DMNG / GDN,fos-choline and PEG as 'stability' detergents (Kotov); glucosides weaker on IMAC (Högbom),Lin/Kotov/Högbom first-line helical IMP extract (DDM)
Q6TAC8,swiss_tm_sample,standard,0.6276,0.45,0,drop sequons or use a prokaryotic host; reduce disulfides / skip eukaryotic folding; trim a long extramembrane loop,sequence resembles TargetTrack purified (given expression),1% w/v DDM,0.03% w/v DDM (IMAC/SEC),LMNG / DMNG / GDN,fos-choline and PEG as 'stability' detergents (Kotov); glucosides weaker on IMAC (Högbom),Lin/Kotov/Högbom first-line helical IMP extract (DDM)
Q2MHH0,swiss_tm_sample,wrap_rescue,0.409,0.55,1,,standard purify looks unlikely; termini/TM belt look WRAP-amenable,1% w/v DDM,0.03% w/v DDM (IMAC/SEC),LMNG / DMNG / GDN,fos-choline and PEG as 'stability' detergents (Kotov); glucosides weaker on IMAC (Högbom),Lin/Kotov/Högbom first-line helical IMP extract (DDM)
Q9PRA3,swiss_tm_sample,deprioritize,0.5094,0.35,0,,"low purify score, not WRAP-amenable, no obvious construct lever",1% w/v DDM,0.03% w/v DDM (IMAC/SEC),LMNG / DMNG / GDN,fos-choline and PEG as 'stability' detergents (Kotov); glucosides weaker on IMAC (Högbom),Lin/Kotov/Högbom first-line helical IMP extract (DDM)
P0DW88,swiss_tm_sample,standard,0.5612,0.35,0,,sequence resembles TargetTrack purified (given expression),1% w/v DDM,0.03% w/v DDM (IMAC/SEC),LMNG / DMNG / GDN,fos-choline and PEG as 'stability' detergents (Kotov); glucosides weaker on IMAC (Högbom),Lin/Kotov/Högbom first-line helical IMP extract (DDM)
Q64YU7,swiss_tm_sample,deprioritize,0.4489,0.15,0,,"low purify score, not WRAP-amenable, no obvious construct lever",1% w/v DDM,0.03% w/v DDM (IMAC/SEC),LMNG / DMNG / GDN,fos-choline and PEG as 'stability' detergents (Kotov); glucosides weaker on IMAC (Högbom),Lin/Kotov/Högbom first-line helical IMP extract (DDM)
